date,open,high,low,close,volume
2021-01-01,37.22033,38.85798,37.04998,37.38901,459165743
2021-01-02,37.45,38.738,36.88389,38.27188,521965394
2021-01-03,38.34339,41.53587,36.89705,41.29024,758008613
2021-01-04,41.43547,43.1923,38.20828,40.95,807877171
2021-01-05,40.95,41.7,38.83558,41.7,644270927
2021-01-06,41.8,42.2,40.5471,42.2,641021601
2021-01-07,42.23098,44.44,41.30001,43.55916,829964770
2021-01-08,43.4319,43.48785,40.7,42.38844,650561500
2021-01-09,42.39601,43.995,41.63443,43.98995,590039660
2021-01-10,44.08971,45.0297,40.08743,42.56191,701488832
2021-01-11,42.11223,42.11223,35.02719,38.26031,890728694
2021-01-12,37.80689,39.90766,37.06696,38.24186,567249584
2021-01-13,37.5,40.3612,37.39974,40.15788,542384725
2021-01-14,40.4,41.86929,39.75,41.78266,534108764
2021-01-15,41.80249,42.35065,38.95355,41.14401,562019413
2021-01-16,41.18463,44.0,40.8087,43.24308,604218252
2021-01-17,42.91067,46.67401,41.11568,45.615,664875513
2021-01-18,45.87835,46.8511,44.13759,44.94841,586905636
2021-01-19,45.31118,47.1,41.74851,42.63926,750638729
2021-01-20,42.38695,42.60317,40.20797,42.48524,684094133
2021-01-21,42.52987,42.52987,38.14319,38.87,621983627
2021-01-22,38.5,41.44752,36.9674,40.87,561072899
2021-01-23,40.5,41.86999,39.52944,40.87,468609053
2021-01-24,40.64965,42.12508,40.4162,41.1751,450486066
2021-01-25,41.87,43.21414,40.58631,41.36273,507172505
2021-01-26,41.57059,42.41265,39.92632,41.6,546536514
2021-01-27,41.52252,41.98159,39.65095,41.05332,519618043
2021-01-28,40.75811,43.0088,40.5,42.5,533847527
2021-01-29,42.76699,43.97548,41.81582,42.78057,651771603
2021-01-30,43.0427,45.04492,42.61821,44.953,533768579
2021-01-31,45.1,45.76157,43.27825,44.35898,512545443
2021-02-01,43.68337,52.3,43.68337,51.5,1256933735
2021-02-02,51.2551,52.9,49.26725,51.09647,1006694242
2021-02-03,51.70144,52.67603,49.862,52.23096,714000888
2021-02-04,52.67604,57.0,51.47746,55.97463,940905214
2021-02-05,56.40061,68.6,56.17228,67.71734,1431595319
2021-02-06,67.56696,75.49459,61.84034,72.60427,2114553792
2021-02-07,73.02403,74.58363,64.44571,68.58168,1493688265
2021-02-08,68.82195,79.82369,68.00701,79.82369,2133574291
2021-02-09,79.9,115.76843,78.28558,107.44967,4425849540
2021-02-10,107.77702,148.3753,107.77702,128.63765,7000323240
2021-02-11,129.17501,132.57462,117.99266,123.72223,2809765027
2021-02-12,123.36462,141.16436,121.43328,136.22171,2981627650
2021-02-13,136.95025,138.44,125.19,133.09166,2116751635
2021-02-14,133.7276,138.96051,128.56615,136.08562,2312597445
2021-02-15,135.79134,139.04134,118.59334,129.73549,2414986848
2021-02-16,129.1958,133.14987,126.28278,130.01665,1925775294
2021-02-17,130.29842,175.36096,126.9381,164.76166,5236224271
2021-02-18,166.4084,199.82906,163.0,196.40412,6110987389
2021-02-19,195.12584,348.00394,195.12584,333.00136,17982945189
2021-02-20,333.42888,334.62768,224.06457,254.0,9680520706
2021-02-21,255.0,309.0,250.0,294.82535,8505963719
2021-02-22,295.21406,295.21406,221.60319,267.16694,7885768925
2021-02-23,267.76754,269.0,186.06046,231.71171,8280752930
2021-02-24,231.19602,280.6844,213.75987,254.57304,7154121651
2021-02-25,253.68612,265.49327,231.47602,234.86768,4059853073
2021-02-26,232.70536,239.18656,209.20505,221.56359,4167145958
2021-02-27,220.98683,237.47698,219.59568,226.17561,2755271254
2021-02-28,223.03053,228.82947,195.07435,208.26014,3129699003
2021-03-01,212.70464,259.58667,210.50142,254.70146,5008256561
2021-03-02,255.0,264.5,227.63836,239.41974,5882262804
2021-03-03,238.56975,254.59486,236.78948,240.56376,5827707431
2021-03-04,240.099,249.26201,225.88509,230.45346,5580339595
2021-03-05,225.88344,231.21968,215.99282,226.42565,4969642573
2021-03-06,225.59936,232.1617,219.46076,226.19055,4489684331
2021-03-07,226.81304,243.82193,225.27874,240.80322,5081569247
2021-03-08,241.02606,242.39187,228.98784,240.07061,5016770824
2021-03-09,240.07061,296.89802,235.99884,293.15473,8676266998
2021-03-10,294.81883,295.52596,265.85733,279.0,4544623650
2021-03-11,279.16807,315.0,272.9253,289.85968,4676132222
2021-03-12,289.81917,290.09898,248.70137,263.87,3960814749
2021-03-13,262.92826,283.78142,255.62065,276.53303,2903774859
2021-03-14,276.01,276.25698,263.48032,263.48032,2044273970
2021-03-15,263.42106,266.94914,249.00002,253.9593,2488528410
2021-03-16,255.0,259.48537,240.6874,258.00688,2425543830
2021-03-17,258.38128,271.0,248.82414,269.85342,2271426252
2021-03-18,269.36895,277.16347,257.07883,261.27805,2445995134
2021-03-19,261.79497,268.7951,255.18476,263.1607,1873443830
2021-03-20,262.7639,274.39268,261.47054,264.46385,2004752539
2021-03-21,263.17453,267.30362,257.15,264.4,1718563711
2021-03-22,265.0,276.93052,253.1758,254.90651,2323911466
2021-03-23,254.44818,262.72434,252.03528,255.86798,2010488139
2021-03-24,256.6012,268.28207,240.86968,248.89067,2385752951
2021-03-25,248.82256,249.99998,225.63265,234.09104,2314734091
2021-03-26,234.11272,254.50953,233.79185,254.5,2099285452
2021-03-27,255.0,275.72228,250.0,268.99364,2457659540
2021-03-28,269.64127,281.22231,261.05347,269.0,2527142069
2021-03-29,268.21036,277.95511,265.0,275.62508,2067448661
2021-03-30,274.90322,311.30045,271.63847,311.07931,4039620710
2021-03-31,310.67171,316.08432,286.05481,301.83937,3545493416
2021-04-01,302.6988,337.58108,300.57359,333.28605,3718677616
2021-04-02,333.63626,356.42385,325.76673,331.96718,3950524039
2021-04-03,332.033,349.00985,315.95479,320.67631,2953164849
2021-04-04,320.67631,352.04225,316.34687,349.57044,3200674446
2021-04-05,349.1093,379.68296,336.02392,367.82278,4073047973
2021-04-06,367.98158,411.39712,364.35445,403.66261,5277448222
2021-04-07,402.92556,413.71343,356.36424,373.50858,5976362849
2021-04-08,375.38639,421.26345,371.37507,418.00891,4550316562
2021-04-09,418.80523,453.53243,405.01979,453.53243,4701175013
2021-04-10,454.11103,487.0,449.97546,470.50888,6160670397
2021-04-11,471.164,528.71083,457.72123,525.72004,5697422904
2021-04-12,525.97322,637.69928,515.79337,597.00002,14436315725
2021-04-13,597.0,602.37671,530.0,551.97891,9433830832
2021-04-14,550.92098,589.83441,525.05403,547.52108,7452346448
2021-04-15,548.36373,555.86188,533.6819,542.0861,4608061831
2021-04-16,540.80353,546.58214,490.26522,508.69494,6886285728
2021-04-17,508.25083,546.97872,505.54468,514.06157,5195399091
2021-04-18,514.84361,518.47746,428.69255,480.85118,6711806048
2021-04-19,480.94734,539.0,468.45675,505.22761,7141301320
2021-04-20,507.09102,589.1,472.96134,586.37935,9330924061
2021-04-21,586.04045,612.87096,536.47249,543.40686,8456300946
2021-04-22,544.47055,581.88483,480.11332,505.53079,8342960849
2021-04-23,505.00603,529.96251,449.13612,526.48872,8893557870
2021-04-24,526.70323,528.0,482.9707,497.16053,4070234640
2021-04-25,497.08117,517.91779,478.58134,505.10222,3419309603
2021-04-26,504.85226,548.6044,501.93994,534.22127,4072866875
2021-04-27,534.20728,578.52061,523.58633,566.01754,4050720272
2021-04-28,568.68119,578.91963,539.24237,562.66179,3648784689
2021-04-29,563.4666,614.93735,554.78858,599.26086,6585918998
2021-04-30,599.80419,628.10727,586.42018,622.38984,5741358048
2021-05-01,622.4512,644.0,609.76497,618.91171,4065705136
2021-05-02,619.15068,628.73406,595.80319,621.64861,3765184551
2021-05-03,621.51389,679.15212,621.51389,676.05589,5274868721
2021-05-04,676.69579,677.33353,604.66203,610.79276,5728175230
2021-05-05,609.08483,656.62163,605.14059,651.36004,4248449283
2021-05-06,651.31214,653.61267,620.35962,632.98949,3975000211
2021-05-07,630.60476,644.1756,611.67856,624.1288,3658116306
2021-05-08,624.49776,657.77777,618.15154,646.58674,3910931715
2021-05-09,646.48322,678.49505,631.11815,662.00736,4321052943
2021-05-10,662.1153,692.08658,591.53392,631.28411,5157435389
2021-05-11,630.60476,672.88807,621.43759,672.14446,4865455319
2021-05-12,672.32682,684.71075,583.2962,594.8721,4311561442
2021-05-13,594.31906,632.77672,528.43072,571.02332,7417114170
2021-05-14,570.71794,615.13009,566.73218,602.52213,3735474448
2021-05-15,601.52613,611.21964,560.39947,563.69638,3480395174
2021-05-16,564.75128,606.53041,535.07437,563.9958,4047395255
2021-05-17,564.03684,564.03684,483.46178,512.10813,5123430659
2021-05-18,512.52682,533.62832,495.02371,508.78765,3548216902
2021-05-19,509.95379,515.00991,275.85506,334.82659,8779943654
2021-05-20,336.65223,422.72672,284.75359,391.7661,7093839295
2021-05-21,392.88154,414.31582,274.85413,325.50916,6291181865
2021-05-22,324.72337,335.49463,284.92597,299.34607,3871242832
2021-05-23,298.23334,311.85997,211.36969,261.75881,5336233746
2021-05-24,264.08379,349.25445,258.9689,345.23113,6066277282
2021-05-25,345.49733,375.15382,307.041,341.33682,5656677341
2021-05-26,343.92526,387.68193,336.82837,379.24587,4502557689
2021-05-27,378.11189,387.33762,340.45676,367.56634,3965850350
2021-05-28,370.04806,370.9595,313.13575,328.81618,4482824807
2021-05-29,328.43945,346.53326,296.0,304.74549,3070017878
2021-05-30,305.44322,337.9752,292.0,324.92591,3246314973
2021-05-31,324.92591,355.50203,307.97711,354.39151,3865691845
2021-06-01,351.6514,363.75662,340.43793,362.02616,3425775257
2021-06-02,362.78294,418.08438,351.1336,401.16366,4486850584
2021-06-03,401.76083,432.30811,392.03317,427.80792,4370188399
2021-06-04,428.18738,428.44315,366.27484,391.39533,4951450795
2021-06-05,390.9588,425.90274,375.06751,390.43185,3956143113
2021-06-06,390.23673,400.04117,382.34497,393.82022,2101917655
2021-06-07,393.65466,407.37567,355.97546,357.31021,2927240962
2021-06-08,358.16544,365.92319,320.23801,354.00137,4491122307
2021-06-09,352.76593,378.74136,334.4191,375.73468,3543408536
2021-06-10,375.66901,376.9502,345.51767,352.1832,2505012942
2021-06-11,352.08484,365.30399,341.47736,345.93369,2269923678
2021-06-12,345.9017,348.87857,325.81772,343.74103,2146761411
2021-06-13,344.04285,369.05804,331.11194,366.64896,2171880359
2021-06-14,365.7547,377.01865,355.31094,368.79276,2271215183
2021-06-15,372.73685,379.65985,363.935,373.56616,2246535807
2021-06-16,366.81662,366.81662,343.64856,347.03345,1626149384
2021-06-17,347.21237,362.2594,346.03754,352.73853,1379161855
2021-06-18,353.01337,357.07428,328.04733,336.80969,1613940591
2021-06-19,337.55228,345.4596,332.0965,335.71283,1140833816
2021-06-20,334.65094,340.78952,310.77588,340.0672,1756674565
2021-06-21,339.32663,341.79935,269.43369,270.98444,2911962314
2021-06-22,270.7934,291.02258,226.29784,261.81809,4089344405
2021-06-23,262.0582,309.12643,252.20314,294.4903,3170293549
2021-06-24,296.26395,316.19077,281.98471,308.39703,2323626593
2021-06-25,308.58203,313.97708,275.8382,281.62091,2317971593
2021-06-26,281.13394,289.9498,264.60101,279.43805,1921847994
2021-06-27,279.8653,291.14893,270.28992,290.56702,1521388056
2021-06-28,290.8187,298.72061,283.95184,289.53412,1722578691
2021-06-29,289.91913,315.43933,289.22116,300.21155,1946428384
2021-06-30,300.9588,304.80136,281.77802,303.29587,1903538448
2021-07-01,303.52737,303.52737,281.57913,288.21841,1357794786
2021-07-02,287.75446,290.62167,277.35031,287.4231,1133632645
2021-07-03,287.21561,302.60587,283.43402,298.23712,1113777297
2021-07-04,298.11356,314.71301,292.78738,307.73209,1387395766
2021-07-05,307.68485,307.68485,293.52347,302.37799,1504869977
2021-07-06,302.19559,321.52097,302.19559,320.93481,2203265498
2021-07-07,320.19177,339.16766,318.52997,327.52246,2067233169
2021-07-08,327.95786,327.95786,305.07544,310.42712,1883785090
2021-07-09,310.01028,319.44391,301.82822,316.48453,1358583891
2021-07-10,316.99631,320.93927,310.8869,316.14014,1179686219
2021-07-11,316.05637,326.7518,312.63901,322.03165,1189805384
2021-07-12,322.03491,334.28207,309.14206,316.32819,1614469810
2021-07-13,316.26889,318.29514,305.48941,308.81116,1231759805
2021-07-14,308.95261,313.21579,290.66238,309.40637,1646743038
2021-07-15,309.50064,323.8859,301.65668,315.24402,2242114046
2021-07-16,315.6911,322.99777,301.9325,302.9856,1688212208
2021-07-17,302.93485,306.53085,295.38748,300.49793,1298507379
2021-07-18,300.59598,309.11426,299.97226,302.4805,1254819647
2021-07-19,302.26822,303.82919,279.70853,280.01862,1514754521
2021-07-20,280.56497,283.20615,255.85075,264.78238,1819454491
2021-07-21,264.49475,298.79175,261.22638,292.53137,1957623339
2021-07-22,293.14267,298.4039,287.73337,293.64114,1495118544
2021-07-23,293.60132,300.99377,281.69611,299.28299,1849700307
2021-07-24,299.04785,307.84052,296.11151,302.07187,1644709273
2021-07-25,301.84662,304.05789,292.89063,302.43616,1351522797
2021-07-26,302.73288,327.63528,301.09741,304.47824,2572081528
2021-07-27,304.12427,318.37183,298.48181,313.6026,1870220991
2021-07-28,314.05512,318.44229,308.22345,313.42865,1626648048
2021-07-29,313.61923,319.759,309.14453,316.74945,1384576144
2021-07-30,317.06409,325.25012,307.00977,322.90936,1588918308
2021-07-31,322.53888,338.02515,317.68591,333.54959,1717984015
2021-08-01,332.29269,347.4176,329.34174,333.48401,1788390755
2021-08-02,332.92322,338.04233,326.41528,331.10312,1348495243
2021-08-03,330.87204,334.63498,318.06284,322.74774,1365471563
2021-08-04,323.50607,336.96747,320.04126,334.91879,1279262186
2021-08-05,334.91272,340.04843,323.89709,337.87387,1551187442
2021-08-06,337.94797,347.04297,331.65967,342.13699,1623970506
2021-08-07,342.37643,359.75021,340.59384,355.74136,1903003766
2021-08-08,356.26654,359.73862,337.25272,342.06476,1547133821
2021-08-09,341.91629,357.39932,333.67145,354.96683,1648422571
2021-08-10,354.44962,375.72293,349.31332,371.95438,2150475826
2021-08-11,372.09372,408.58902,371.21622,391.75705,2542670896
2021-08-12,391.40527,406.09155,372.22022,385.81897,2217067872
2021-08-13,386.04407,411.17053,383.21677,410.94489,1724229835
2021-08-14,410.78354,418.92127,400.75205,409.03449,2023364348
2021-08-15,408.98221,414.931,396.8652,414.59503,1826134192
2021-08-16,414.35767,436.61841,411.12326,417.47086,2620571467
2021-08-17,416.06912,435.72321,399.74591,401.90891,2572609791
2021-08-18,401.88205,412.30624,387.81589,398.25147,2288117050
2021-08-19,396.49439,431.26022,391.49506,430.98886,2549215331
2021-08-20,430.97504,457.60373,422.08017,454.93631,2451578694
2021-08-21,455.13339,460.25571,444.97766,448.92026,2120660728
2021-08-22,449.22562,458.40289,439.16821,449.0535,1826865701
2021-08-23,449.10547,509.34271,447.66638,499.89059,3857489743
2021-08-24,500.21771,504.10233,461.75598,471.59546,2978438301
2021-08-25,472.20203,506.29517,470.63922,502.78626,3289398273
2021-08-26,503.55249,518.75635,472.03177,479.0061,3277913533
2021-08-27,478.63016,495.01233,467.90118,494.49869,2563319587
2021-08-28,494.67062,496.88541,483.32425,486.19693,1676741698
2021-08-29,486.20859,495.6763,477.20081,480.28302,1763538464
2021-08-30,480.28995,481.13165,458.15329,459.49075,2007036766
2021-08-31,460.62399,477.28223,452.48517,464.41873,2378049328
2021-09-01,464.27292,490.06873,455.75809,490.06873,2303587593
2021-09-02,489.85989,504.54126,480.0369,483.92105,2324361979
2021-09-03,483.75659,494.3952,475.22589,488.60471,2051522050
2021-09-04,488.40701,510.05765,485.85611,498.07843,2310249697
2021-09-05,497.70487,505.1167,489.47492,504.61987,1899639214
2021-09-06,504.69809,508.82224,488.67896,495.92502,2206397359
2021-09-07,496.03635,504.60315,372.30295,417.50879,4471687569
2021-09-08,417.91888,425.49356,384.23145,415.11316,2940929033
2021-09-09,405.5806,435.71741,404.52115,421.27002,2392139922
2021-09-10,421.26889,438.92218,394.06284,401.6218,2306735739
2021-09-11,401.26349,415.35703,400.29926,405.52737,1567255682
2021-09-12,405.39917,421.20758,398.03214,416.68323,1671909230
2021-09-13,416.7966,419.28201,385.37604,399.06345,2194763765
2021-09-14,399.20679,414.31955,396.41608,414.23624,1598465255
2021-09-15,414.4935,436.41635,410.45395,431.42304,1838828414
2021-09-16,431.29059,433.19278,416.17624,424.64923,1720989872
2021-09-17,424.40356,425.76624,401.84204,406.63281,1516642578
2021-09-18,406.46243,420.00198,401.77844,410.8093,1310349981
2021-09-19,410.60312,419.18259,403.71863,408.47165,1243314915
2021-09-20,408.51355,409.64331,357.27332,361.96591,2344102082
2021-09-21,364.05353,375.66611,339.01434,344.53461,2045164899
2021-09-22,343.66541,380.00845,342.68005,379.44034,1678913732
2021-09-23,379.15567,384.77722,369.65201,383.8204,1576382603
2021-09-24,383.80631,385.31928,335.5062,355.31628,2081157733
2021-09-25,355.40738,360.63007,344.19092,349.8801,1388464569
2021-09-26,349.88068,352.69815,320.36874,344.18176,1958526741
2021-09-27,344.6517,357.293,335.79047,336.19122,1507056912
2021-09-28,335.80756,344.27557,330.07385,333.03259,1294330921
2021-09-29,333.39792,375.00687,331.44852,367.98959,2385693434
2021-09-30,367.78601,388.26877,366.64426,387.05734,1796235646
2021-10-01,387.63599,423.34427,382.13138,421.64319,2162493378
2021-10-02,421.47708,438.10703,411.03833,428.09833,1740937420
2021-10-03,427.35111,437.10037,421.93887,430.50882,1470899248
2021-10-04,430.5845,430.72559,411.95215,425.7489,1647171955
2021-10-05,426.2142,443.91425,424.11435,442.70615,1526827785
2021-10-06,442.40625,442.47931,415.66773,435.40137,2006344571
2021-10-07,434.96191,449.93588,424.30917,438.76175,1962989705
2021-10-08,438.47525,441.51379,416.70602,419.10205,2678048368
2021-10-09,418.75598,425.97482,416.82385,421.54947,1404867667
2021-10-10,421.79569,422.05042,402.82925,405.06931,1437068558
2021-10-11,404.52747,423.55011,401.22125,413.45621,1473121389
2021-10-12,413.48676,443.86752,392.57077,443.86752,3142304145
2021-10-13,444.40564,471.65692,434.44663,470.7497,5149146903
2021-10-14,470.53867,482.64487,461.85535,472.0224,2486819344
2021-10-15,472.6004,476.75595,453.90009,473.70264,2804538828
2021-10-16,473.99469,483.5578,463.51148,465.64246,1904086807
2021-10-17,465.72211,472.298,455.40518,470.62555,1646437501
2021-10-18,470.91443,487.4997,467.58478,485.11102,1999805026
2021-10-19,485.09943,497.25833,481.97363,488.14887,1844483840
2021-10-20,488.05383,505.26794,482.24603,501.02033,1890415594
2021-10-21,501.34784,504.64862,467.42236,471.25693,3081793454
2021-10-22,470.95938,498.01419,470.95938,478.64316,1962748496
2021-10-23,478.94226,485.90643,473.11258,485.90643,1170864603
2021-10-24,485.99014,486.8027,468.19821,476.63312,1246191889
2021-10-25,475.92426,488.89432,474.87216,484.64508,1337787876
2021-10-26,484.70688,489.77417,475.28629,478.02506,1486193826
2021-10-27,478.12106,486.16751,440.44501,449.008,2340091135
2021-10-28,448.88583,494.91489,447.61972,492.01553,2626956133
2021-10-29,492.43256,533.4754,488.87216,529.62213,2667451365
2021-10-30,529.82269,539.93884,511.93131,527.9212,2194893915
2021-10-31,528.5473,534.77094,510.56546,524.36444,2076289915
2021-11-01,524.73822,552.07367,512.17627,551.25592,2535579529
2021-11-02,551.74756,564.02271,538.39996,554.44763,2401108112
2021-11-03,554.55737,570.25934,538.53101,568.5788,2567651316
2021-11-04,568.57813,569.12128,544.87683,559.73731,2260479871
2021-11-05,559.3905,615.58087,555.05609,608.64807,3675930507
2021-11-06,608.26349,636.11395,596.76447,636.11395,2779927044
2021-11-07,638.18603,669.34583,632.07929,650.45404,3017167868
2021-11-08,650.46741,655.71368,632.68707,654.315,2828112534
2021-11-09,654.00037,657.04059,632.33167,635.19061,2198989754
2021-11-10,635.03839,662.30652,578.07428,615.27808,3653998344
2021-11-11,615.4552,634.84442,606.40918,629.89233,2341652507
2021-11-12,629.14423,634.52057,604.16272,626.64252,2209163398
2021-11-13,627.07959,655.32086,620.58783,650.10413,2106170805
2021-11-14,650.06226,659.99268,634.5495,650.91809,2101401990
2021-11-15,650.94312,660.04419,631.94226,633.04865,2146877925
2021-11-16,634.94763,635.26038,574.18012,589.82288,3772957260
2021-11-17,589.32806,593.10809,554.32141,578.09277,2704847734
2021-11-18,578.03485,587.91272,518.4231,532.23761,2917116815
2021-11-19,531.50513,585.89948,525.24152,581.53082,2481119529
2021-11-20,581.47852,604.88422,574.02277,603.84003,2336197759
2021-11-21,604.409,605.17712,580.5871,585.29425,2055539646
2021-11-22,584.8158,585.1485,554.27026,559.12701,2251971535
2021-11-23,559.57019,605.09045,559.04163,591.43958,2927434189
2021-11-24,591.19556,594.83099,577.50836,581.39532,2917418688
2021-11-25,590.357,646.9588,587.8598,603.73023,2537227998
2021-11-26,639.0036,657.51294,566.53314,585.14734,4254504824
2021-11-27,587.10333,621.38666,584.79431,600.33679,2485529516
2021-11-28,601.00641,612.73755,574.55127,611.36682,2731676788
2021-11-29,611.76263,628.49689,602.44293,624.31006,2425803182
2021-11-30,623.95697,635.12952,604.86762,622.66986,2781531694
2021-12-01,621.81287,650.25317,619.19721,627.97156,2806563703
2021-12-02,627.57184,629.88495,606.64783,619.47015,2378758113
2021-12-03,620.29901,628.31634,579.84522,594.63599,2483348354
2021-12-04,596.14868,596.14868,495.13226,569.07727,4458419873
2021-12-05,568.65143,581.80658,543.63556,557.78308,2394235567
2021-12-06,557.94977,593.38373,534.26367,589.25617,3567503629
2021-12-07,589.11078,593.79926,573.3385,579.68988,2112954675
2021-12-08,579.18268,607.78088,567.61621,607.59277,2245501623
2021-12-09,606.63593,616.64734,568.03955,571.64899,2132955304
2021-12-10,570.98102,594.59723,551.73584,552.96686,2089946472
2021-12-11,553.67108,572.19153,542.56567,564.32251,1824951693
2021-12-12,564.14142,574.18506,559.51526,570.82398,1307635490
2021-12-13,571.17743,572.88239,511.99847,521.0116,1900967743
2021-12-14,520.63171,536.29767,510.42078,511.22937,2232411089
2021-12-15,528.42804,546.57813,503.03748,541.02698,2079796859
2021-12-16,541.40381,545.15198,525.12164,526.24652,1500825557
2021-12-17,526.1488,535.42828,511.7005,525.7063,1804795681
2021-12-18,526.17236,537.81842,517.32385,533.89136,1294574825
2021-12-19,534.01849,543.75079,527.77271,529.97205,1199582659
2021-12-20,529.72803,534.78021,506.37036,523.16248,1467380399
2021-12-21,523.38843,535.10614,517.76025,528.711,1461697111
2021-12-22,528.77277,544.6471,527.63886,533.64496,1597323976
2021-12-23,533.71832,552.52869,524.78107,548.72583,1867124970
2021-12-24,549.00226,554.12506,538.2337,541.90204,1677259160
2021-12-25,542.4671,550.86597,540.54541,547.32623,1305388019
2021-12-26,547.32416,549.41003,537.46173,546.995,1576727325
2021-12-27,546.50787,571.54889,543.50635,562.64148,2180356553
2021-12-28,563.59033,563.59033,530.05994,534.92804,2791585162
2021-12-29,534.85004,540.61578,511.74533,514.00079,2159325741
2021-12-30,514.57025,527.5683,509.00348,518.90973,1950603827
2021-12-31,519.12305,527.69733,507.88571,511.70831,2020489898
2022-01-01,511.91037,527.35272,511.90353,527.35272,1622547014
2022-01-02,527.29163,533.37103,518.75354,531.39667,1462276185
2022-01-03,531.38886,532.09558,510.65216,512.13599,1949153130
2022-01-04,512.13031,519.70166,503.21536,507.5061,2200879165
2022-01-05,507.59781,515.2392,462.05756,475.05695,2870757788
2022-01-06,475.07907,481.06284,460.24851,473.2756,4400228627
2022-01-07,473.00006,474.2962,439.26001,447.78848,4613172287
2022-01-08,447.85681,458.4838,419.19547,430.24616,4068139021
2022-01-09,430.25311,444.49326,428.2395,438.80307,3347862691
2022-01-10,438.78565,445.03616,408.69879,424.93378,4156063326
2022-01-11,424.89121,467.28107,422.00092,463.51831,4600615710
2022-01-12,463.56274,489.3273,457.11612,487.00742,4131335431
2022-01-13,487.04257,488.21124,467.87561,475.02911,4151007744
2022-01-14,475.1272,491.66065,468.93961,489.86743,3112235914
2022-01-15,489.918,501.31113,486.30591,494.98807,1766015929
2022-01-16,494.9241,505.30096,489.50214,498.42792,1771927950
2022-01-17,498.50617,498.94391,468.57651,475.70987,2134608006
2022-01-18,475.73642,479.66211,458.15247,472.00507,2106859289
2022-01-19,471.91721,472.77429,454.75861,462.82208,1780063381
2022-01-20,462.85696,478.35394,439.97806,440.00543,1881741995
2022-01-21,440.06714,444.18024,376.77017,383.07391,3647221590
2022-01-22,383.47455,388.91199,340.05481,358.09616,4226932408
2022-01-23,358.3266,388.5939,357.17065,383.93396,2786834863
2022-01-24,384.04062,384.04062,337.85394,371.36896,3210871602
2022-01-25,371.38684,387.17685,358.08356,384.61935,2325661159
2022-01-26,384.58624,400.15207,367.5751,375.75546,2226973227
2022-01-27,375.54218,391.80438,360.3317,390.08829,1952844398
2022-01-28,390.00067,393.37558,376.75217,386.08438,1592850476
2022-01-29,386.06574,396.77228,381.68378,389.13278,1330610935
2022-01-30,389.20221,389.24719,373.03629,377.61292,1289330238
2022-01-31,377.64899,384.97739,366.11203,375.27731,1386778184
2022-02-01,375.09918,387.76755,374.32684,385.46381,1392647608
2022-02-02,385.48877,386.11472,366.89539,367.47168,1290849744
2022-02-03,367.37085,370.87775,360.49133,370.87775,1202744039
2022-02-04,370.71085,399.21652,369.81763,399.0296,1711084752
2022-02-05,399.14887,430.34778,396.93372,414.20001,2039010962
2022-02-06,414.21726,421.11343,408.61307,419.54556,1427593921
2022-02-07,419.66644,438.64157,414.24973,433.22928,1755674427
2022-02-08,433.45911,444.28861,407.16431,408.77676,2247004672
2022-02-09,408.51691,427.39352,407.9498,422.46555,1601745132
2022-02-10,422.51404,434.17145,411.24548,415.11923,2037888603
2022-02-11,415.1872,419.28601,393.97733,400.42239,1714654174
2022-02-12,400.49902,407.13974,394.7995,403.38974,1372516416
2022-02-13,403.27158,406.71277,395.65533,398.88678,1151509777
2022-02-14,398.64313,403.93448,391.38367,403.6608,1269083662
2022-02-15,403.66422,436.24811,403.09494,432.40939,2538883559
2022-02-16,432.49194,433.42874,423.07825,427.91812,1670788158
2022-02-17,427.54993,431.01837,400.80667,402.45004,1644013199
2022-02-18,402.64984,410.94293,393.81628,399.56918,1554511893
2022-02-19,399.52142,406.38095,393.93366,400.04358,1192395484
2022-02-20,400.00339,400.13144,376.00797,380.82593,1431745519
2022-02-21,380.73654,393.62408,356.18497,356.66126,2164511484
2022-02-22,356.72546,374.85934,350.14758,374.30747,2037210077
2022-02-23,374.29929,383.24762,366.53949,366.53949,1644707704
2022-02-24,366.34918,368.16852,324.48367,361.23465,2972951900
2022-02-25,361.216,376.80261,357.36655,374.91495,1839035023
2022-02-26,374.88858,385.21033,371.47504,373.63876,1319208551
2022-02-27,373.59998,380.95908,359.62552,360.53104,1600855952
2022-02-28,360.38217,396.45734,356.61758,395.61243,1868349380
2022-03-01,395.62412,418.48996,391.32922,408.4823,2885318336
2022-03-02,408.51852,414.91284,404.53479,409.00031,2045870796
2022-03-03,409.03275,412.8006,397.90634,402.55069,1598018507
2022-03-04,402.5752,402.91672,372.86841,374.28088,1740563403
2022-03-05,374.44165,386.84406,368.17572,384.87335,1321262776
2022-03-06,384.9118,387.16409,373.01794,375.0112,1305295273
2022-03-07,375.07159,384.41757,364.43137,381.34464,2058321705
2022-03-08,381.25476,387.62979,377.70557,381.95856,1684540144
2022-03-09,382.04263,402.02808,381.84055,393.55576,2425559108
2022-03-10,393.48038,394.40411,364.08789,372.15903,2105808203
2022-03-11,372.19614,379.57172,365.60828,372.18405,1550840418
2022-03-12,372.18619,379.19565,372.12686,372.73038,1211417865
2022-03-13,372.60889,376.92841,361.15088,361.84982,1242011950
2022-03-14,361.83453,373.60953,360.30185,373.46616,1455465550
2022-03-15,373.47241,374.33328,362.68475,371.62885,1360640456
2022-03-16,371.54279,386.36325,368.48166,385.52823,1788844135
2022-03-17,385.45956,392.87042,382.16147,391.82474,1635657390
2022-03-18,391.77878,399.92352,384.24832,397.64551,1666543771
2022-03-19,397.56165,406.00372,395.4148,399.85355,1532550954
2022-03-20,399.91974,400.61072,386.76672,390.76837,1334193471
2022-03-21,390.73895,398.96173,386.56137,396.44782,1657341491
2022-03-22,396.35559,409.64255,395.57575,404.31494,1795119554
2022-03-23,404.32727,411.02957,398.85587,408.60977,1645651129
2022-03-24,408.55426,416.5054,406.01157,414.12698,1831451218
2022-03-25,414.14825,421.15372,406.29605,410.81116,1678265707
2022-03-26,410.81625,416.31754,407.98126,415.9198,1082240527
2022-03-27,415.93137,431.02557,412.3829,430.50327,1499505093
2022-03-28,430.54681,440.72839,428.56522,430.39087,2128699500
2022-03-29,430.07489,441.50754,430.07489,434.50568,1987696098
2022-03-30,434.42972,448.94717,427.69208,442.68485,2181737151
2022-03-31,442.65888,451.96109,424.95029,428.91611,2632534284
2022-04-01,429.12402,446.79654,414.74939,446.60428,2718206274
2022-04-02,446.84421,453.55847,436.7767,436.95535,2272901729
2022-04-03,436.86581,455.22846,432.82172,450.34888,2128734028
2022-04-04,450.26456,450.43262,434.17801,447.52493,2248856403
2022-04-05,447.63004,459.80557,445.03861,445.17261,2268650039
2022-04-06,445.00113,445.02765,418.88113,420.14636,2323241738
2022-04-07,420.18265,438.2937,417.60104,436.79678,2125042415
2022-04-08,436.93451,440.64298,419.43329,421.67725,1951923760
2022-04-09,421.66534,428.02078,420.27255,427.15305,1399108286
2022-04-10,427.14975,429.36411,418.59067,418.59067,1410282903
2022-04-11,418.65845,419.49078,392.10992,394.08688,2192782724
2022-04-12,394.28879,416.6358,393.16681,413.87393,2140526232
2022-04-13,413.81265,424.33594,411.05927,423.13016,1932053164
2022-04-14,423.06702,426.80722,412.04712,414.66373,1615484732
2022-04-15,414.66711,419.79697,413.27261,417.29373,1242920077
2022-04-16,417.29388,418.6586,411.9129,417.47846,1022481382
2022-04-17,417.41153,417.88068,406.1683,407.37772,1088306780
2022-04-18,407.43292,417.94696,397.14966,416.96841,1925668122
2022-04-19,417.00766,424.27402,415.0994,422.38705,1854452731
2022-04-20,422.36429,430.97516,415.72839,418.35425,2035166767
2022-04-21,418.31686,425.47412,402.07968,405.02145,2190281843
2022-04-22,404.96698,413.28125,404.10904,406.98752,1895749713
2022-04-23,406.99335,407.89706,399.27841,401.65247,1354484386
2022-04-24,401.52502,405.43057,398.34662,399.10538,1222468479
2022-04-25,399.12991,404.8739,383.19067,404.35028,1910707893
2022-04-26,404.26886,407.0845,382.08099,385.48306,1671963898
2022-04-27,385.56216,394.45853,384.0777,391.44583,1512587369
2022-04-28,391.43866,408.23245,388.87766,406.7182,2116381172
2022-04-29,406.64172,410.17578,390.53998,393.06216,1928209754
2022-04-30,392.99854,399.59308,377.76782,377.76782,1467605770
2022-05-01,377.76566,391.077,377.28995,390.28198,1553846706
2022-05-02,390.26126,392.21671,382.77441,389.67065,1388077917
2022-05-03,389.63416,391.75476,380.34622,383.4758,1295877765
2022-05-04,383.48355,402.8627,383.42804,402.50266,1714496792
2022-05-05,402.46521,412.40036,372.55277,378.77362,2389487319
2022-05-06,378.75674,382.68109,371.97333,379.30429,1834770716
2022-05-07,379.28818,380.38742,361.19559,365.68411,1527960119
2022-05-08,365.733,366.50958,351.14377,355.39874,1875845651
2022-05-09,355.37741,358.95071,299.34894,299.34894,2943374129
2022-05-10,298.82071,332.43884,290.58679,319.32696,3210603809
2022-05-11,319.12277,322.76682,262.62045,269.96277,3870618668
2022-05-12,269.888,283.47513,216.3615,269.40726,4739990237
2022-05-13,269.14273,312.68878,265.70959,290.5842,2774121165
2022-05-14,290.61807,298.80286,272.65115,297.3876,1884570404
2022-05-15,297.39737,312.17654,286.64377,312.00772,1611088257
2022-05-16,312.08414,312.14426,290.46182,297.71011,1754184298
2022-05-17,297.69931,310.19446,296.96179,305.96344,1584497815
2022-05-18,305.98987,307.71146,287.43878,287.43878,1520090732
2022-05-19,287.45047,307.95981,287.2146,306.79157,1646882950
2022-05-20,306.78107,315.27387,294.7608,302.35922,1756670714
2022-05-21,302.36594,313.66016,300.13007,312.46603,1318736979
2022-05-22,312.48804,322.85703,311.82733,319.60901,1604297406
2022-05-23,319.51712,336.30753,316.34973,316.76056,2228144099
2022-05-24,316.85083,329.81867,313.5509,328.18933,2002782969
2022-05-25,328.19568,336.66605,324.54855,325.7348,2008481372
2022-05-26,325.75528,330.89233,298.78659,304.96393,2686414043
2022-05-27,304.79083,308.86493,292.14188,300.97205,2593113824
2022-05-28,302.43503,309.20905,297.71692,307.81543,1471633413
2022-05-29,307.75253,307.9444,299.30618,305.97507,1208835000
2022-05-30,305.94409,323.25778,304.33658,321.7529,2064357375
2022-05-31,321.72031,323.70135,314.27551,320.48511,1711532960
2022-06-01,320.47202,323.88507,297.9686,300.50406,1763624947
2022-06-02,300.46646,309.04089,298.6712,308.10178,1228180850
2022-06-03,308.19418,309.85672,293.86307,298.39789,1115211127
2022-06-04,298.50284,302.63779,295.28391,301.63113,805954970
2022-06-05,301.5979,301.94077,295.42526,298.93472,779603321
2022-06-06,298.98459,311.69971,289.42828,295.39603,1470941103
2022-06-07,295.37341,295.37341,274.42777,290.34112,1752763456
2022-06-08,290.29883,294.03995,284.37332,288.61609,1136631692
2022-06-09,288.61755,292.98065,286.47928,289.91965,800984464
2022-06-10,289.88858,297.23129,283.47855,286.04669,1362797648
2022-06-11,286.10538,290.3718,265.62979,269.487,1220361307
2022-06-12,269.66257,271.37988,251.99144,255.95088,1380200465
2022-06-13,255.66773,256.85431,214.6053,222.50578,2471570710
2022-06-14,222.5522,230.36563,205.39317,223.22125,2027226914
2022-06-15,223.18944,234.01709,199.29222,233.39671,2244407305
2022-06-16,233.46787,236.32854,208.0656,209.53874,1483212957
2022-06-17,209.70868,221.64134,208.10292,215.8918,1108538874
2022-06-18,215.81561,218.5502,184.54005,197.043,1579731402
2022-06-19,196.9558,216.08247,190.12149,214.92053,1333254615
2022-06-20,214.87975,218.07971,205.16682,216.93427,1235838900
2022-06-21,216.90111,227.64221,213.55081,219.49863,1165714518
2022-06-22,219.6734,220.52693,211.59193,214.26192,1050984086
2022-06-23,214.23103,229.77142,214.23103,228.95375,1148541185
2022-06-24,228.92287,242.81625,228.63004,240.23831,1127877901
2022-06-25,240.26218,241.49773,230.44621,239.69066,915553554
2022-06-26,239.61258,244.66547,233.63219,233.85875,823875890
2022-06-27,233.83366,240.61821,230.50708,233.65402,841135242
2022-06-28,233.57285,241.42325,226.1501,226.92734,1082126615
2022-06-29,226.9046,229.43471,215.94782,219.28447,1062609997
2022-06-30,219.38757,219.88707,205.92667,219.3001,1088852065
2022-07-01,219.52899,226.37962,213.66563,216.01546,1234215934
2022-07-02,216.23198,219.42201,214.21045,218.03523,767361243
2022-07-03,218.04758,219.78871,214.46449,218.98032,724525676
2022-07-04,218.97861,231.7682,215.21373,231.57413,1039372640
2022-07-05,231.48412,235.75916,223.22838,230.84636,1310031377
2022-07-06,230.91109,239.4906,229.29793,238.49994,1266715664
2022-07-07,238.50296,243.30289,235.4366,241.54451,1108137930
2022-07-08,241.54443,246.68301,237.1404,240.75072,1341618380
2022-07-09,240.75658,244.69347,240.66882,243.24107,851653424
2022-07-10,243.25093,243.32713,232.10197,234.65558,881096013
2022-07-11,234.59937,234.64993,225.50142,225.85851,1021066311
2022-07-12,225.86839,228.19084,220.46455,220.46455,1140033692
2022-07-13,220.49242,230.53871,216.8168,230.52477,1431776142
2022-07-14,230.51233,239.66016,227.57991,238.16447,1609361574
2022-07-15,238.22662,241.83342,235.68315,238.57399,1151260376
2022-07-16,238.55907,250.75876,234.11768,249.59387,1030985968
2022-07-17,249.64081,255.29649,246.95081,247.84848,1050861669
2022-07-18,247.83447,264.88605,247.82182,264.88605,1632324536
2022-07-19,264.49493,274.24365,256.69919,268.81732,1925805446
2022-07-20,268.7727,271.79025,256.99649,258.33881,1675018362
2022-07-21,258.34012,265.90753,251.54565,265.46256,1220055525
2022-07-22,265.47702,271.15198,261.61246,262.87744,1173778496
2022-07-23,262.72015,271.61386,253.22386,259.46301,1108172504
2022-07-24,259.47388,265.88669,257.43295,261.86487,913146574
2022-07-25,261.841,262.43613,245.1485,245.1485,1005244476
2022-07-26,245.12367,248.95837,240.1133,248.95837,926779355
2022-07-27,249.01581,271.50436,247.80411,271.50436,1405510237
2022-07-28,271.51535,280.12738,264.73911,277.29392,1648592412
2022-07-29,277.31412,301.20969,275.30435,293.95334,2562325488
2022-07-30,293.9151,299.72397,285.40881,287.53613,1578905327
2022-07-31,287.57724,296.2102,282.60931,283.57947,1313531523
2022-08-01,283.62949,290.08478,278.34354,283.53949,1314157614
2022-08-02,283.47635,290.53677,274.82047,283.82098,1768344106
2022-08-03,283.87384,305.18686,278.81183,298.35678,2133584480
2022-08-04,298.37012,312.74811,297.43204,310.70606,1926587001
2022-08-05,310.6936,320.9566,308.60681,315.18555,1585061398
2022-08-06,315.19699,321.83969,313.73364,315.06891,1151509385
2022-08-07,315.12311,325.17166,309.02487,322.92114,1012978419
2022-08-08,322.9548,332.8811,322.53937,324.80042,1318773332
2022-08-09,324.83637,327.82547,313.49692,324.91232,1139003043
2022-08-10,324.85904,336.28369,314.4126,328.47116,1738218767
2022-08-11,328.4602,334.09723,322.30756,323.80023,1511577808
2022-08-12,323.77213,327.51468,318.26517,327.51468,980643843
2022-08-13,327.57416,332.51675,323.47888,323.87015,991712327
2022-08-14,323.97409,330.8053,316.65927,317.98663,936178150
2022-08-15,318.03247,326.83365,314.85809,319.8873,1141553086
2022-08-16,319.71277,322.1583,312.80606,316.42368,963072351
2022-08-17,316.40161,323.23599,305.3349,306.63641,1111784114
2022-08-18,306.79648,310.18796,297.02643,298.14124,1041814513
2022-08-19,298.15277,298.1907,278.57944,279.71872,1598319492
2022-08-20,279.62012,288.90552,278.33206,283.69315,1315367730
2022-08-21,283.6391,303.65793,283.6391,302.05627,1249205607
2022-08-22,302.03418,303.82379,289.3067,300.55911,1463703478
2022-08-23,300.57092,301.19501,294.31967,299.02994,1034959891
2022-08-24,299.01511,299.95868,294.71204,296.44968,935405757
2022-08-25,296.48731,306.13815,296.20209,301.58365,973529233
2022-08-26,301.556,301.556,277.85165,279.59818,1210077085
2022-08-27,279.57184,283.8501,274.54437,277.80158,962669292
2022-08-28,277.80344,283.62833,276.25089,276.25089,758285305
2022-08-29,276.28061,286.33102,272.80597,286.22141,1009161525
2022-08-30,286.21527,291.66309,277.07446,281.42535,979620743
2022-08-31,281.45648,289.77112,278.0788,279.2381,952486877
2022-09-01,279.25134,280.22131,271.47281,278.41724,954919263
2022-09-02,278.38797,282.90591,274.48792,277.41611,807053745
2022-09-03,277.43112,278.43228,274.77545,277.77557,490102253
2022-09-04,277.78192,279.81314,275.45322,278.84186,512014471
2022-09-05,278.85449,280.61264,273.71951,276.68591,665273781
2022-09-06,276.75186,285.75418,262.59756,262.6684,1173656468
2022-09-07,262.61264,279.76385,259.99396,278.76132,963734560
2022-09-08,278.76022,282.06332,276.04892,280.57748,870477242
2022-09-09,280.53702,294.95593,280.22083,293.40714,1139680146
2022-09-10,293.39508,298.44186,291.2475,296.96906,851195253
2022-09-11,296.91974,297.87521,291.3035,295.16186,700835025
2022-09-12,295.1741,299.1763,291.1507,293.65872,998624528
2022-09-13,293.64923,297.68771,275.96896,277.57694,1136956066
2022-09-14,277.4133,282.15027,274.83057,279.38586,956413768
2022-09-15,279.38306,280.2468,268.01022,270.80689,1080164338
2022-09-16,270.81226,276.26325,269.12952,274.65457,803452434
2022-09-17,274.73001,279.53171,274.73001,279.24933,560951664
2022-09-18,279.22073,279.62076,264.74365,266.31317,789437105
2022-09-19,266.25192,272.61911,257.18683,272.06982,1074224923
2022-09-20,272.13055,273.20313,265.69321,266.3696,845702947
2022-09-21,266.39475,275.83356,261.27518,264.79208,1057177278
2022-09-22,264.60776,275.90765,264.02811,275.50028,843345381
2022-09-23,275.4935,277.38171,269.66946,276.62625,869618433
2022-09-24,276.62705,284.63245,275.13538,275.13538,818302597
2022-09-25,275.10434,279.20169,271.67313,274.06125,640533920
2022-09-26,274.14179,276.44699,271.18832,275.92786,716989161
2022-09-27,275.92596,286.06799,270.82208,272.40155,927431127
2022-09-28,272.33444,283.34244,266.97656,281.78122,857467325
2022-09-29,281.76666,285.23377,277.50064,283.78903,800888080
2022-09-30,283.83429,289.53711,280.89301,284.19229,905481572
2022-10-01,284.27341,285.19287,278.3609,282.87192,593375648
2022-10-02,282.89505,287.37952,279.95444,284.43311,556343468
2022-10-03,284.41489,288.6329,283.89865,287.03198,700566674
2022-10-04,287.02417,297.99466,286.52896,296.29846,794566055
2022-10-05,296.28946,296.33307,289.90375,294.13767,656837388
2022-10-06,294.15527,297.69937,279.80356,286.63416,1010110227
2022-10-07,286.77194,286.95862,280.19147,283.18268,952606066
2022-10-08,282.9942,282.9942,276.04987,276.46957,604706997
2022-10-09,276.44955,279.28003,275.46304,278.23807,570350814
2022-10-10,278.24457,279.0643,271.80606,271.80606,655201928
2022-10-11,271.73154,273.66284,268.44684,271.3714,584301468
2022-10-12,271.40662,272.73523,269.66016,270.97101,546926291
2022-10-13,270.95871,273.49265,257.97452,271.85141,1124480167
2022-10-14,271.84592,276.52887,268.34302,269.56717,809144930
2022-10-15,269.55902,271.3645,267.88483,268.40408,491674298
2022-10-16,268.41159,273.74304,268.36231,272.51996,563344666
2022-10-17,272.50192,275.84152,270.42734,275.51257,594844795
2022-10-18,275.53452,275.81525,270.5332,273.21457,599934776
2022-10-19,273.22345,273.6477,270.68436,271.98135,497761035
2022-10-20,271.95374,273.28516,267.86047,269.27127,539795617
2022-10-21,269.2449,271.04791,264.52298,270.03842,593811687
2022-10-22,270.03308,271.00742,268.5669,270.47949,391459296
2022-10-23,270.47998,276.56979,269.10254,276.00818,483765500
2022-10-24,276.00076,276.87546,271.88489,273.97742,535946814
2022-10-25,273.95135,289.60181,272.36652,284.43253,940035659
2022-10-26,284.3562,291.70239,284.16382,290.37698,1017326051
2022-10-27,290.392,293.06946,285.22531,286.84412,874526054
2022-10-28,286.84116,300.7218,286.13669,298.01419,1072756219
2022-10-29,298.00378,307.91498,295.94525,304.21796,1397370727
2022-10-30,304.22992,318.06928,302.53436,313.75479,1451550019
2022-10-31,313.67136,336.79532,307.62534,326.36072,2168405759
2022-11-01,326.27786,334.20624,317.93552,324.57944,1329110451
2022-11-02,324.46799,329.03946,316.28091,320.15054,1411029750
2022-11-03,320.17444,338.64258,318.49557,329.71698,1514834239
2022-11-04,329.67096,358.18201,328.73984,354.40637,1938879952
2022-11-05,354.41946,360.30933,347.01962,349.25372,1231594445
2022-11-06,349.28815,354.4881,339.19241,339.38937,1143505730
2022-11-07,338.89716,344.0419,327.68378,337.01456,1811518274
2022-11-08,336.98764,388.71552,302.75189,327.69028,5390603525
2022-11-09,327.81967,332.06101,261.73026,266.85312,3191459132
2022-11-10,266.88577,311.07401,264.46774,304.08005,2461275687
2022-11-11,303.98688,304.91278,280.62686,289.82056,1625174426
2022-11-12,289.85764,290.36917,272.04611,282.34128,1189401392
2022-11-13,282.36527,286.08447,274.0527,276.57944,956106804
2022-11-14,276.62225,290.71964,268.23303,278.57843,1541330420
2022-11-15,278.62802,281.88254,274.09311,276.87402,1116291060
2022-11-16,276.86301,279.79199,269.65018,272.0816,908816092
2022-11-17,272.08832,273.22247,264.3985,267.91132,854777255
2022-11-18,267.91412,274.50595,267.91354,273.91998,685307608
2022-11-19,273.88721,274.26245,269.64954,272.39768,551451228
2022-11-20,272.4303,273.65048,262.5553,264.23514,720361905
2022-11-21,264.23578,264.74255,250.65694,254.16826,1094850661
2022-11-22,254.01909,266.89215,252.38995,266.32434,800429058
2022-11-23,266.42035,300.0202,265.03497,297.84744,1920236928
2022-11-24,297.94586,303.06464,294.53156,300.42783,1219177799
2022-11-25,300.33383,304.16327,294.91232,300.5777,949045515
2022-11-26,300.57175,316.96213,300.38946,311.38846,1221554861
2022-11-27,311.37204,316.21988,307.15637,307.42929,793779029
2022-11-28,307.39957,309.0961,289.49368,293.52725,1154829072
2022-11-29,293.49182,304.82282,289.76364,295.49817,986451640
2022-11-30,295.54822,304.65097,294.38226,300.79434,1009620336
2022-12-01,300.75436,301.47968,290.55371,292.01621,1433086340
2022-12-02,292.02856,293.5275,286.14069,293.5275,854253818
2022-12-03,293.50037,294.04303,289.70447,290.56314,634607105
2022-12-04,290.5531,292.33762,288.50406,292.2883,633441009
2022-12-05,292.20889,296.91217,286.5387,288.47427,705616866
2022-12-06,288.46176,290.60162,287.10788,290.35446,610280514
2022-12-07,290.38461,290.48569,282.02081,284.28442,759320494
2022-12-08,284.29517,291.51172,282.8092,290.53717,646645162
2022-12-09,290.522,291.57059,285.57562,286.09042,644239750
2022-12-10,286.10651,289.49262,286.10651,288.12521,439735200
2022-12-11,288.14426,290.93643,284.18829,284.39041,496833486
2022-12-12,284.43439,285.53745,273.53085,276.2782,974762447
2022-12-13,276.28449,280.68735,257.44037,271.95169,1925504273
2022-12-14,271.95807,277.85709,266.14624,268.23154,1026628081
2022-12-15,268.15036,268.15036,257.08121,258.27371,709349174
2022-12-16,258.26877,264.24759,227.34523,231.23244,1264053277
2022-12-17,231.22075,243.58196,221.00319,242.52928,1196953526
2022-12-18,242.51691,253.33969,240.03653,251.15639,925487110
2022-12-19,251.24268,252.93301,238.65079,240.65781,751196285
2022-12-20,240.66823,252.62866,239.80144,251.74454,667866377
2022-12-21,251.69432,251.69432,245.75725,246.04698,479296549
2022-12-22,246.06833,248.03203,240.4832,245.89063,543367184
2022-12-23,245.89414,248.27472,244.45294,246.14818,388929772
2022-12-24,246.15164,246.18172,243.95305,244.63553,280627376
2022-12-25,244.6364,245.73099,241.7005,243.1415,298063868
2022-12-26,243.14793,244.59595,242.22443,244.19829,276115280
2022-12-27,244.20265,247.67969,242.56218,246.59668,391342277
2022-12-28,246.60712,246.84004,242.10928,244.14192,414698978
2022-12-29,244.17142,246.601,243.57991,246.47972,345312528
2022-12-30,246.45801,246.49724,243.12747,245.77922,342300809
2022-12-31,245.78868,247.58362,245.10825,246.3492,307551853
2023-01-01,246.3329,246.48581,243.57529,244.13698,278651737
2023-01-02,244.15222,247.71527,241.69249,245.5359,357733262
2023-01-03,245.55214,246.83145,244.78404,246.13336,377452410
2023-01-04,246.1409,260.51605,245.70497,259.11969,632924961
2023-01-05,259.07648,259.07648,255.59656,256.42285,342934041
2023-01-06,256.4502,260.22174,255.0677,259.86716,417893264
2023-01-07,259.85489,262.96365,259.59329,261.28284,327712514
2023-01-08,261.25293,274.38507,260.51691,274.38507,491734030
2023-01-09,274.44244,283.02542,271.89938,272.70154,783671054
2023-01-10,272.65518,278.26767,271.14984,277.28964,470259383
2023-01-11,277.29352,285.17239,274.5264,285.04651,466458216
2023-01-12,286.90067,287.95139,279.74103,287.81235,655903255
2023-01-13,287.81149,295.27478,285.19122,293.733,561853825
2023-01-14,293.71967,314.00336,293.60062,305.24112,1087358891
2023-01-15,305.32874,305.76385,292.92459,302.07065,562889882
2023-01-16,302.07999,307.59738,294.18195,298.99924,602126315
2023-01-17,299.05911,304.78815,296.97479,299.82452,529752305
2023-01-18,299.83145,304.88977,282.63104,286.99106,844268123
2023-01-19,286.8855,295.11853,286.87045,294.8522,431382130
2023-01-20,294.84552,305.02094,287.22644,304.97318,669836014
2023-01-21,305.02048,309.61658,299.06424,299.26117,755028964
2023-01-22,299.23911,310.60242,299.10358,303.04645,571771274
2023-01-23,303.02033,307.42926,302.3317,305.50409,520678637
2023-01-24,305.3909,322.74622,299.69962,300.61233,887528741
2023-01-25,300.63815,313.20075,294.71466,307.30765,667706772
2023-01-26,307.09641,309.26309,302.39267,304.86655,540954388
2023-01-27,304.87445,309.89447,300.32059,308.12311,484897937
2023-01-28,308.15714,313.07736,304.09332,306.24432,434715822
2023-01-29,306.2363,320.11856,305.19809,317.33621,664644693
2023-01-30,317.3754,320.25482,303.58075,307.06888,630938594
2023-01-31,307.09656,313.8248,305.68137,312.36105,487472184
2023-02-01,312.27713,319.20767,306.14829,317.4726,616638893
2023-02-02,317.34619,333.49554,316.71106,323.34979,909077028
2023-02-03,323.29135,334.54517,318.90323,332.26868,861598551
2023-02-04,332.24969,333.87094,327.74143,330.6171,440935963
2023-02-05,330.55826,337.32053,324.87949,327.86935,662969265
2023-02-06,327.86185,330.95743,321.94614,324.62717,521894604
2023-02-07,324.5574,333.52673,324.20547,333.22788,521804212
2023-02-08,333.21732,334.72839,324.49054,328.08865,515127902
2023-02-09,328.17221,329.0126,303.35855,305.96042,778492045
2023-02-10,306.00726,309.05692,303.01657,305.95413,492880078
2023-02-11,305.97992,311.14688,305.4541,310.61603,348569462
2023-02-12,310.60562,320.23486,306.51749,312.92966,520994815
2023-02-13,312.90182,315.12305,283.69638,294.47534,1322505522
2023-02-14,294.4704,301.13327,290.17349,296.12036,662196432
2023-02-15,296.14493,317.38733,294.38327,317.16922,667519216
2023-02-16,317.15039,326.63489,304.50275,304.7637,1036335164
2023-02-17,304.74274,316.41354,303.55191,313.37799,701575686
2023-02-18,313.38586,318.6785,313.30054,316.68271,467884011
2023-02-19,316.61966,318.42645,311.30985,311.93585,522437732
2023-02-20,312.02792,319.30078,309.42825,315.37744,676396150
2023-02-21,315.39935,316.99728,309.95526,311.47202,579359973
2023-02-22,311.48264,312.80939,304.22122,312.78113,549179249
2023-02-23,312.80533,314.8949,306.18021,308.53394,472852406
2023-02-24,308.45972,311.79944,300.05814,302.05371,479926281
2023-02-25,302.10025,303.02924,297.22412,302.38461,310503640
2023-02-26,302.36902,309.58756,300.96625,308.99707,312320211
2023-02-27,308.9852,309.32544,300.9361,304.8558,404806423
2023-02-28,304.85498,305.63272,300.56928,301.47482,337673265
2023-03-01,301.51034,306.18515,301.09802,302.90747,377974810
2023-03-02,302.91611,303.55417,296.51917,299.94617,370516889
2023-03-03,299.97757,300.08765,287.97925,290.28284,450262903
2023-03-04,290.28989,291.32755,286.61908,289.50388,289197235
2023-03-05,289.52063,292.45908,287.87592,288.69971,287599378
2023-03-06,288.7045,289.71838,283.95316,288.05496,374160712
2023-03-07,287.99554,290.21674,284.37408,289.34369,373176525
2023-03-08,289.32745,293.64163,285.58548,286.867,436665040
2023-03-09,286.94577,291.36649,272.72836,277.29611,505668979
2023-03-10,277.32352,278.10074,265.71243,277.41959,558776711
2023-03-11,277.43466,281.6441,272.28308,277.96143,523623578
2023-03-12,277.94403,289.71341,276.63861,289.67578,483074620
2023-03-13,289.74081,313.75372,287.55618,308.9122,1122664621
2023-03-14,308.93799,319.83896,304.01312,309.37079,866173920
2023-03-15,309.44614,313.92416,301.69415,307.12494,596861029
2023-03-16,307.21344,333.00717,304.42954,329.86087,1337194824
2023-03-17,329.88632,340.27005,327.13559,339.08115,934568148
2023-03-18,339.04074,346.44513,330.79123,331.52429,828471428
2023-03-19,331.53018,341.81659,331.53018,336.97824,705888292
2023-03-20,337.00095,339.79804,332.85409,332.923,682276624
2023-03-21,333.01581,339.5477,328.99399,335.30924,638610697
2023-03-22,335.29413,339.68579,317.60025,321.88773,1280612242
2023-03-23,321.86353,331.96851,319.89221,329.83701,547390925
2023-03-24,329.80807,330.17398,317.77679,322.35934,468651735
2023-03-25,322.31986,325.00284,319.91092,322.67307,439062620
2023-03-26,322.63651,329.56754,322.09665,328.888,363216136
2023-03-27,328.90448,329.33051,306.45444,310.94913,656817420
2023-03-28,310.94656,314.98615,307.37128,313.26062,478328374
2023-03-29,313.22754,319.5325,312.79041,313.84177,482942200
2023-03-30,313.86261,317.79571,311.00363,316.56757,594180917
2023-03-31,316.63242,319.63358,313.7865,317.04001,419430009
2023-04-01,317.05978,318.43063,313.56131,315.21732,463135728
2023-04-02,314.94208,316.18842,311.53656,313.92862,442429679
2023-04-03,313.93765,314.03323,300.50876,308.56238,701865645
2023-04-04,308.58984,312.08749,308.46497,310.99484,575672802
2023-04-05,311.00092,316.31082,310.5144,314.06317,592856922
2023-04-06,314.08395,314.59122,311.06174,312.45465,530706217
2023-04-07,312.45395,312.86527,309.98343,310.69949,478098163
2023-04-08,310.66531,312.68326,310.38803,310.63473,461767801
2023-04-09,310.65906,313.61316,309.88458,312.87225,465627007
2023-04-10,312.86813,318.37906,311.8118,318.37906,565754261
2023-04-11,318.41153,332.87778,318.14307,322.75827,896643000
2023-04-12,322.76523,323.48981,317.34103,318.95377,639928192
2023-04-13,320.02347,325.2355,318.16263,324.94809,684442464
2023-04-14,324.97571,335.52277,324.03711,329.17386,941862415
2023-04-15,329.1727,335.97052,327.57202,333.40729,730957108
2023-04-16,333.3902,349.95664,331.28983,348.22092,936315454
2023-04-17,348.17575,350.0723,338.26062,339.99411,856381072
2023-04-18,340.04477,346.49304,337.85931,343.19345,741280408
2023-04-19,343.16962,343.52991,321.05203,322.70752,826810466
2023-04-20,322.58774,326.55252,315.90219,317.88992,663981561
2023-04-21,317.92111,331.41718,316.11694,321.67499,1057530805
2023-04-22,321.65674,332.991,320.31046,331.99509,670641138
2023-04-23,332.01334,332.2207,327.77954,330.61884,639990072
2023-04-24,330.62131,333.44812,328.14487,331.24588,662758378
2023-04-25,331.2005,339.70117,328.80679,338.32556,682400159
2023-04-26,338.3248,344.81683,325.43854,330.82178,910334786
2023-04-27,330.84638,336.44528,329.10217,331.1951,750494420
2023-04-28,331.19931,331.19931,319.59085,324.50024,1069178743
2023-04-29,324.48947,324.74344,321.87061,322.13473,536818146
2023-04-30,322.10663,337.94492,320.72305,337.64554,865228956
2023-05-01,337.60523,339.39166,326.67004,328.72421,912601797
2023-05-02,328.73804,328.75897,321.9527,321.9527,686766524
2023-05-03,321.97571,327.43692,320.9885,326.21289,822037855
2023-05-04,326.20374,327.44412,323.52322,323.91715,467074893
2023-05-05,323.92618,328.90457,323.92618,326.94031,519090054
2023-05-06,326.94537,328.73691,320.5791,322.77402,494274153
2023-05-07,322.75797,325.81415,321.51294,321.61105,437921018
2023-05-08,321.42575,322.42502,311.88534,313.97122,636404503
2023-05-09,314.00208,315.73404,311.59946,312.5137,461175016
2023-05-10,312.49844,316.67789,308.81528,314.57745,545212280
2023-05-11,314.58963,314.58963,304.96152,307.69583,484941644
2023-05-12,307.68903,308.8201,301.5824,308.60312,509746023
2023-05-13,308.63431,311.89795,307.83954,311.08688,385073781
2023-05-14,311.08945,314.63773,310.00586,312.1359,404468149
2023-05-15,312.13361,316.36581,311.01413,313.52942,432273711
2023-05-16,313.54291,314.03793,309.69275,311.38004,402988974
2023-05-17,311.36981,314.26999,307.64121,314.08353,437721579
2023-05-18,314.09122,314.66629,306.64963,309.4567,383049498
2023-05-19,309.44678,311.1976,307.93005,308.96429,334636708
2023-05-20,308.98242,311.84232,308.08798,310.71997,277393160
2023-05-21,310.70963,311.5177,306.47852,306.50671,302803530
2023-05-22,306.52347,310.83539,305.04764,309.24564,355156561
2023-05-23,309.24918,315.21268,309.23889,313.50623,361568579
2023-05-24,313.51914,313.55042,304.16553,305.93277,418835791
2023-05-25,305.9227,306.67587,302.94235,304.73364,401117895
2023-05-26,304.72571,308.41437,301.89356,306.88632,475658791
2023-05-27,306.8949,307.59845,304.40213,307.59177,331579600
2023-05-28,307.58072,314.45099,306.99799,314.27005,405623337
2023-05-29,314.28464,316.79559,310.79294,311.80719,543284868
2023-05-30,311.81033,314.27661,311.31351,311.68451,392038878
2023-05-31,311.69571,311.84665,305.3764,306.8667,474410245
2023-06-01,306.88281,307.61377,303.64456,304.95328,354897855
2023-06-02,304.95068,308.39615,303.74014,307.4238,382256220
2023-06-03,307.4339,308.19766,305.64899,306.72012,260995871
2023-06-04,306.71844,307.58392,305.01212,305.1568,273449324
2023-06-05,305.16727,305.16727,272.88956,276.88925,928515688
2023-06-06,276.93362,285.59671,273.72394,281.49557,691784529
2023-06-07,281.48145,281.48145,256.0957,259.39145,958739195
2023-06-08,259.40091,266.80722,257.76453,262.1485,562863852
2023-06-09,262.15079,263.92142,256.5094,260.7161,491429998
2023-06-10,260.69867,260.7161,233.16919,239.08908,1068424942
2023-06-11,239.08742,239.34827,234.4307,235.4388,376213808
2023-06-12,235.40392,238.47322,222.07134,231.05144,1014433334
2023-06-13,231.07504,245.6422,229.31169,243.89053,864407068
2023-06-14,243.89053,251.63016,234.04256,237.57427,738634212
2023-06-15,237.6097,240.15533,231.06581,236.28069,502420772
2023-06-16,236.27345,242.80199,232.82852,239.11467,488582672
2023-06-17,239.12903,249.13011,237.41791,244.61058,451849200
2023-06-18,244.59581,248.27257,242.76915,244.08727,372246652
2023-06-19,244.09004,244.412,239.14566,242.90337,359118142
2023-06-20,242.88185,247.82269,239.01874,247.67444,477391843
2023-06-21,247.68294,253.54193,245.54825,249.28635,717670519
2023-06-22,249.27647,256.22003,240.0522,240.79244,709030407
2023-06-23,240.79205,248.80978,240.09482,244.56494,493157882
2023-06-24,244.55351,248.42862,231.99475,236.65965,558809140
2023-06-25,236.63677,241.87276,235.63614,238.89299,414941211
2023-06-26,238.87912,241.17384,234.29634,236.13426,427457532
2023-06-27,236.13107,240.82285,234.99007,237.49268,348181738
2023-06-28,237.50264,237.58015,226.9771,230.65036,480872336
2023-06-29,230.6324,236.42101,230.58769,233.23245,332343168
2023-06-30,233.19444,241.31294,232.20052,240.36978,626872820
2023-07-01,240.3869,248.47026,240.3869,247.75943,603755323
2023-07-02,247.78603,248.0564,243.24127,246.25792,519491311
2023-07-03,246.25464,251.37985,245.88483,246.38222,669962148
2023-07-04,246.34529,246.83879,241.22853,242.49292,439591635
2023-07-05,242.49948,243.86112,237.12012,239.08109,455501209
2023-07-06,239.06853,244.10268,232.17181,232.31943,536134671
2023-07-07,232.33342,236.07912,231.64574,235.62116,418416864
2023-07-08,235.61026,237.41191,234.63715,236.28738,319300746
2023-07-09,236.29456,237.01952,233.47604,234.22836,289327973
2023-07-10,234.23296,246.2997,232.00757,245.87427,834091613
2023-07-11,245.89627,249.2054,244.93901,248.53833,536228377
2023-07-12,248.53809,250.34065,242.80336,244.01988,505389150
2023-07-13,244.00223,257.26563,243.04973,256.48969,761150982
2023-07-14,256.4642,261.1026,244.27567,248.19162,799468588
2023-07-15,248.17552,252.53726,247.50807,251.0997,422767368
2023-07-16,251.09824,251.88242,242.58014,242.65683,441487283
2023-07-17,242.6581,244.68204,240.5976,244.353,671028354
2023-07-18,244.33458,246.53085,238.70422,240.26494,751858394
2023-07-19,240.27419,243.9277,239.99359,241.16081,499664149
2023-07-20,241.13889,243.14259,240.38774,242.73314,485038743
2023-07-21,242.75429,245.16335,242.36748,243.78899,413015398
2023-07-22,243.80908,244.85873,240.51262,241.03075,310128851
2023-07-23,241.05466,243.97649,240.76122,242.45596,279600847
2023-07-24,242.44943,242.89188,236.29239,238.94621,451906472
2023-07-25,238.9641,239.63721,236.99941,237.80856,366519529
2023-07-26,237.81908,240.23772,236.64113,238.96236,417581395
2023-07-27,238.96011,243.16351,238.63844,240.4988,433186880
2023-07-28,240.50513,242.797,239.98787,241.97704,388148322
2023-07-29,241.97134,242.72627,241.32314,242.57637,317500344
2023-07-30,242.58221,243.78572,240.92519,242.52599,425584373
2023-07-31,242.51959,244.20258,240.76445,241.12065,1092564922
2023-08-01,241.12805,247.50502,238.53024,247.50502,830645013
2023-08-02,247.49031,248.51155,236.89177,240.49464,650256385
2023-08-03,240.50998,241.58325,238.50964,241.06152,400525696
2023-08-04,241.04286,243.15547,240.45229,241.47601,370373499
2023-08-05,241.48967,243.02773,240.09039,242.95935,300760369
2023-08-06,242.9603,245.17902,242.61473,242.7986,417704185
2023-08-07,242.79169,244.32425,239.93536,241.7975,425652309
2023-08-08,241.79187,247.64737,241.3302,245.1499,504987528
2023-08-09,245.13631,245.34027,242.7665,243.89365,399576464
2023-08-10,243.88554,243.9261,240.39459,241.26247,365863690
2023-08-11,241.26073,241.91391,238.3598,239.70689,386856576
2023-08-12,239.70357,241.00261,239.40378,240.27362,284512149
2023-08-13,240.26968,241.62959,239.90259,240.03334,296580783
2023-08-14,240.04128,241.02493,239.74736,240.33925,381157536
2023-08-15,240.35046,240.41031,235.36054,236.67958,482870297
2023-08-16,236.6897,237.01422,231.20517,231.86874,461572144
2023-08-17,231.87257,232.10506,214.54744,218.53584,786294218
2023-08-18,218.56574,220.13701,214.02225,216.11255,567051050
2023-08-19,216.14449,218.99759,214.32884,216.99945,477267428
2023-08-20,217.01585,217.88243,215.68086,216.6358,297744717
2023-08-21,216.6308,216.74118,207.56877,210.63895,582113967
2023-08-22,210.57996,211.87425,204.39914,210.83435,637832641
2023-08-23,210.8187,218.31671,210.8187,216.39929,566160608
2023-08-24,216.44484,220.38551,215.89973,218.64639,394620698
2023-08-25,218.68109,219.25499,214.26517,218.33106,423891092
2023-08-26,218.3318,218.78644,216.21404,216.36424,273738258
2023-08-27,216.36995,219.53919,216.0804,218.358,325410553
2023-08-28,218.35825,218.97002,215.85019,218.71857,332786869
2023-08-29,218.72151,233.06001,217.04787,226.86289,593296661
2023-08-30,226.87015,227.04901,221.97815,223.79944,359750612
2023-08-31,223.81857,225.58888,215.44843,216.59779,428616639
2023-09-01,216.59848,217.96574,211.59172,213.63055,438229562
2023-09-02,213.62692,215.5995,213.29054,214.44855,291979876
2023-09-03,214.45482,215.1149,213.41196,214.39995,264565518
2023-09-04,214.39311,216.26752,213.28238,215.19751,364530693
2023-09-05,215.21101,215.722,213.67244,214.47813,298056096
2023-09-06,214.48904,217.18083,212.31671,215.13466,367874698
2023-09-07,215.13947,217.60396,213.57312,216.88718,414939879
2023-09-08,216.88374,218.22282,213.61948,214.56203,350437594
2023-09-09,214.56703,215.33014,214.22295,214.22295,218159197
2023-09-10,214.22057,214.22784,211.53862,212.31802,334977578
2023-09-11,212.32262,212.61009,204.35674,206.03421,466832593
2023-09-12,206.04315,213.48744,205.26248,210.99437,435525863
2023-09-13,211.02387,213.15785,209.49744,212.64259,329580406
2023-09-14,212.64058,214.88356,211.38294,212.28284,370840987
2023-09-15,212.30435,214.94475,211.19467,214.17552,477731080
2023-09-16,214.16838,215.70355,213.5629,214.96054,483436741
2023-09-17,214.94898,216.63503,213.70975,216.46578,432102186
2023-09-18,216.47092,221.00986,215.31731,216.00392,572231452
2023-09-19,216.00177,219.74902,215.64177,217.21095,385547582
2023-09-20,217.2106,217.7567,213.76047,214.36333,372917826
2023-09-21,214.35375,215.10938,209.58688,210.79395,384479845
2023-09-22,210.78938,212.02658,209.94168,211.15086,274805031
2023-09-23,211.13806,211.58322,210.14201,210.56061,215040995
2023-09-24,210.57478,211.23727,207.93294,208.2829,287192497
2023-09-25,208.26013,210.51839,207.47809,210.07381,294180845
2023-09-26,210.05017,213.18782,209.86691,212.37845,615780140
2023-09-27,212.3714,215.72875,210.886,211.98541,753741988
2023-09-28,211.99095,216.77533,211.65132,215.07599,358321830
2023-09-29,215.09398,217.25771,214.50638,215.27942,335321479
2023-09-30,215.27779,216.31216,214.48369,214.8213,243788424
2023-10-01,214.80032,219.13384,213.50652,218.04713,387408083
2023-10-02,218.04935,221.18829,213.54633,214.75794,466879383
2023-10-03,214.73491,215.72119,212.77057,213.43594,305437646
2023-10-04,213.44147,213.76241,210.9364,213.41309,357560724
2023-10-05,213.42275,213.7836,210.47124,210.67967,351872670
2023-10-06,210.66527,214.39296,210.55725,213.55553,271152975
2023-10-07,213.54396,213.85986,211.7608,212.36447,211771782
2023-10-08,212.38101,212.84677,209.70178,211.51999,267193041
2023-10-09,211.52261,212.10286,203.65544,205.75096,416312027
2023-10-10,205.75009,210.45429,205.75009,208.57687,441959353
2023-10-11,208.58229,208.73055,204.80925,206.53342,323117665
2023-10-12,206.53587,206.6591,203.65845,205.22942,302337006
2023-10-13,205.2258,207.94254,204.61762,206.03612,296977151
2023-10-14,206.04028,207.02554,205.82729,206.6019,203846460
2023-10-15,206.60028,210.23161,206.47858,209.74251,352524312
2023-10-16,209.74881,217.12123,209.74881,214.82396,521099239
2023-10-17,214.81212,215.01222,210.38236,211.64323,352621995
2023-10-18,211.6362,213.57628,210.0967,210.50104,275336939
2023-10-19,210.49162,211.41202,208.53713,211.14417,281310969
2023-10-20,211.14505,216.10242,210.74655,212.30084,335590168
2023-10-21,212.29852,215.61278,211.62251,214.30566,267943731
2023-10-22,214.32173,218.00485,213.83429,217.74738,286771903
2023-10-23,218.45592,229.98146,218.30498,228.35277,611625206
2023-10-24,228.3383,236.75008,223.11714,225.14296,658304834
2023-10-25,225.16864,228.81482,222.03418,222.17993,414309192
2023-10-26,222.18552,227.85788,219.92673,223.23604,438534864
2023-10-27,223.21909,229.85179,220.20351,224.47591,554008090
2023-10-28,224.47151,227.97061,224.35762,225.77408,244363054
2023-10-29,225.78799,228.14613,224.25832,227.14845,207847188
2023-10-30,227.13492,229.1915,225.02121,228.28743,282899321
2023-10-31,228.28236,229.2413,224.33131,226.43994,319329197
2023-11-01,226.41817,229.14108,222.8604,228.00011,384772000
2023-11-02,228.01665,233.33608,227.90749,231.72302,487639810
2023-11-03,231.70326,232.21132,226.34674,230.60597,332547803
2023-11-04,230.59749,238.50996,229.65533,237.45461,267965564
2023-11-05,237.44223,245.59403,236.78618,244.32248,419858434
2023-11-06,244.32045,255.3423,242.1801,254.6348,524115628
2023-11-07,254.65329,255.5461,242.69498,246.39529,549207441
2023-11-08,246.39012,247.80907,244.58038,247.12329,369346518
2023-11-09,247.05217,255.45465,243.32954,251.51085,1116630429
2023-11-10,251.52683,257.78803,248.94331,251.08237,873515280
2023-11-11,251.09848,255.0784,246.72113,251.42162,872206327
2023-11-12,251.43442,251.64693,245.83246,247.64002,758715918
2023-11-13,247.64047,250.12431,241.12714,241.33507,888039233
2023-11-14,241.36984,248.66522,236.28574,242.26367,917236070
2023-11-15,242.28101,254.18178,242.26117,253.75534,921052035
2023-11-16,253.74478,255.58504,240.67567,242.75888,950453378
2023-11-17,242.83995,245.9876,238.99965,244.74536,788884171
2023-11-18,244.74626,245.35306,239.28082,244.95076,679630905
2023-11-19,244.96768,246.93626,242.42351,246.58778,618053586
2023-11-20,246.58455,263.87003,243.14175,253.63509,1289010990
2023-11-21,253.64386,269.91757,224.98171,226.4864,2480554399
2023-11-22,226.46132,238.1767,225.65825,236.1366,1338117919
2023-11-23,236.09602,238.79134,230.75224,233.76581,766695224
2023-11-24,233.7527,236.3793,232.19286,232.90096,709881299
2023-11-25,232.91744,235.7813,232.68335,234.43994,553022191
2023-11-26,234.42821,234.49466,229.38506,232.0472,606332049
2023-11-27,231.98389,232.80939,223.48683,227.42148,795547656
2023-11-28,227.42799,231.75552,224.67864,229.69296,674267936
2023-11-29,229.69324,231.19745,226.51944,227.34276,602240832
2023-11-30,227.34303,229.14397,226.22655,227.68381,572448874
2023-12-01,227.68881,229.89107,227.23267,228.54564,611750028
2023-12-02,228.53856,230.0343,226.68961,229.30084,628871423
2023-12-03,229.28954,231.63904,226.49602,228.09821,719496781
2023-12-04,228.07547,236.83495,227.15532,233.2953,2139028703
2023-12-05,233.30866,234.48468,228.40753,231.26135,851959167
2023-12-06,231.26344,234.58611,229.42441,229.42441,850327297
2023-12-07,229.53221,234.53844,229.20097,232.97743,813730268
2023-12-08,232.9605,239.8387,232.64861,238.91599,828993280
2023-12-09,238.91325,245.00528,237.0799,237.7686,856746249
2023-12-10,237.79372,241.25058,237.55776,239.73315,640133489
2023-12-11,239.76891,246.75586,230.53104,246.42087,1442275453
2023-12-12,246.36578,256.7092,245.99194,254.49498,1394681963
2023-12-13,254.40396,255.56297,244.81398,252.42333,1052163656
2023-12-14,252.40561,254.08792,248.72571,253.54121,876150236
2023-12-15,253.51744,253.54971,243.86737,244.89844,769388533
2023-12-16,244.89642,248.08638,243.45065,244.35097,651447427
2023-12-17,244.35071,244.43218,239.23064,239.30829,650163942
2023-12-18,239.24715,241.34843,232.75281,241.34843,871708609
2023-12-19,241.34769,254.57459,241.34769,252.63719,1254351945
2023-12-20,252.62976,261.5574,250.76505,260.10736,1053279744
2023-12-21,260.14862,274.44061,256.59848,271.24658,1183480386
2023-12-22,271.27652,276.15979,265.4195,271.37649,1014769310
2023-12-23,271.38129,272.16708,266.16846,271.39096,695725248
2023-12-24,271.37753,272.59015,262.77564,264.7171,803502105
2023-12-25,264.73529,267.9342,262.48712,267.07336,738674209
2023-12-26,267.07217,302.70758,265.09006,297.69324,1941843757
2023-12-27,297.74832,323.76941,286.40338,323.67734,1893987416
2023-12-28,323.80371,337.42581,321.3273,323.599,1987714005
2023-12-29,323.51303,325.50143,309.19144,313.87875,1415732360
2023-12-30,313.84195,320.11157,313.56006,317.1662,901159404
2023-12-31,317.06815,325.00653,310.69784,312.4357,953254184
2024-01-01,312.38593,315.74567,308.09674,314.4083,910568057
2024-01-02,314.26755,320.93323,308.35065,312.10382,1133024158
2024-01-03,312.15161,332.74921,301.41919,316.66129,1927148986
2024-01-04,316.62445,323.82248,312.14545,323.60001,1285291962
2024-01-05,323.62024,327.04233,310.65067,317.45029,1257230413
2024-01-06,317.49518,317.82727,301.39597,307.7945,1051283820
2024-01-07,307.79407,309.88239,301.08621,302.89053,817795075
2024-01-08,302.9035,308.28348,290.8804,304.5004,1141697708
2024-01-09,304.47525,306.67081,296.51999,300.97611,1374376391
2024-01-10,300.9826,309.60288,290.12204,305.09683,1199728038
2024-01-11,305.22379,316.72006,302.64752,308.70151,1326827289
2024-01-12,308.62833,312.68658,290.73727,296.63046,1198386629
2024-01-13,296.62543,302.92404,291.51975,302.2273,816347256
2024-01-14,302.22711,306.50232,299.01425,299.05133,787643004
2024-01-15,299.02582,319.59006,299.02582,317.56726,1667214322
2024-01-16,317.54678,318.74594,313.54285,315.22626,1143877764
2024-01-17,315.16122,315.92755,307.35877,309.08539,1206464161
2024-01-18,309.09311,315.14319,305.71716,313.29288,1105813150
2024-01-19,313.29288,315.64008,306.37784,314.30045,1036123822
2024-01-20,314.30023,316.96039,312.30362,316.96039,694855739
2024-01-21,316.96176,321.28381,316.2226,318.3187,723174009
2024-01-22,318.37909,319.74008,304.57822,305.43701,948987847
2024-01-23,305.4375,311.17386,291.05728,298.4039,1065495592
2024-01-24,298.40723,300.34097,290.85434,293.09143,960725208
2024-01-25,293.09299,296.05249,287.72815,291.91928,1086918042
2024-01-26,291.93906,303.79184,290.87738,302.31799,964268733
2024-01-27,302.31717,307.41144,302.06143,305.82483,691653061
2024-01-28,305.77438,308.76865,303.29236,304.97562,782354766
2024-01-29,305.02145,310.71301,304.60358,310.70801,824640185
2024-01-30,310.70801,312.96222,306.91794,307.46274,777667889
2024-01-31,307.47238,307.86499,298.96063,300.35107,814318731
2024-02-01,300.35107,301.88318,296.56213,300.1759,754502530
2024-02-02,300.16391,304.28506,299.94278,301.15497,699579739
2024-02-03,301.1814,303.50916,299.62506,299.73672,606345017
2024-02-04,299.71567,307.40933,298.21262,304.73416,818836774
2024-02-05,304.71844,306.52313,299.54913,300.85403,826414727
2024-02-06,300.85837,303.57236,300.63946,302.71014,680038428
2024-02-07,302.71161,308.47809,300.84955,307.63458,776516914
2024-02-08,307.57355,320.40735,307.50623,318.87189,1206142745
2024-02-09,318.92337,325.64459,318.20239,323.84229,1094700959
2024-02-10,323.87161,325.4267,319.57996,323.13388,737748174
2024-02-11,323.10352,324.76831,320.30939,320.78754,706320478
2024-02-12,320.80402,331.43985,315.93243,327.94461,982444950
2024-02-13,327.9324,329.20578,319.48441,324.86823,886487720
2024-02-14,324.86557,334.36914,323.87659,334.24597,887463520
2024-02-15,334.21088,365.13312,333.853,354.71082,1744161787
2024-02-16,354.68756,365.56207,351.7016,360.89038,1461675119
2024-02-17,360.87296,363.2818,349.04321,352.90811,1101515839
2024-02-18,352.91299,358.00885,349.67996,349.67996,959954204
2024-02-19,349.67828,355.69812,349.62378,351.8071,1290009052
2024-02-20,351.80795,360.37363,346.07401,354.86392,1489888631
2024-02-21,354.86386,379.06552,351.40125,378.53732,2264483250
2024-02-22,378.71396,386.59409,374.3027,382.00977,2002118598
2024-02-23,381.98312,385.45795,369.40009,375.31909,1755398357
2024-02-24,375.32382,383.0737,371.99915,381.7428,1088410661
2024-02-25,381.74262,390.4501,378.12857,388.55173,1324081579
2024-02-26,388.535,404.44009,382.25687,401.64389,2011146388
2024-02-27,401.64389,403.74005,390.91788,394.99564,1750697179
2024-02-28,394.95172,427.04681,394.66107,415.77161,2323818531
2024-02-29,415.58362,419.77902,392.37988,399.77872,2058367303
2024-03-01,399.67242,408.5528,399.4783,407.81076,1527194519
2024-03-02,407.80484,414.84515,406.54166,410.98587,1520439801
2024-03-03,410.97781,416.6257,405.08533,414.38107,1810575392
2024-03-04,414.41403,423.80057,411.47653,419.03543,2111212949
2024-03-05,419.01645,427.08289,363.22064,394.66174,3319029162
2024-03-06,394.66495,433.42551,386.22952,429.01196,3281109608
2024-03-07,429.01196,477.20718,423.78702,475.29065,3328990543
2024-03-08,475.27771,489.57855,464.83386,488.09418,3644157779
2024-03-09,488.09271,494.07596,482.64063,489.56183,2314944823
2024-03-10,489.54092,537.41528,486.83554,529.37476,4507153439
2024-03-11,529.44745,532.78967,509.98392,522.71802,3950105375
2024-03-12,522.71899,547.01831,521.91394,537.86572,4381078189
2024-03-13,537.86572,631.1684,532.0459,630.56134,5717769152
2024-03-14,630.56134,630.95624,569.20691,602.98871,4918366892
2024-03-15,602.96759,634.20081,547.70398,632.80279,5849156503
2024-03-16,632.80279,641.48114,571.28687,576.77521,3952760767
2024-03-17,576.77521,589.63568,550.14325,571.08557,3512190982
2024-03-18,571.08557,586.51495,540.84631,554.55713,3982384372
2024-03-19,554.55713,559.86041,498.56235,507.07657,4346763421
2024-03-20,507.08646,558.94647,501.11685,556.7005,3177352364
2024-03-21,556.7005,570.05322,541.65509,553.24823,2595135487
2024-03-22,553.24823,587.73145,535.97266,551.77856,2949959002
2024-03-23,551.77856,567.54468,544.92126,551.87952,1962524597
2024-03-24,551.87952,572.48822,549.52631,567.99481,1745465728
2024-03-25,567.99481,597.66217,565.13788,587.42761,2490221265
2024-03-26,587.42761,597.013,572.8078,580.15051,2086911757
2024-03-27,580.1593,584.98676,565.51166,574.5116,1983797879
2024-03-28,574.5116,591.31464,574.20178,583.27087,1986567688
2024-03-29,583.28674,619.97259,582.46936,612.65796,2788931743
2024-03-30,612.66016,612.99493,597.62982,601.01636,1750650703
2024-03-31,601.00513,608.66425,600.87927,606.90863,1456592924
2024-04-01,606.90869,607.64557,570.05316,576.39667,2020241864
2024-04-02,576.37659,578.133,546.86816,550.68146,2480273065
2024-04-03,550.68146,567.99799,540.24683,562.01965,2096610785
2024-04-04,562.01965,597.83533,561.34912,585.44153,2340488273
2024-04-05,585.48322,591.3327,565.75098,578.96692,1983792648
2024-04-06,578.96692,590.60223,575.91754,585.9668,1328988130
2024-04-07,585.9668,590.88593,578.71912,584.10217,1374676397
2024-04-08,584.10217,600.89288,577.98334,586.90094,1739232272
2024-04-09,586.90094,589.66675,574.14032,580.83032,1988165022
2024-04-10,580.83032,610.48297,574.46143,610.08392,1654268255
2024-04-11,610.08392,617.46863,592.60217,604.8938,1299527568
2024-04-12,604.8938,626.98407,575.58087,596.38013,2619549858
2024-04-13,596.37494,599.89197,517.27008,554.29981,2660310655
2024-04-14,554.29981,570.25757,537.18054,567.21845,1724305772
2024-04-15,567.21845,585.48596,546.86536,552.87451,1488692418
2024-04-16,552.8747,554.10486,524.22186,537.82935,1299731119
2024-04-17,537.83136,548.04285,514.11285,534.41602,1411927485
2024-04-18,534.41498,555.04004,527.43005,552.17212,1439312699
2024-04-19,552.17212,564.54486,525.02863,554.88928,1320094794
2024-04-20,554.88812,574.09869,549.80005,570.96051,697007137
2024-04-21,570.96051,582.27203,567.17108,579.61993,782061076
2024-04-22,579.61469,608.51703,579.14166,605.5755,1300340623
2024-04-23,605.5755,613.54333,599.93756,606.84064,1380221181
2024-04-24,606.84064,617.30512,592.94409,608.08612,1518718475
2024-04-25,608.09064,617.80621,601.77747,614.00501,1161642323
2024-04-26,614.00501,614.83423,597.17963,597.70544,817787521
2024-04-27,597.70544,599.28278,586.15271,595.72052,781864034
2024-04-28,595.72052,607.82428,595.71655,600.07117,681109845
2024-04-29,600.07117,602.59894,583.3385,592.83124,868114786
2024-04-30,592.83179,603.32282,556.1709,578.48804,1727881192
2024-05-01,578.48749,579.33295,538.04645,561.4082,1502825527
2024-05-02,561.4082,565.4574,543.52234,560.52673,877449354
2024-05-03,560.52673,590.24481,559.44672,587.01044,854728192
2024-05-04,587.01843,593.19342,583.29938,585.84656,582273374
2024-05-05,585.84656,594.9953,580.24628,592.14038,531182053
2024-05-06,592.13989,601.88672,583.37341,588.47595,1522319999
2024-05-07,588.47595,599.93549,576.72455,577.48621,1535678414
2024-05-08,577.48621,589.57257,575.14801,588.19745,1603241013
2024-05-09,588.19745,602.58972,586.73035,596.03198,1897318659
2024-05-10,596.02765,596.58337,582.04578,585.62219,1521708160
2024-05-11,585.62219,594.20654,581.89667,592.02789,1333662111
2024-05-12,592.02918,599.18414,587.80432,594.42456,1276671115
2024-05-13,594.42456,597.76801,585.52075,591.60693,1636169234
2024-05-14,591.60693,592.83698,563.42023,566.70703,1944063031
2024-05-15,566.70703,587.42151,561.12726,582.07434,1895100260
2024-05-16,582.10016,586.43634,565.76233,569.19025,1911862000
2024-05-17,569.19025,584.66602,568.83673,581.17835,1557134929
2024-05-18,581.17835,581.98718,575.01856,580.48114,1358737176
2024-05-19,580.48157,581.87671,572.36963,574.63165,1298887094
2024-05-20,574.63165,601.56384,569.52356,600.61633,2145457267
2024-05-21,600.60107,629.86108,593.93274,618.42047,3564986916
2024-05-22,618.42047,625.56628,610.54602,614.67188,2138536549
2024-05-23,614.67188,616.52448,581.9541,598.67084,2631566566
2024-05-24,598.67084,604.31488,588.89398,600.22589,1778282198
2024-05-25,600.22662,606.36731,599.60724,602.19446,1392399167
2024-05-26,602.19446,604.83008,598.69586,599.82593,1372657185
2024-05-27,599.82593,613.38818,599.70075,603.52643,1691663828
2024-05-28,603.52643,604.98511,593.71619,601.21326,1852329404
2024-05-29,601.21326,602.93152,592.96661,594.97205,1642696946
2024-05-30,594.97253,601.66504,586.55768,595.02679,1737524745
2024-05-31,595.02679,598.42365,589.77484,593.52234,1590349553
2024-06-01,593.52234,607.58289,592.6806,601.3042,1520074486
2024-06-02,601.30414,604.97809,596.1648,603.02661,1667233984
2024-06-03,603.05096,637.24713,601.18317,626.43298,2952110605
2024-06-04,626.43298,687.40381,625.26495,686.20142,3416994948
2024-06-05,686.20142,712.58838,685.7771,698.8894,3501231414
2024-06-06,698.8894,720.67261,692.99475,710.46405,2997888288
2024-06-07,710.46039,710.8385,665.18018,683.36096,2987033806
2024-06-08,683.36859,694.31281,678.64581,682.66516,1966216051
2024-06-09,682.66388,684.75989,670.81354,673.31531,1856183346
2024-06-10,673.33545,674.31348,615.77295,624.38684,3184376694
2024-06-11,624.39679,628.26337,597.04187,602.5581,2604834485
2024-06-12,602.6026,634.67584,592.29327,619.19482,2221546160
2024-06-13,619.22516,619.29858,596.30878,599.51508,1879189691
2024-06-14,599.4787,611.62872,590.49634,603.18054,1848914113
2024-06-15,603.1142,609.05048,601.58594,607.80292,1471028668
2024-06-16,607.80847,611.19751,601.47693,610.05402,1428836675
2024-06-17,610.07367,611.94403,592.42615,604.46735,1797626078
2024-06-18,604.33289,604.65283,575.76172,588.70209,2265505402
2024-06-19,588.58472,605.73169,587.01416,598.77173,1788904109
2024-06-20,598.77173,607.40076,584.75995,587.10718,1817442036
2024-06-21,587.11261,588.70544,578.01587,585.91193,1672110625
2024-06-22,585.90094,590.93933,581.13763,590.76337,1387634576
2024-06-23,590.67157,592.77264,576.05817,577.21088,1444372224
2024-06-24,577.2229,581.23676,552.93652,567.57813,2033721646
2024-06-25,567.65308,579.10077,566.89911,578.10346,1581413208
2024-06-26,578.11371,584.19885,567.87884,572.40179,1537826836
2024-06-27,572.35852,583.73151,566.42975,580.79828,1659378248
2024-06-28,580.86597,584.34998,565.00537,566.46448,1618598501
2024-06-29,566.49164,572.94257,566.06592,569.12769,1375085097
2024-06-30,569.16785,584.07867,567.78503,581.77112,1564676508
2024-07-01,581.67456,587.28119,576.13648,576.68695,1613874196
2024-07-02,576.60468,581.03473,573.82697,578.98108,1528045271
2024-07-03,579.01038,579.93536,550.41669,556.57776,1736158280
2024-07-04,556.48621,556.89276,512.42236,513.99451,2056945763
2024-07-05,513.6145,515.22076,456.9234,497.99582,2865780557
2024-07-06,497.96552,530.44721,496.65732,527.67438,1604647597
2024-07-07,527.44049,527.44049,488.96494,490.61313,1660301909
2024-07-08,490.7128,523.15564,472.16141,510.61426,2305009896
2024-07-09,510.54477,520.6463,507.27478,516.56812,1586240513
2024-07-10,516.63471,529.19214,511.83518,524.51654,1592646761
2024-07-11,524.57672,540.07922,521.03796,525.13806,1685684515
2024-07-12,525.11713,537.31616,517.99329,533.75732,1600204226
2024-07-13,533.76141,539.19965,527.76483,532.34882,1436156860
2024-07-14,532.37854,547.35858,532.11023,544.81873,1486806663
2024-07-15,544.9209,586.54358,544.70081,586.14105,2019082961
2024-07-16,586.0094,587.39551,556.67053,576.58398,2082707183
2024-07-17,576.56073,584.00946,565.41766,568.91272,1739938322
2024-07-18,568.96826,579.34332,562.93274,571.95154,1636814280
2024-07-19,571.92712,598.05292,565.97388,593.70215,2052978808
2024-07-20,593.70935,598.30127,587.284,593.57221,1585229672
2024-07-21,593.57263,603.66425,583.54077,601.8512,1815088659
2024-07-22,601.8512,605.19116,587.77197,587.91779,1985538902
2024-07-23,587.91779,593.1073,578.28729,582.09955,1839296067
2024-07-24,582.10498,588.8692,570.95361,574.57849,1601708271
2024-07-25,574.57849,575.83881,554.75598,570.71338,1995371028
2024-07-26,570.71338,582.77362,570.45038,581.07794,1665724792
2024-07-27,581.07794,592.85254,574.89313,581.58881,1760015335
2024-07-28,581.58881,584.68994,575.04376,584.09961,1464043630
2024-07-29,584.09961,596.64911,573.98608,574.64258,1825858615
2024-07-30,574.64258,587.6651,567.99023,587.6651,1811656040
2024-07-31,587.6651,592.52356,575.25195,576.36816,1798590737
2024-08-01,576.36816,577.29132,553.75165,575.14673,2045220020
2024-08-02,575.14673,577.00116,540.11865,542.91516,2062337930
2024-08-03,542.91516,544.66669,522.19574,529.48132,1826715291
2024-08-04,529.48132,531.61578,488.24881,497.03909,1980159444
2024-08-05,497.03909,499.38944,407.5246,464.62692,4703145244
2024-08-06,464.62692,492.89551,464.28714,484.32382,2087680023
2024-08-07,484.32382,497.62408,468.99768,474.22476,1883200228
2024-08-08,474.19971,521.04047,469.19067,517.33752,1790085695
2024-08-09,517.33752,517.72315,500.17612,509.18271,1565495419
2024-08-10,509.18271,524.95904,507.85031,523.31763,1394699693
2024-08-11,523.31781,535.54004,503.23386,503.80454,1563057068
2024-08-12,503.80417,523.54462,500.2337,518.53613,1786263873
2024-08-13,518.53613,525.68652,514.54755,524.12854,1757981177
2024-08-14,524.12854,531.50519,516.50635,524.01532,1604400640
2024-08-15,524.01532,533.64368,511.60825,519.87036,1645936961
2024-08-16,519.87036,524.37402,511.04028,519.96863,1538941515
2024-08-17,519.96863,547.16138,518.94067,542.23425,1554176167
2024-08-18,542.23425,542.39545,531.23669,531.60852,1458218557
2024-08-19,531.60852,560.65814,529.61163,559.81885,1721716619
2024-08-20,559.81885,574.55689,559.11035,569.26697,2062353969
2024-08-21,569.26697,575.08783,547.61108,570.01971,1887431524
2024-08-22,570.01971,589.41657,561.2243,583.05188,1998394415
2024-08-23,583.05188,597.54376,575.76904,591.80603,2037288685
2024-08-24,591.80676,592.77325,575.8374,580.76221,2001661952
2024-08-25,580.76221,583.93634,569.9007,574.24994,1768863744
2024-08-26,574.24994,575.9812,547.22772,548.828,1818728257
2024-08-27,548.828,558.21405,523.43854,533.97589,1853530701
2024-08-28,533.97589,546.10938,523.77441,536.81616,2002418176
2024-08-29,536.81616,545.46149,532.30341,536.62567,1602974080
2024-08-30,536.62567,542.8147,523.05884,535.3158,1614321792
2024-08-31,535.3158,541.17499,531.62836,532.89697,1295016448
2024-09-01,512.59521,529.02264,502.17227,526.43872,1653356892
2024-09-02,526.43872,537.95667,518.66895,518.66895,1656732160
2024-09-03,518.63794,523.46942,496.43851,507.8205,1898187560
2024-09-04,507.8205,512.62579,497.34918,502.06937,1910690560
2024-09-05,502.06937,508.82013,473.16891,486.90274,1860035342
2024-09-06,486.90274,499.10577,483.2616,493.22614,1751327232
2024-09-07,493.22614,506.42511,491.02933,503.00015,1378399660
2024-09-08,503.00015,524.61127,501.98221,518.54535,1602303180
2024-09-09,518.54535,523.91382,514.01654,517.48383,1593975168
2024-09-10,518.54535,523.91382,514.01654,517.48383,1629703281
2024-09-11,517.48383,534.51355,507.24252,530.19403,1725751181
2024-09-12,530.19403,547.79175,530.14935,544.30377,1745545933
2024-09-13,544.30377,559.50989,539.05658,557.01807,1745545933
2024-09-14,557.01807,559.38953,548.8692,553.56506,1565883242
2024-09-15,553.56506,561.57709,552.36371,553.97229,1565883242
2024-09-16,553.97229,554.70087,527.44012,533.80908,1892135040
2024-09-17,533.80872,552.50061,529.42413,546.01355,1630506240
2024-09-18,546.01355,559.04456,537.50842,559.04456,1657679444
2024-09-19,559.04456,571.71899,553.51434,566.22351,1876243200
2024-09-20,566.22351,576.90527,559.64362,568.58508,1851707648
2024-09-21,568.57642,590.02527,566.81116,589.03796,1694887390
2024-09-22,589.03796,593.95453,577.45264,588.08691,1680179600
2024-09-23,588.08691,615.72064,585.50763,604.36603,2230064640
2024-09-24,604.36603,612.6076,600.26764,606.52307,1925532800
2024-09-25,606.52307,607.76294,584.85883,587.35254,1780406528
2024-09-26,587.35138,608.85419,581.22833,596.77692,2081857126
2024-09-27,596.77692,614.47351,596.50098,607.867,2144197609
2024-09-28,607.867,617.3324,595.20776,601.5672,1900287744
2024-09-29,601.5672,602.6604,593.04926,596.41119,1649655134
2024-09-30,596.41119,596.44147,564.65332,567.26007,1986892416
2024-10-01,567.26007,582.43475,538.47961,547.99713,2124076272
2024-10-02,547.99713,557.99866,536.15332,542.71234,1899771264
2024-10-03,542.71234,550.50757,535.38062,544.42499,1661735424
2024-10-04,544.42499,557.41217,542.28015,555.38422,1530908288
2024-10-05,555.38422,564.81512,552.34094,563.20917,1426434745
2024-10-06,563.20917,571.43042,561.58777,570.54272,1416593714
2024-10-07,570.54272,580.98346,564.12042,564.14972,1703177011
2024-10-08,564.14972,585.97424,560.29285,580.40387,2143563900
2024-10-09,580.40387,585.07367,567.1438,570.27716,1931734784
2024-10-10,570.27686,572.06073,551.7832,562.72577,1591428480
2024-10-11,562.72577,577.13483,560.0672,572.85724,1634530304
2024-10-12,572.85724,578.71082,572.85724,576.44977,1492966656
2024-10-13,576.44977,578.06403,565.13049,571.82172,1472484694
2024-10-14,571.82172,591.41083,569.97076,588.90045,1825783992
2024-10-15,588.90045,598.88928,578.48956,594.18921,2040945899
2024-10-16,594.18921,605.10419,589.93378,600.81781,1918592073
2024-10-17,600.81781,605.82898,585.71503,592.03961,1769722752
2024-10-18,592.03961,602.17072,591.69983,599.36499,1647704960
2024-10-19,599.36499,600.99933,595.72705,597.97491,1441776768
2024-10-20,597.97491,606.31537,593.73932,605.51782,1608355248
2024-10-21,605.51782,610.92035,591.69647,598.81757,1990985216
2024-10-22,598.81757,599.52325,587.20172,593.36066,1741729408
2024-10-23,593.36066,593.81079,573.08832,582.47339,1719055847
2024-10-24,584.64856,597.52533,583.02838,594.15479,1599600000
2024-10-25,594.15479,596.95398,567.05688,574.2536,1712373877
2024-10-26,574.2536,586.17023,571.32501,582.80609,1580227840
2024-10-27,582.80609,590.11926,581.25714,588.71582,1402058513
2024-10-28,588.71582,603.72174,585.12079,600.59607,1671332663
2024-10-29,600.59607,611.78149,599.94568,605.66827,1904038656
2024-10-30,605.66827,606.06519,594.44751,595.72784,1671943424
2024-10-31,595.72784,596.06885,571.42566,576.03448,1810695051
2024-11-01,576.03448,584.79718,568.16425,572.76227,1730009088
2024-11-02,572.76227,576.42047,562.94513,568.0368,1435791616
2024-11-03,568.0368,569.04846,547.81665,557.6416,1584005358
2024-11-04,557.6416,564.19861,543.90833,552.07111,1580672363
2024-11-05,552.07111,571.97052,551.25226,563.61206,1565200640
2024-11-06,563.61206,594.85846,563.28491,591.99524,2342544855
2024-11-07,591.99524,610.31671,588.65662,598.43591,1981912704
2024-11-08,598.43591,605.92413,589.54865,597.94843,1889648128
2024-11-09,597.94843,637.83698,597.8457,624.37469,2739276599
2024-11-10,624.37469,643.66431,613.56714,628.30249,2965668641
2024-11-11,628.30249,664.14349,614.02118,661.88721,3375111971
2024-11-12,661.88715,666.9176,613.62274,627.00385,3837122560
2024-11-13,627.00385,638.89246,600.52435,621.00031,3294001434
2024-11-14,621.0,659.53198,612.53406,621.68011,3392713356
2024-11-15,621.68011,628.16888,604.22516,618.86646,2561862656
2024-11-16,618.98779,633.48749,617.86517,622.37317,2144267136
2024-11-17,622.37317,646.44977,606.18652,618.40009,2452647630
2024-11-18,618.40009,629.09717,613.05548,619.43549,2325655296
2024-11-19,619.43549,621.58478,606.56158,615.98743,2075194269
2024-11-20,615.98743,620.466,600.76624,606.11749,2115915285
2024-11-21,606.11713,629.36365,594.5481,622.82635,2698689844
2024-11-22,622.82635,639.73193,617.45178,633.51343,2447537777
2024-11-23,633.51349,679.41888,632.24774,651.19727,3438594297
2024-11-24,651.19727,687.34174,638.92303,660.31757,3110188599
2024-11-25,660.31671,675.96112,627.2688,636.63971,2787672069
2024-11-26,636.63971,645.29297,600.99127,613.58728,2720974080
2024-11-27,613.58728,646.85181,608.62146,644.94849,2393610865
2024-11-28,644.94849,663.02197,641.61707,654.36163,2628585984
2024-11-29,654.36176,663.32471,649.16321,654.80975,2104229632
2024-11-30,654.80975,676.92444,648.8924,654.32916,2299906560
2024-12-01,654.32916,664.28729,646.59528,655.9325,2055110342
2024-12-02,655.9325,667.42371,629.90601,647.59448,2641248821
2024-12-03,647.6991,744.7793,625.97498,737.69659,4177512806
2024-12-04,737.69659,793.35052,723.54333,739.25275,7035803149
2024-12-05,739.25366,739.94751,695.93884,714.32196,3819722624
2024-12-06,717.9585,746.12555,708.43835,732.00629,3040036096
2024-12-07,732.00629,761.09143,730.87396,750.27264,2420257280
2024-12-08,751.73193,757.5943,729.05151,743.29565,2042250368
2024-12-09,743.29565,743.29565,662.24408,689.92438,3267965774
2024-12-10,689.92438,704.56,650.59729,676.98291,3492494588
2024-12-11,676.98291,712.87714,660.15405,711.8114,2284146944
2024-12-12,711.8114,725.22168,700.10675,705.94421,2393816320
2024-12-13,705.94434,729.62689,698.50208,726.25482,2449855057
2024-12-14,726.25482,731.66132,705.539,715.69568,1977360768
2024-12-15,715.69568,723.0733,703.1803,719.13428,1831103596
2024-12-16,719.13428,730.00116,704.34131,720.32635,2347300096
2024-12-17,720.32635,735.7572,713.729,716.6825,2363860623
2024-12-18,716.72491,721.75891,686.66193,687.62378,2711696128
2024-12-19,687.62439,704.48773,651.03656,666.56934,2854804736
2024-12-20,666.56934,679.44366,619.50037,678.08661,3080864256
2024-12-21,678.08661,692.63641,652.60748,663.27948,2201089280
2024-12-22,663.26605,668.82751,639.60864,648.70471,1124924431
2024-12-23,648.70471,697.3999,637.96527,693.00073,1836255601
2024-12-24,693.00073,698.44244,681.99805,696.74115,1271648117
2024-12-25,696.74115,711.98663,695.96271,702.32697,898319296
2024-12-26,702.32697,718.16241,683.26245,688.36011,1253518341
2024-12-27,688.35089,709.64642,685.19916,690.42938,1911425536
2024-12-28,690.42938,729.31586,690.42938,720.95905,1890880986
2024-12-29,720.95905,722.76697,689.47522,693.75452,1647228348
2024-12-30,693.75427,711.03564,686.90704,704.1463,1790325219
2024-12-31,704.1463,713.59833,698.02576,700.98688,2372886701
2025-01-01,700.98688,709.19897,699.75861,706.51294,1534491008
2025-01-02,706.51245,714.43866,697.70471,705.67859,1881806080
2025-01-03,705.67859,715.09686,697.54608,713.64355,1822243906
2025-01-04,713.64355,721.15625,708.85132,713.84119,1535921536
2025-01-05,713.84119,713.84119,703.00226,709.2583,1411808759
2025-01-06,709.2583,745.15356,706.18658,729.40009,2056633884
2025-01-07,729.39325,733.09143,691.55194,697.3689,2243845632
2025-01-08,697.3689,706.76111,677.12262,695.83716,2235303424
2025-01-09,695.83716,700.97302,675.73425,685.12073,1931492677
2025-01-10,685.12036,700.47064,683.68658,693.62445,1708295936
2025-01-11,693.62445,700.76654,690.45734,696.65784,1290072226
2025-01-12,696.65784,697.9986,689.8891,693.04828,1295687552
2025-01-13,693.0481,699.48138,659.7594,688.26752,2127442444
2025-01-14,688.26752,699.80792,686.43274,698.61969,1601631104
2025-01-15,698.61969,714.66101,688.75653,714.02844,1856118408
2025-01-16,714.07166,717.03333,701.20294,708.29803,1922088704
2025-01-17,708.29803,729.85352,708.18622,721.75049,1952632704
2025-01-18,721.75049,723.0932,695.21643,709.42499,2200623289
2025-01-19,709.4248,713.46893,676.84729,682.20398,2841079952
2025-01-20,682.2049,707.57635,672.18939,681.80334,3246907392
2025-01-21,681.80334,696.91754,675.44568,691.81659,2040812288
2025-01-22,691.81659,703.27026,690.27454,694.98322,1773250432
2025-01-23,694.96484,697.00146,681.05768,690.20374,2277458782
2025-01-24,690.20374,690.83801,679.08673,680.2132,1756786048
2025-01-25,680.21417,689.45972,678.11163,686.26849,1462133120
2025-01-26,686.26917,690.315,665.04102,666.76379,1529267261
2025-01-27,666.76379,679.91333,639.95599,679.79333,2373256192
2025-01-28,679.79333,682.85669,659.58215,661.42456,1680434304
2025-01-29,661.42603,678.99207,660.23199,667.68573,1764729984
2025-01-30,667.72986,682.32471,666.64917,677.55359,1532711680
2025-01-31,677.55725,689.21515,673.79346,677.37537,1589542506
2025-02-01,677.3399,681.2196,651.12622,653.43292,1544346912
2025-02-02,653.43256,662.63373,602.76117,617.60065,2282982721
2025-02-03,617.60065,619.10797,519.19226,617.12079,4074217216
2025-02-04,617.12079,619.34436,559.26349,573.32782,2336864401
2025-02-05,573.32782,578.9624,562.06927,569.74689,1601866880
2025-02-06,569.74689,589.00635,569.59741,572.27405,1722558011
2025-02-07,572.27472,589.62433,571.27753,578.06683,1583843573
2025-02-08,578.06683,633.05524,574.04187,613.32422,2087349099
2025-02-09,613.32422,647.78766,603.40387,616.64209,2630256614
2025-02-10,616.64209,621.42035,597.06482,618.31451,1931145088
2025-02-11,618.31451,646.0993,615.69165,642.58728,2162944541
2025-02-12,642.58728,704.70203,627.57135,698.03735,3007130370
2025-02-13,698.03735,730.83472,660.64673,668.27753,5192030208
2025-02-14,668.27753,683.99994,652.46759,658.04364,2582565632
2025-02-15,658.04364,670.76233,654.47028,662.3277,1875872384
2025-02-16,662.32758,685.08588,654.38104,674.10083,2009553142
2025-02-17,674.10083,681.62555,659.29309,667.22906,1969300480
2025-02-18,667.23621,667.75952,630.65527,647.44336,1985512627
2025-02-19,647.4436,659.98859,638.14087,653.51471,1916599180
2025-02-20,653.51471,658.92914,646.67035,657.20099,1740741760
2025-02-21,657.20099,668.0033,635.3399,646.89954,1926193637
2025-02-22,646.89954,679.12329,645.65338,668.57477,1904185600
2025-02-23,668.57446,671.07196,648.97992,657.90369,1521506944
2025-02-24,657.90369,659.14832,612.82123,613.96301,1901201673
2025-02-25,613.96301,627.24402,589.26984,622.9408,2714715904
2025-02-26,622.9408,630.81976,595.26501,610.69305,1996066325
2025-02-27,610.69305,618.62823,595.80029,605.12366,1907434880
2025-02-28,605.12366,605.40125,559.97046,587.4516,2174077696
2025-03-01,587.4458,608.89594,586.59283,607.51154,1700185216
2025-03-02,607.51093,634.54266,602.633,622.9361,2130538305
2025-03-03,622.9361,623.29956,568.54071,575.16998,2205070592
2025-03-04,575.16998,587.87018,551.6925,583.58685,2018444672
2025-03-05,583.586,604.53717,581.32153,597.97583,1551661056
2025-03-06,597.97583,612.03131,589.89136,596.72375,1621101888
2025-03-07,596.72369,609.43115,579.3678,593.96338,1866542048
2025-03-08,593.96375,601.64789,591.71021,593.08087,1173747072
2025-03-09,593.0824,593.09973,551.14813,554.58044,1540503120
2025-03-10,554.58044,572.05035,524.99609,532.12189,1896805158
2025-03-11,532.1062,565.1582,509.83569,551.47455,2492384512
2025-03-12,551.47455,574.42157,545.26685,569.89484,1792696031
2025-03-13,569.89484,603.40503,568.12604,579.21881,2402408414
2025-03-14,579.21881,589.16321,577.24652,587.13629,1566336768
2025-03-15,587.11407,619.49951,587.08398,619.48608,1403335470
2025-03-16,619.49274,621.36151,593.95709,602.21661,1463816960
2025-03-17,602.20966,643.04034,602.20966,631.36261,2488514984
2025-03-18,631.3465,642.88885,622.40015,628.13446,2186415616
2025-03-19,628.13446,628.13763,605.61792,619.25751,2006233746
2025-03-20,619.25098,637.21637,616.96375,629.94244,2327219768
2025-03-21,629.94244,637.19006,625.85706,634.60779,1718045440
2025-03-22,634.59698,635.7655,624.19672,626.5744,1195836544
2025-03-23,626.5744,628.96564,619.85846,623.34949,1222239081
2025-03-24,623.34949,639.02258,619.05017,636.64453,1788439257
2025-03-25,636.64496,644.87427,627.44409,629.94287,2242725632
2025-03-26,629.94238,634.04767,615.84552,617.81677,1600178624
2025-03-27,617.81677,641.48962,617.6778,637.20697,2441273622
2025-03-28,637.20642,637.24188,615.92511,619.47491,1632605952
2025-03-29,619.47461,623.2124,598.21881,603.23785,1394223872
2025-03-30,603.19135,612.78937,594.21436,601.8302,1204098085
2025-03-31,601.8302,608.5011,588.08618,605.07281,1573288960
2025-04-01,605.07281,618.12378,604.75476,611.29712,2091803391
2025-04-02,611.29712,611.51819,585.12189,590.63757,1835749587
2025-04-03,590.63757,609.34467,579.44409,592.12445,2195273728
2025-04-04,592.12372,599.47986,585.35394,597.57941,1534305920
2025-04-05,597.57928,598.54633,589.93298,593.11487,1013629568
2025-04-06,593.13879,593.46149,545.32269,554.59491,1679604717
2025-04-07,554.4859,564.93823,548.14124,553.46741,2992527872
2025-04-08,554.4859,564.93823,548.14124,553.46741,1963610005
2025-04-09,553.46741,585.6037,534.88055,582.36932,1963610005
2025-04-10,582.37817,582.39075,567.22009,577.40594,1963990016
2025-04-11,577.40594,589.85852,575.75726,586.08899,1741806848
2025-04-12,586.08899,600.05591,583.97949,597.12305,1331878416
2025-04-13,597.12323,597.50995,580.82446,584.04248,1334444416
2025-04-14,584.33466,590.51569,579.64008,579.68604,1359554984
2025-04-15,584.33466,590.51569,579.64008,579.68604,1435912484
2025-04-16,579.6861,585.41083,576.45923,582.80621,1435912484
2025-04-17,582.80621,592.85931,581.20386,590.16217,1435912484
2025-04-18,590.16217,595.76636,587.26611,591.76385,1418376835
2025-04-19,591.76385,594.14215,587.97638,591.77679,1307477245
2025-04-20,591.77679,595.15411,587.76538,592.97241,1307477245
2025-04-21,597.41718,618.99005,595.88098,618.82697,1734142941
2025-04-22,597.41718,618.99005,595.88098,618.82697,1834047719
2025-04-23,618.82697,619.86249,601.95416,605.815,1834047719
2025-04-24,605.815,606.74432,594.39508,601.71582,1834047719
2025-04-25,601.71527,610.17963,597.77032,600.18103,1758127232
2025-04-26,600.19189,609.13611,600.0882,607.7041,1507509250
2025-04-27,607.7041,608.58295,597.935,603.61847,1452152303
2025-04-28,606.36499,610.64044,598.66028,601.02899,1587553456
2025-04-29,601.01898,604.47784,592.41779,599.6817,1605835648
2025-04-30,601.01898,604.47784,592.41779,599.6817,1504095222
2025-05-01,599.68719,605.13727,598.48859,599.91821,1444818831
2025-05-02,599.92902,603.50507,595.82965,601.16418,1444818831
2025-05-03,601.16437,601.29443,595.5932,599.33136,1306600030
2025-05-04,599.33136,600.44348,585.30811,585.99506,1339679360
2025-05-05,597.68976,602.96863,593.599,602.47388,1594251780
2025-05-06,597.68976,602.96863,593.599,602.47388,1613764096
2025-05-07,602.47388,608.98584,598.29724,603.27966,2061341461
2025-05-08,603.27942,628.67175,601.00787,628.66345,2418287835
2025-05-09,628.65289,667.80035,623.88348,666.87848,2632871936
2025-05-10,666.88928,677.35339,649.3595,663.61725,2282413256
2025-05-11,663.61652,667.6355,648.84808,650.62543,2282413256
2025-05-12,660.48431,670.89551,641.68286,665.57056,2692911616
2025-05-13,660.48431,670.89551,641.68286,665.57056,2609669556
2025-05-14,665.612,665.65295,648.12048,652.57104,2108811440
2025-05-15,652.57117,660.28046,643.45941,651.26422,1888457576
2025-05-16,651.26233,659.6886,644.38605,646.32135,1888457576
2025-05-17,646.83,647.04,635.1,639.68,1592388678
2025-05-18,639.68,655.18,634.63,651.73,1592388678
2025-05-19,651.87,653.52,633.74,649.74,1595233688
2025-05-20,649.79,653.91,640.59,650.21,2377493291
2025-05-21,650.25,678.23,648.8,673.6,2596611328
2025-05-22,673.75,689.97,673.39,686.66,2377493291
2025-05-23,686.66,691.44,654.12,657.04,2248278627
2025-05-24,657.04,677.34,655.55,668.15,1591152958
2025-05-25,668.1,671.82,657.24,669.63,1591152958
2025-05-26,669.63,678.07,668.41,674.5,2019130226
2025-05-27,674.5,697.97,666.67,687.12,2019130226
2025-05-28,687.12,689.62,680.17,687.0,2019130226
2025-05-29,686.93,691.62258,673.26,674.97,1986189440
2025-05-30,674.91,678.51,653.32,655.52,1938258667
2025-05-31,655.52,661.68,646.09,658.25,1478599983
2025-06-01,658.25,662.69,647.85,661.04,1484637824
2025-06-02,661.04,667.27,650.27,666.23,1861505408
2025-06-03,666.29,673.8,657.59,661.95,1782539875
2025-06-04,661.95,672.21,661.13,663.49,1987901562
2025-06-05,663.49,671.18,625.65,633.57,1987901562
2025-06-06,633.57,651.62,630.14,643.15,1987901562
2025-06-07,643.15,654.26,640.11,651.16,1468009270
2025-06-08,651.16,656.79,646.71,652.31,1468009270
2025-06-09,652.29,668.18,648.37,665.86,1653633792
2025-06-10,665.85833,674.0,657.31,673.5,1849736872
2025-06-11,673.32,674.27,662.21,667.57,1849736872
2025-06-12,667.54,670.17,651.94,654.86,1778663531
2025-06-13,654.7,659.75,639.48,655.61,1964558213
2025-06-14,655.61,655.61,639.18,645.93,1338089344
2025-06-15,645.93,652.1,642.85,648.34,1413929856
2025-06-16,648.32,659.57,646.39,650.93,1784039065
2025-06-17,651.05,659.39,640.25,648.22,1784039065
2025-06-18,648.33,654.16,637.24,644.87,1667361898
2025-06-19,644.87,647.24,638.78,644.76,1614121225
2025-06-20,644.76,649.91,637.87778,641.81,1614121225
2025-06-21,641.81,645.03,622.12,629.15,1895564160
2025-06-22,629.26,635.7,601.82,616.03,1895564160
2025-06-23,616.03,643.22,615.34,641.05,1788357632
2025-06-24,641.04,644.4,636.54,643.77,1653677161
2025-06-25,643.86,652.97,642.07,646.39,1653677161
2025-06-26,646.46,650.46235,641.21,642.55,1439442979
2025-06-27,642.56,648.28,639.42,645.94,1358247058
2025-06-28,646.0,649.38,644.55,648.8,1284469590
2025-06-29,648.8,656.12,647.09,655.06,1318151296
2025-06-30,655.03,660.3,651.35,657.16,1487336817
2025-07-01,657.39,659.43,644.11,646.62,1395159168
2025-07-02,646.61,665.48,644.07,660.08,1576434816
2025-07-03,660.08,664.89,656.87,663.86,1512518612
2025-07-04,663.86,664.42,650.4,653.81,1379813703
2025-07-05,653.84,657.1,652.15,656.38,1193229342
2025-07-06,656.37,665.46,653.58,663.27,1428964992
2025-07-07,663.29,663.69,656.51309,661.13,1533822464
2025-07-08,661.13,662.66,657.46,660.78,1517607542
2025-07-09,660.81,671.68,659.35,668.95,1696502912
2025-07-10,668.95,687.72,667.55,685.84,2151280384
2025-07-11,685.84,697.3,682.92,690.12,2327541748
2025-07-12,690.12,697.16,679.58,685.94,1715321874
2025-07-13,685.96,694.27,685.12,692.18,1631603869
2025-07-14,692.27,707.57,686.12,689.2,2414700032
2025-07-15,689.2,693.29,675.44,690.05,2167202399
2025-07-16,690.04,715.81,685.21,708.83458,2298649454
2025-07-17,709.12,726.83,707.52,721.18,2877681453
2025-07-18,721.2,765.93,719.14,730.42,3407382999
2025-07-19,730.36,742.78,719.17,733.51,2067691091
2025-07-20,733.68,761.59,731.8,757.04,2353254456
2025-07-21,757.49,782.27,746.34,766.5,2776231461
2025-07-22,766.5,788.68,745.26,786.98,3202678471
2025-07-23,787.23,810.4,752.88,777.14,3987433985
2025-07-24,777.14,786.48,743.11,771.18,2833667773
2025-07-25,771.2,786.05,752.35,785.56,2536046506
2025-07-26,785.56,798.31,778.36,793.65,1760509145
2025-07-27,793.73,847.7,791.55,844.47,2914460887
2025-07-28,844.71,861.6,820.74,824.17,3448410233
2025-07-29,824.17,835.31,800.18,805.25,3097306022
2025-07-30,805.36,811.6,766.32,793.62,2836541071
2025-07-31,793.47,814.65,781.58,783.25,2842002432
2025-08-01,783.22,795.56,744.49,756.81,3061372565
2025-08-02,756.81,770.05,732.27,736.36,2214370304
2025-08-03,736.52,755.51,730.0,751.34,1761506433
2025-08-04,751.43,769.68,750.61,768.63924,1940596416
2025-08-05,768.68,769.81,745.17,755.06,1951120762
2025-08-06,755.3,775.01,746.21881,769.77,1969112524
2025-08-07,769.74,788.96,764.51,788.95,2376748800
2025-08-08,789.16,798.56,781.0,793.63,2429517922
2025-08-09,793.65,819.31,792.94,798.92,2317833728
2025-08-10,798.98,815.56,793.61,807.39,2254336256
2025-08-11,807.41,827.68,792.37,805.15,2805693912
2025-08-12,805.15085,839.86,797.75,832.34,2905938944
2025-08-13,832.59,858.74,828.27,848.27,3403113216
2025-08-14,848.29,869.71,821.1,841.0,4687490471
2025-08-15,841.56,854.14,813.03,828.37,3843113557
2025-08-16,828.28707,839.95,825.72,839.24,2025385856
2025-08-17,839.24,864.72,838.56,855.95,2413956352
2025-08-18,855.95,859.11,825.55,847.56,2765082388
2025-08-19,847.57167,852.42,823.02,824.15,3612563758
2025-08-20,824.1,881.43,818.66,869.36,3684613376
2025-08-21,869.53,884.27,833.4,839.38,3534039226
2025-08-22,839.54,900.32,839.17,900.1,3594877952
2025-08-23,899.52,899.52,875.33,880.34,2909070734
2025-08-24,880.15,886.34,859.19711,876.33,2943273728
2025-08-25,876.51,880.78,833.56,839.58,3403845120
2025-08-26,839.52,868.19,830.05,863.92,2609863400
2025-08-27,863.26,867.34,852.98,855.3,2391188252
2025-08-28,855.32914,881.51,851.36,873.72938,2744315947
2025-08-29,873.62,878.1,850.29,862.45,2805832704
2025-08-30,862.45,864.22,851.57,862.23,2030968355
2025-08-31,862.25,867.9,857.18,857.88,1918226432
2025-09-01,857.8,869.11,840.05,845.84671,2756614903
2025-09-02,845.86,856.86,840.92,851.99,2385434736
2025-09-03,852.03,864.25,848.93,855.12,1915348780
2025-09-04,855.12,857.16,841.41,843.89,1915009280
2025-09-05,843.85,857.94,842.62,850.07,2025139739
2025-09-06,849.62,865.03,849.45,861.06,1992250771
2025-09-07,861.15,884.14,860.81,880.04,1996378716
2025-09-08,880.11,885.84,869.99,878.09,2289021738
2025-09-09,878.11,884.83823,871.34,880.01,1795168603
2025-09-10,880.01,907.49,877.18,893.84,2872265728
2025-09-11,893.52,904.33,888.69,902.96,2286307328
2025-09-12,903.11,930.32,901.77,925.23,2648100391
2025-09-13,925.23,944.04,922.5,934.11,2744192106
2025-09-14,934.1,945.48479,923.11,926.87,2744192106
2025-09-15,926.87,935.88,910.86013,920.01,3101245055
2025-09-16,920.01,959.58,917.0,956.23,3641636248
2025-09-17,956.16,996.06,946.71,990.49,3741252935
2025-09-18,990.55,1007.14,979.96,981.55,3741252935
2025-09-19,981.52,1003.27,974.61,984.73,3759046572
2025-09-20,984.68,1048.09392,983.9,1044.58,4558645760
2025-09-21,1044.50573,1084.33,1040.17,1048.67,4306431415
2025-09-22,1048.39,1051.25,977.71,993.68,4892903256
2025-09-23,993.47,1027.84,963.23,1016.46,4038510425
2025-09-24,1016.58,1034.79,991.99,1018.88,3621796352
2025-09-25,1018.96,1020.23,940.2,946.42326,4693762081
2025-09-26,946.97,966.66,932.83,961.5,3789703570
2025-09-27,961.5,986.33,956.44,968.98,2782895616
2025-09-28,969.0,994.0,963.27,993.66,2603406592
2025-09-29,993.44,1036.65,991.84,1030.48,3359320684
2025-09-30,1030.57,1034.49,993.23,1008.62,3100184262
2025-10-01,1008.39,1036.27,1003.39,1026.9,3813163059
2025-10-02,1027.09,1099.58687,1023.07,1090.8,6097241167
2025-10-03,1091.28,1193.07,1084.68434,1190.23882,6097241167
2025-10-04,1189.98,1191.2,1137.51,1151.43,3775482131
2025-10-05,1151.43,1189.58,1144.41756,1167.74,3694726912
2025-10-06,1167.2,1239.8,1162.45,1224.23,10752159744
2025-10-07,1224.18,1347.69,1205.37,1304.85,11163171147
2025-10-08,1305.45,1334.92,1265.34,1307.54,7916662087
2025-10-09,1307.65428,1319.34,1225.14,1256.02,8172167891
2025-10-10,1256.4,1278.8,860.11,1104.32,11372552192
2025-10-11,1104.44,1184.53,1077.45,1137.03014,8101403820
2025-10-12,1137.35,1321.74,1109.52,1304.65,10558804992
2025-10-13,1304.75,1376.64,1252.34731,1296.61,11820387271
2025-10-14,1296.54,1320.25,1144.46,1209.78,10106588255
2025-10-15,1210.04,1224.48,1149.95,1163.91,5853929585
2025-10-16,1164.19,1196.51,1124.3,1145.99,5605348340
2025-10-17,1146.7,1157.78,1022.53,1072.18,6656427568
2025-10-18,1072.15,1132.44,1070.48,1093.83,3767783165
2025-10-19,1093.66,1134.51,1069.21238,1111.02,3869346304
2025-10-20,1110.91,1144.42,1089.35,1101.55,4209252745
2025-10-21,1101.66,1115.38,1053.57,1058.2,4398689427
2025-10-22,1057.82,1083.82,1053.19,1072.11,3625757780
2025-10-23,1072.29,1159.99,1072.22,1127.19,5661131703
2025-10-24,1127.0,1144.24,1097.99,1109.73,3451758493
2025-10-25,1109.19,1121.18,1101.54,1116.75,2230311136
2025-10-26,1116.75,1143.27,1114.65,1138.37,3102782976
2025-10-27,1138.42,1182.21,1131.88359,1138.81,4501355092
2025-10-28,1138.31,1148.92,1073.95,1103.71,4501355092
2025-10-29,1103.45,1121.99,1083.48,1108.61,4178047763
2025-10-30,1108.76,1130.71,1043.45,1079.68,4399392720
2025-10-31,1079.82,1105.59,1072.13,1089.43,4399392720
2025-11-01,1089.32,1098.63,1081.90279,1095.28,2138185589
2025-11-02,1095.36,1095.59119,1072.44,1083.77,2138185589
2025-11-03,1084.01,1087.91,960.21,994.28,5824529918
2025-11-04,994.51,1002.62,881.54,937.03,5824529918
2025-11-05,937.24,968.15,901.09,959.88,5824529918
2025-11-06,959.22,965.61,925.13606,950.35362,3816276917
2025-11-07,950.4,995.64,925.92,991.13,3614944089
2025-11-08,990.97,1007.16,979.67,991.43,2913804232
2025-11-09,991.01,1006.95,976.18,996.46,2913804232
2025-11-10,996.42,1018.5,976.19,991.65,2844075057
2025-11-11,991.83,1008.48,956.24,958.28,2844075057
2025-11-12,958.57281,978.04,938.16,952.93,2696896367
2025-11-13,953.03,971.29,906.42,926.82,3034452281
2025-11-14,926.67,933.57,888.09,915.42,3778463496
2025-11-15,915.67,944.93,915.14,932.12,1963778260
2025-11-16,932.12,949.9,908.52083,926.75,2497118342
2025-11-17,926.91,939.85,891.99,907.37055,3757441490
2025-11-18,907.62,939.32,885.07,933.26,3623344375
2025-11-19,933.21,941.45,872.36,897.62177,3297073664
2025-11-20,897.62177,915.57,865.52591,866.54,3228503296
2025-11-21,866.38,877.22,791.11,830.82,4772315493
2025-11-22,830.88,842.99,814.14,834.0,2015396840
2025-11-23,833.61,855.74,833.51,843.97,1813300736
2025-11-24,843.96,876.57,830.32,865.29,2485800089
2025-11-25,864.9,867.76,837.54,862.74,2007620452
2025-11-26,862.74,897.2,852.26,891.96,2040255309
2025-11-27,891.95855,904.69,883.8,895.99,1780660164
2025-11-28,895.8,906.64,876.7,887.64,2015605760
2025-11-29,887.75,889.5,868.89,873.41,1357539865
2025-11-30,873.61,900.14,870.12,875.66,1994286592
2025-12-01,874.78,877.29,802.24,826.89,2778473663
2025-12-02,826.92,885.36,820.80461,876.83,2778473663
2025-12-03,877.03,923.05,873.96,921.13,2754777581
2025-12-04,921.13089,928.72,887.61,900.11,2754777581
2025-12-05,900.11,908.24425,870.69,883.91,1968850986
2025-12-06,883.94,898.19,878.32,890.69,1779976227
2025-12-07,890.7,906.23,870.58,894.7,1779976227
2025-12-08,894.7,912.58,890.1,897.46,1906067258
2025-12-09,897.33,928.21,882.17,897.49,2464102144
2025-12-10,897.42,914.99,884.41,893.58,2554440192
2025-12-11,893.55,894.78,859.61,886.0,2524483059
2025-12-12,886.09,896.2,871.46,881.86,1807202490
2025-12-13,881.86,904.76,880.68472,897.3,1472368344
2025-12-14,897.33,899.94,870.35,877.54196,1640570319
2025-12-15,877.59,895.47,841.28,859.36,2222157806
2025-12-16,858.98,878.44,847.87,875.82,2379705373
2025-12-17,875.82,876.14,833.52,843.35,2968394043
2025-12-18,843.36,853.39021,818.62,830.14,3195634004
2025-12-19,830.26,862.34,822.43,856.21,5429911683
2025-12-20,856.24,859.59,850.93,854.19,1374684930
2025-12-21,854.26,859.81,845.74,858.7,1501917010
2025-12-22,858.73,870.86,851.43,858.41,1959463444
2025-12-23,858.41,861.16,838.18,843.98,1696809904
2025-12-24,844.19,849.66,834.89,846.25,1535799969
2025-12-25,846.25185,847.72,826.46,829.25,1730790904
2025-12-26,829.16,846.67,820.93,834.58,1730790904
2025-12-27,834.6,846.37,834.21,845.0,1855190489
2025-12-28,845.00999,866.63,839.49,859.3,1855190489
2025-12-29,859.43,871.25,845.64839,851.76,2271142660
2025-12-30,851.76,863.32,847.94,861.13,2059239424
2025-12-31,861.13,876.58,857.16,863.66,2539874072
2026-01-01,863.66,873.62,855.48,863.58,1623168589
2026-01-02,863.58,890.65,858.91,880.96,2338042624
2026-01-03,880.96,883.96,868.5,878.39,1660447864
2026-01-04,878.39,902.53,878.2,895.06,1953872384
2026-01-05,895.0,915.89,890.0,909.82,2396005647
2026-01-06,909.82,922.26,891.22,916.99,2396005647
2026-01-07,917.07,919.13,892.33,899.37,2328531769
2026-01-08,899.67,904.1,874.24,891.59,2150672078
2026-01-09,891.57,900.21,884.74,896.01,1917030206
2026-01-10,896.01,915.12,895.87,907.16,1917030206
2026-01-11,907.16,916.39,897.89,903.18,1845169280
2026-01-12,903.71,909.71,893.08,904.8,3312675690
2026-01-13,905.00859,952.33,901.33,942.97,3312675690
2026-01-14,943.08,953.58,927.9,948.0,2898477115
2026-01-15,948.0,948.34,923.8,930.89,2344675895
2026-01-16,930.9,939.03,923.34,937.74,1873697028
2026-01-17,937.75,958.66487,935.13,946.89,1896106924
2026-01-18,946.84,953.03,931.4,932.09977,2598350592
2026-01-19,931.33,931.33,901.45,923.15,3099807569
2026-01-20,923.05,932.63,883.3,883.41,3827882862
2026-01-21,883.29,893.16,863.97,882.79,3827882862
2026-01-22,882.79,897.07,877.64,887.45,2043693107
2026-01-23,887.46,904.22,882.32,890.9,2043693107
2026-01-24,890.92,893.42,885.55,886.1,2065395074
2026-01-25,885.95,886.52,855.18,865.3,2065395074
2026-01-26,865.3,881.16,864.4693,879.16,2107947407
2026-01-27,879.26,900.52,876.03,897.54,2080464235
2026-01-28,897.79,908.37,893.48,901.98,1929255921
2026-01-29,901.96,905.79,851.58,867.73,3967708737
2026-01-30,867.73,868.82,831.47,857.75,3063940340
2026-01-31,857.75,859.76,748.69,780.88,3250985432
2026-02-01,780.91,789.18,739.9,758.1,3573427200
2026-02-02,758.24,781.06,728.41,773.78,3129876950
2026-02-03,773.77,783.28,735.93,754.4,2673231321
2026-02-04,754.22,765.27,686.51,696.53,3263769381
2026-02-05,696.55,702.12,602.17,607.77,5503601152
2026-02-06,607.67,669.56866,570.93,657.07,4201603681
2026-02-07,657.08,663.65,630.8,647.14,2237248068
2026-02-08,647.09,652.86,632.47,639.71,1623329068
2026-02-09,639.64,645.6,615.87,636.23,1879500739
2026-02-10,636.42,641.73,613.6,619.59724,1623315797
2026-02-11,619.81,623.97,587.15,608.05,2140766336
2026-02-12,608.04,620.69,601.06,614.18,1596683425
2026-02-13,614.17,622.65,592.44,618.86,1865657141
2026-02-14,618.86,637.37,612.40294,632.73,1422078768
2026-02-15,632.66,642.02,608.84,615.00835,1572726908
2026-02-16,615.08,630.83,604.55,627.2,1384918308
2026-02-17,627.22,631.82,609.28,617.93,1273885332
2026-02-18,617.84,626.59,601.25,604.88,1468576384
2026-02-19,604.88,614.82,596.11,607.85,1468442931
2026-02-20,607.57,629.88,601.27,625.98,1709915616
2026-02-21,625.96,634.9,624.11,625.72,1183913259
2026-02-22,625.62,627.07,610.11,614.83,1089029749
2026-02-23,615.01,616.03,584.0,596.44,2110764624
2026-02-24,596.72,602.86,577.21,583.82,1829049984
2026-02-25,583.92,641.06,581.68,629.88,2691687940
2026-02-26,629.81,634.31,614.47,626.09,2766164029
2026-02-27,626.01,633.94,605.59,614.2,1782727960
2026-02-28,614.21,621.71,588.93,617.4,2061650944
2026-03-01,617.38624,632.4,611.19,618.09,1918919287
2026-03-02,618.09,652.92,613.16,637.69,1947915391
2026-03-03,637.87909,642.44,620.94,633.9,2127945160
2026-03-04,633.79,666.34,626.24,658.05,2127945160
2026-03-05,658.1,665.55,646.28,647.88361,1672800685
2026-03-06,647.88361,651.61,624.74,627.26,1385900394
2026-03-07,627.4,630.11,617.96,620.27,1289759347
2026-03-08,620.4,624.14,607.96,611.94,1289759347
2026-03-09,611.96,642.85,611.28,634.77,1626567950
2026-03-10,634.76944,652.49,634.61,642.11,1616600713
2026-03-11,642.09,656.24,635.16,651.56624,1616600713
2026-03-12,651.76,657.83,641.7,651.64,2275392491
2026-03-13,651.77,678.84647,650.57,655.95,2275392491
2026-03-14,655.75,658.14,650.18,657.83,1570006668
2026-03-15,657.8,679.09,654.54,673.88,1570006668
2026-03-16,673.88,687.14,670.09,679.66,2399816312
2026-03-17,679.67,686.52,663.49,668.63,1875359590
2026-03-18,668.7,676.48,644.33,652.25,1920423223
2026-03-19,652.24,656.34,633.34,639.16,1763650441
2026-03-20,639.15,647.68,636.28,642.23073,1633691311
2026-03-21,642.22,646.27,627.79,630.36,1389030528
2026-03-22,630.32,637.7,622.11,626.39,1616327413
2026-03-23,626.42106,650.84,620.26,639.27,2371029968
2026-03-24,639.2,640.48,626.79,638.15,2371029968
2026-03-25,638.16,652.77,637.37,647.63,1700935601
2026-03-26,647.55,648.37,622.74,628.65,1700935601
2026-03-27,628.65,631.56,605.54,613.65,1674423686
2026-03-28,613.62,618.53,609.53,610.66,875286131
2026-03-29,610.62,614.91,595.83,605.72,1340354447
2026-03-30,605.94,620.83,604.7,608.9,1789909133
2026-03-31,609.13,619.28,598.74,616.88,1789909133
2026-04-01,616.91186,621.65,609.62,610.61792,2253593411
2026-04-02,610.53,613.51,570.29,583.34,2253593411
2026-04-03,583.53,589.69,581.72,588.18,1249381771
2026-04-04,588.1,596.56,586.98,593.3,869628725
2026-04-05,593.31,603.74994,586.91,601.25,869628725
2026-04-06,601.25015,610.19,596.39,600.08,1954715522
2026-04-07,599.88,624.76,592.24,619.95,2031695469
2026-04-08,619.95559,621.33,599.84,601.09,2031695469
2026-04-09,601.1,612.08,596.88,602.85629,2031695469
2026-04-10,602.97,610.45,597.53,605.58024,1779562868
2026-04-11,605.76147,614.24,603.48,607.21,1835478450
2026-04-12,607.19,607.68,589.14,592.1273,1835478450
2026-04-13,592.12,618.2,591.49,614.79,2008088284
2026-04-14,614.8,625.4,611.15,613.93,2008088284
2026-04-15,613.94,627.8,610.53,622.7,2008088284
2026-04-16,622.69,637.49,615.01,635.81,1994808217
2026-04-17,635.86,645.8,626.7,643.55,2026132864
2026-04-18,643.2,648.94,628.31,630.05,1585391318
2026-04-19,630.03,630.61,615.14,616.15,1507732097
2026-04-20,616.36,632.18,616.11,629.38,1638232350
2026-04-21,629.62,640.92,625.06,631.72,1843147330
2026-04-22,631.93,653.78,631.17,637.56,1843147330
2026-04-23,637.65,640.72,631.15,638.78,1592966390
2026-04-24,638.92,640.65,632.24,636.34,1358812029
2026-04-25,636.34,638.66,627.37,628.66,1164927198
2026-04-26,628.65,638.09,627.08,635.95,1280093952
2026-04-27,636.07,640.11,618.54,626.82,1637610223
2026-04-28,626.93,627.66,619.32,624.59,1259899648
2026-04-29,624.59682,629.53,610.01,617.19,1611958144
2026-04-30,617.3,620.41,613.2,615.21,1271759829
2026-05-01,615.2,622.7,613.79,615.25,1373446549
2026-05-02,615.2563,621.7,613.97,617.95,727479232
2026-05-03,618.0,622.23,614.96,617.25,1404956160
2026-05-04,617.20444,638.87,615.57,622.47382,2279940194
2026-05-05,622.45,634.77,622.38,630.23,1777337472
2026-05-06,630.18,663.93,628.89,647.54,2491247360
2026-05-07,647.71,653.32,633.6,636.95,1667366871
2026-05-08,637.32,651.56,634.73,649.38,1451308672
2026-05-09,649.35,656.01,646.09,649.58,1278930889
2026-05-10,649.6,666.52,644.62,663.47,1475873024
2026-05-11,663.41,672.7,649.05,669.80778,1803928124
2026-05-12,670.2,671.22,650.33,664.67,1760211200
2026-05-13,664.78,685.4,663.56,671.37,1960838590
2026-05-14,671.34,687.11,665.06,678.08,1708050816
2026-05-15,678.07,689.7,668.86,671.94,1703187702
2026-05-16,671.96,674.52247,650.3,655.87,1396593152
2026-05-17,655.9,657.3,639.43,649.09,1190810880
2026-05-18,649.15,649.29,634.05,643.19,1418244426
2026-05-19,643.25,646.81,635.7,639.63,1158229632
2026-05-20,639.52,651.33,637.18,649.24,1146920192
2026-05-21,649.18,659.14,645.84,657.41,1244022144
2026-05-22,658.55,663.57,648.03,649.91,1327486028
2026-05-23,650.08,663.58,635.2,655.75,1294474331
2026-05-24,655.98,661.9,649.19,656.15,1104832926
2026-05-25,656.22,672.76,655.33,662.78,1309145054
2026-05-26,662.88,667.67,652.89,655.79,1618469382
2026-05-27,655.91,659.16,645.9,648.13691,1299270396
2026-05-28,648.01,648.72,627.57,637.56,1387114881
2026-05-29,637.83,644.35,630.13,642.66,1229212667
2026-05-30,642.67,728.08082,642.08,718.24,3590363740
2026-05-31,718.3,745.03,702.65,710.01,3011261654
2026-06-01,710.06,727.85517,673.37,692.46,3603890086
2026-06-02,692.49,694.91,641.9,649.92,2212967555
2026-06-03,650.13,656.55,615.82949,619.92,2023083015
2026-06-04,619.81015,623.68,587.44,604.05,2306830558
2026-06-05,603.65,607.38,556.45,572.12,2607132303
2026-06-06,572.05,584.4,559.78,574.55,1418745727
2026-06-07,574.55804,610.2,573.49,604.46,1355939748
2026-06-08,604.44,610.56,591.54,601.93,775480792
2026-06-09,602.21,605.72,583.61,594.88,3418639
