date,open,high,low,close,volume
2021-01-01,28990.08,29688.88,28700.0,29412.84,40730301359
2021-01-02,29413.29,33300.0,29039.0,32225.91,67865420765
2021-01-03,32222.88,34810.0,32008.62,33080.66,78665235202
2021-01-04,33082.84,33666.99,27678.0,32019.99,81163475344
2021-01-05,32020.22,34499.67,29891.13,34030.64,67547324782
2021-01-06,34043.91,37000.0,33352.54,36859.26,75289433811
2021-01-07,36859.26,40425.0,36200.0,39505.56,84762141031
2021-01-08,39510.55,41986.37,36565.08,40665.15,88107519480
2021-01-09,40642.15,41406.94,38800.0,40257.43,61984162837
2021-01-10,40257.43,41452.12,34444.0,38171.57,79980747690
2021-01-11,38168.89,38273.88,30100.0,35452.59,123320567399
2021-01-12,35456.89,36604.51,32500.0,34038.98,74773277909
2021-01-13,34035.53,37888.0,32309.04,37393.66,69364315979
2021-01-14,37393.67,40127.66,36751.11,39125.14,63615990033
2021-01-15,39123.05,39697.0,34298.93,36754.67,67760757881
2021-01-16,36754.6,37948.0,35372.59,36006.94,57706187875
2021-01-17,36004.8,36860.0,33850.03,35820.0,52359854336
2021-01-18,35820.01,37402.0,34736.46,36624.23,49511702429
2021-01-19,36624.23,37857.0,35895.11,35917.28,57244195486
2021-01-20,35921.91,36415.34,33387.01,35503.09,66834573161
2021-01-21,35498.85,35628.24,30011.0,30855.95,75643067688
2021-01-22,30855.9,33867.0,28732.0,32984.93,77207272511
2021-01-23,32982.66,33488.79,31432.19,32112.01,48354737975
2021-01-24,32110.0,33086.53,30931.21,32288.56,48643830599
2021-01-25,32293.18,34888.0,31920.8,32261.87,59897054838
2021-01-26,32260.52,32960.37,30830.0,32510.82,60255421470
2021-01-27,32510.82,32584.62,29156.0,30407.13,62576762015
2021-01-28,30414.11,34000.0,29902.14,33488.99,76517157706
2021-01-29,33487.92,38570.13,31990.0,34262.11,117894572511
2021-01-30,34262.11,34900.0,32852.86,34315.63,65141828798
2021-01-31,34315.63,34387.75,32200.0,33137.74,52754542671
2021-02-01,33137.75,34728.57,32333.0,33533.19,61400400660
2021-02-02,33534.39,36000.0,33450.0,35512.67,63088585433
2021-02-03,35513.0,37723.72,35393.8,37678.37,61166818159
2021-02-04,37688.42,38769.0,36156.45,36975.0,68838074392
2021-02-05,36976.59,38349.0,36605.87,38311.49,58598066402
2021-02-06,38327.09,41000.0,38250.0,39265.43,71326033653
2021-02-07,39266.1,39737.83,37371.35,38871.42,65500641143
2021-02-08,38871.43,46750.0,38057.01,46448.1,101467222687
2021-02-09,46453.66,48200.0,45020.0,46514.73,91809846886
2021-02-10,46514.73,47349.99,43706.86,44850.0,87301089896
2021-02-11,44850.0,48690.0,44011.0,47997.91,81388911810
2021-02-12,47993.6,48912.0,46300.0,47408.34,76555041196
2021-02-13,47408.34,48199.0,46300.0,47232.45,70250456155
2021-02-14,47240.75,49700.0,47100.13,48680.69,71248675228
2021-02-15,48667.23,49093.44,45768.46,47936.37,77069903166
2021-02-16,47935.66,50645.0,47051.22,49158.71,77049582886
2021-02-17,49141.43,52640.35,48942.87,52170.01,80820545404
2021-02-18,52170.01,52549.99,50875.0,51601.73,52054723579
2021-02-19,51596.0,56370.05,50725.0,55983.56,63495496918
2021-02-20,55983.57,57563.57,54000.1,55923.52,68145460026
2021-02-21,55921.44,58367.0,55531.23,57489.16,51897585191
2021-02-22,57489.16,57577.69,46616.0,54142.13,92052420332
2021-02-23,54125.67,54206.22,44888.08,48899.99,106102492824
2021-02-24,48899.99,51415.41,47002.0,49737.82,63695521388
2021-02-25,49737.81,52107.83,46700.0,47058.48,54506565949
2021-02-26,47063.9,48464.64,44150.0,46326.2,350967941479
2021-02-27,46319.79,48356.86,45055.0,46180.75,45910946382
2021-02-28,46169.92,46656.0,43016.0,45231.75,53443887451
2021-03-01,45231.74,49829.0,45042.13,49639.4,53891300112
2021-03-02,49635.3,50250.0,47075.11,48511.6,47530897720
2021-03-03,48502.18,52666.0,48161.75,50360.0,53220811975
2021-03-04,50370.33,51798.33,47502.0,48368.52,52343816680
2021-03-05,48370.97,49473.99,46219.32,48769.47,48625928883
2021-03-06,48766.01,49210.0,47077.0,48909.84,34363564661
2021-03-07,48909.84,51459.0,48909.83,50978.61,43137459378
2021-03-08,50976.22,52425.0,49328.62,52415.23,48597428048
2021-03-09,52413.17,54936.0,51845.01,54916.38,50912227385
2021-03-10,54921.61,57402.14,53025.0,55890.69,57295577614
2021-03-11,55888.7,58113.0,54283.0,57815.47,56772343595
2021-03-12,57820.15,58065.92,55050.0,57225.91,55689944702
2021-03-13,57220.84,61788.45,56083.74,61178.5,60669829814
2021-03-14,61181.38,61680.0,58950.0,58972.7,43901225564
2021-03-15,58972.71,60601.07,54568.0,55636.15,66419369890
2021-03-16,55629.08,56970.0,53221.0,56927.11,59749798599
2021-03-17,56924.26,58996.38,54138.01,58925.54,60258313191
2021-03-18,58925.54,60100.0,56996.15,57644.95,55746041000
2021-03-19,57644.95,59461.99,56260.0,58039.66,49063873786
2021-03-20,58026.91,59928.0,57827.97,58116.7,50361731222
2021-03-21,58126.34,58651.22,55543.89,57363.32,51943414539
2021-03-22,57377.29,58421.68,53739.5,54110.07,56521454974
2021-03-23,54111.49,55858.0,53000.0,54345.54,56435023914
2021-03-24,54333.27,57209.97,51673.82,52276.16,70567223787
2021-03-25,52259.69,53238.0,50305.0,51325.01,67999812841
2021-03-26,51320.76,55125.13,51250.0,55072.44,56652197978
2021-03-27,55080.9,56640.0,53966.0,55856.53,47266542233
2021-03-28,55856.54,56587.08,54701.0,55778.82,47686580918
2021-03-29,55781.22,58400.0,54900.0,57613.48,57625587027
2021-03-30,57613.76,59397.48,57000.0,58786.46,54414116432
2021-03-31,58786.46,59800.0,56873.8,58800.0,65520826225
2021-04-01,58800.01,59474.94,57930.0,58726.48,61669163792
2021-04-02,58726.47,60055.02,58441.88,58981.04,58727860620
2021-04-03,58981.04,59752.0,56943.0,57094.34,59641344484
2021-04-04,57094.34,58500.0,56478.53,58215.94,50749662970
2021-04-05,58216.73,59251.76,56817.64,59123.02,60706272115
2021-04-06,59134.07,59475.0,57333.33,58019.98,66058027988
2021-04-07,58021.67,58630.0,55400.0,55955.75,75645303584
2021-04-08,55962.67,58152.0,55700.0,58083.1,53053855641
2021-04-09,58083.1,58869.69,57670.51,58092.68,46655208546
2021-04-10,58092.68,61218.97,57875.41,59778.6,58238470525
2021-04-11,59778.59,60658.89,59177.06,59985.26,46280252580
2021-04-12,59983.66,61199.0,59369.0,59839.82,51828688519
2021-04-13,59836.88,63774.39,59799.01,63588.22,69983454362
2021-04-14,63588.22,64899.0,61277.91,62971.8,77451779687
2021-04-15,62971.8,63831.82,62036.73,63229.04,60954381579
2021-04-16,63229.04,63604.34,60048.43,61427.27,84293007468
2021-04-17,61427.27,62572.48,59700.0,60058.86,66138759198
2021-04-18,60067.2,60437.97,51300.0,56274.41,97468872758
2021-04-19,56273.65,57600.0,54187.85,55696.83,65344865159
2021-04-20,55696.83,57111.0,53430.01,56499.29,67849323955
2021-04-21,56477.67,56810.56,53620.91,53800.86,54926612466
2021-04-22,53795.62,55469.98,50400.0,51701.59,74798630778
2021-04-23,51695.98,52130.58,47464.65,51187.27,86668667320
2021-04-24,51187.75,51260.61,48726.87,50089.15,49014494781
2021-04-25,50101.42,50591.38,47044.01,49121.0,46117114240
2021-04-26,49121.0,54400.0,48817.62,54053.6,58284039825
2021-04-27,54047.8,55509.39,53321.0,55069.62,49448222757
2021-04-28,55069.61,56476.17,53887.0,54894.03,48000572955
2021-04-29,54889.81,55226.86,52369.61,53580.0,46088929780
2021-04-30,53580.0,58075.01,53068.43,57798.77,52395931985
2021-05-01,57798.77,58550.0,57050.94,57859.28,42836427360
2021-05-02,57859.28,57972.26,56072.0,56625.2,38177405335
2021-05-03,56625.21,58986.0,56500.0,57212.73,51713139031
2021-05-04,57212.73,57247.24,53057.7,53241.92,68564706967
2021-05-05,53241.91,57980.86,52913.02,57515.69,69241316747
2021-05-06,57515.69,58400.0,55288.0,56440.66,69523285106
2021-05-07,56444.82,58735.95,55300.0,57380.39,68434023376
2021-05-08,57380.39,59559.84,56980.01,58958.05,65382980634
2021-05-09,58958.06,59300.52,56265.3,58312.57,65906690347
2021-05-10,58313.84,59592.2,53600.0,55866.41,71776546298
2021-05-11,55866.38,56962.07,54511.48,56753.19,61308396325
2021-05-12,56753.19,58041.0,48500.0,49498.77,75215403907
2021-05-13,49498.76,52500.0,46000.0,49690.11,96721152926
2021-05-14,49682.28,51569.56,48895.0,49893.48,55737497453
2021-05-15,49893.48,50730.58,46573.0,46775.51,59161047474
2021-05-16,46771.01,49808.28,43825.0,46450.79,64047871555
2021-05-17,46450.78,46646.15,42101.0,43580.5,74903638450
2021-05-18,43571.89,45851.0,42300.0,42857.15,56187365084
2021-05-19,42865.05,43591.7,30000.0,36731.75,126358098747
2021-05-20,36735.44,42605.0,35000.0,40623.33,88281943359
2021-05-21,40623.24,42275.99,33501.54,37340.77,82051616861
2021-05-22,37333.09,38889.76,35257.52,37476.83,57377273240
2021-05-23,37476.84,38319.36,31111.0,34758.67,78469274361
2021-05-24,34758.88,39966.87,34407.17,38878.56,67359584098
2021-05-25,38874.53,39878.51,36481.26,38361.81,56211915803
2021-05-26,38361.81,40900.0,37837.36,39293.23,51346735160
2021-05-27,39293.23,40440.95,37191.99,38556.88,43210968721
2021-05-28,38556.88,38900.0,34688.0,35680.47,55200191952
2021-05-29,35680.48,37325.0,33650.86,34627.82,45231013335
2021-05-30,34627.81,36500.0,33333.0,35669.44,31646080921
2021-05-31,35669.44,37534.09,34183.0,37279.31,39009847639
2021-06-01,37276.23,37918.97,35669.14,36685.0,34639423297
2021-06-02,36684.99,38237.37,35920.0,37577.91,33070867190
2021-06-03,37581.83,39489.82,37184.88,39248.55,35460750427
2021-06-04,39248.54,39291.24,35593.22,36856.52,41831090187
2021-06-05,36856.53,37921.35,34832.17,35539.49,35959473399
2021-06-06,35539.97,36477.86,35258.0,35800.48,28913440585
2021-06-07,35800.48,36812.39,33333.0,33575.91,33683936663
2021-06-08,33567.26,34069.0,31004.95,33402.13,49902050442
2021-06-09,33402.13,37573.99,32408.53,37403.86,53972919008
2021-06-10,37404.75,38425.67,35800.0,36694.05,43576032854
2021-06-11,36694.91,37695.0,35944.0,37338.44,38699736985
2021-06-12,37340.08,37448.0,34635.47,35557.33,37924228550
2021-06-13,35557.32,39396.0,34780.57,39015.24,40669112838
2021-06-14,39015.24,41076.03,38744.83,40539.47,43148914673
2021-06-15,40537.93,41322.55,39510.98,40162.37,46420149185
2021-06-16,40158.06,40499.0,38105.0,38351.0,39211635100
2021-06-17,38351.0,39554.98,37365.63,38095.17,37096670047
2021-06-18,38103.94,38216.22,35153.16,35841.81,36200887275
2021-06-19,35840.96,36457.18,34833.26,35484.79,31207279719
2021-06-20,35484.8,36139.73,33347.05,35585.78,36664034054
2021-06-21,35585.79,35741.54,31259.0,31609.82,52809038594
2021-06-22,31609.82,33352.0,28800.0,32538.37,58964353058
2021-06-23,32538.9,34881.02,31708.03,33688.35,46317108925
2021-06-24,33688.51,35295.67,32300.0,34654.58,33123368116
2021-06-25,34654.87,35500.0,31300.0,31594.63,40230904226
2021-06-26,31594.62,32711.68,30173.49,32275.19,38585385521
2021-06-27,32267.59,34749.0,32002.21,34709.23,35511640894
2021-06-28,34708.53,35301.43,33864.99,34493.22,33892523752
2021-06-29,34493.22,36675.0,34233.35,35904.28,37901460044
2021-06-30,35906.17,36094.42,34033.0,35060.0,34059036099
2021-07-01,35060.0,35066.54,32703.48,33516.11,37838957079
2021-07-02,33510.93,33972.06,32704.73,33805.02,38728974942
2021-07-03,33805.01,34953.07,33320.0,34682.16,24383958643
2021-07-04,34685.03,35951.0,34390.53,35284.05,24924307911
2021-07-05,35284.06,35290.82,33156.86,33697.78,26721554282
2021-07-06,33697.78,35100.0,33300.0,34225.73,26501259870
2021-07-07,34225.72,35077.46,33770.01,33878.56,24796027477
2021-07-08,33879.5,33934.62,32111.0,32875.95,29910396946
2021-07-09,32875.95,34100.0,32255.24,33824.26,27436021028
2021-07-10,33824.25,34267.14,33027.83,33515.35,22971873468
2021-07-11,33515.35,34607.37,33333.33,34259.23,20108729370
2021-07-12,34259.22,34670.0,32665.0,33091.1,24321499537
2021-07-13,33077.43,33337.61,32201.12,32734.14,19120856669
2021-07-14,32734.14,33125.55,31600.0,32816.39,21376531210
2021-07-15,32815.75,33187.6,31064.77,31868.68,21300524237
2021-07-16,31872.49,32259.16,31025.42,31388.06,23699476918
2021-07-17,31389.57,31949.99,31179.01,31533.91,18895018942
2021-07-18,31533.9,32450.0,31125.6,31788.25,18787986667
2021-07-19,31786.37,31887.82,30429.99,30842.03,20434789545
2021-07-20,30842.04,31052.65,29301.56,29796.16,23148267245
2021-07-21,29796.15,32825.0,29501.02,32135.19,28203024559
2021-07-22,32152.68,32611.84,31729.68,32287.74,19555230518
2021-07-23,32287.75,33647.27,32000.0,33647.26,22552046192
2021-07-24,33647.27,34525.0,33424.7,34283.01,21664706865
2021-07-25,34291.67,35451.04,33888.89,35428.26,20856685287
2021-07-26,35428.25,40593.93,35251.54,37262.77,51022126212
2021-07-27,37262.76,39550.0,36413.26,39470.48,35097370560
2021-07-28,39475.99,40925.56,38803.34,40035.1,38702404695
2021-07-29,40035.1,40644.85,39229.47,40039.44,27167146027
2021-07-30,40039.44,42320.57,38342.0,42237.95,33072782960
2021-07-31,42233.66,42414.61,41064.11,41495.01,25802845343
2021-08-01,41499.0,42605.64,39426.0,39865.41,26688438115
2021-08-02,39859.18,40459.68,38690.0,39149.59,25595265436
2021-08-03,39149.59,39785.3,37627.21,38191.44,26189830450
2021-08-04,38189.4,39965.1,37509.0,39722.41,25372562724
2021-08-05,39718.9,41447.89,37300.0,40888.74,35185031017
2021-08-06,40888.73,43399.26,39876.74,42869.58,38226483046
2021-08-07,42869.59,44750.0,42457.27,44637.34,40030862141
2021-08-08,44628.11,45363.83,43131.97,43829.14,36302664750
2021-08-09,43829.15,46497.42,42821.3,46285.48,38734079049
2021-08-10,46280.0,46718.44,44650.27,45595.66,33546019517
2021-08-11,45601.82,46781.09,45350.74,45553.49,34319709073
2021-08-12,45553.1,46223.95,43714.36,44422.14,33723620826
2021-08-13,44422.15,47953.9,44249.64,47833.64,31744259539
2021-08-14,47833.64,48176.52,46034.93,47109.65,31211354442
2021-08-15,47109.64,47400.0,45525.19,47014.49,30988958446
2021-08-16,47014.38,48076.52,45676.91,45902.46,32776876610
2021-08-17,45903.22,47174.62,44405.39,44671.58,33451362600
2021-08-18,44675.34,46035.27,44216.47,44707.98,32194123075
2021-08-19,44709.1,47088.08,43955.0,46765.87,37204312299
2021-08-20,46769.02,49400.0,46644.95,49342.4,34706867452
2021-08-21,49349.99,49821.92,48285.28,48867.02,40585205312
2021-08-22,48870.21,49526.13,48102.89,49284.63,25370975378
2021-08-23,49284.38,50505.0,49012.84,49506.5,34305053719
2021-08-24,49504.53,49875.9,47600.0,47682.45,35361168834
2021-08-25,47682.45,49277.0,47122.02,48987.33,32646349931
2021-08-26,48991.57,49365.1,46315.48,46851.47,32666549568
2021-08-27,46851.47,49185.12,46361.01,49077.57,34511076995
2021-08-28,49081.08,49309.83,48370.0,48942.94,28568103401
2021-08-29,48942.89,49667.1,47801.0,48802.58,25889650240
2021-08-30,48802.58,48906.51,46866.0,46993.71,31847007016
2021-08-31,46996.8,48259.68,46708.93,47112.5,34730363427
2021-09-01,47110.33,49125.0,46537.62,48839.86,39139399125
2021-09-02,48834.27,50392.19,48620.73,49279.37,39508070319
2021-09-03,49279.38,51064.44,48349.66,50025.0,43206179619
2021-09-04,50025.0,50558.75,49400.0,49942.98,37471327794
2021-09-05,49944.89,51907.08,49500.0,51789.17,30322676319
2021-09-06,51789.17,52802.03,51020.08,52698.81,38884105426
2021-09-07,52698.8,52944.96,42830.77,46894.5,65210059683
2021-09-08,46894.49,47381.47,44423.49,46060.36,49007762488
2021-09-09,46059.94,47400.0,45511.82,46400.0,38672657013
2021-09-10,46396.26,47040.76,44140.48,44851.45,39154666597
2021-09-11,44850.37,45989.94,44730.29,45171.83,34499835245
2021-09-12,45173.66,46462.98,44754.31,46024.23,27881980161
2021-09-13,46027.8,46900.0,43465.0,44947.72,40969943253
2021-09-14,44953.23,47274.92,44679.92,47127.22,38652152880
2021-09-15,47127.81,48475.0,46705.0,48148.12,30484496466
2021-09-16,48144.03,48499.99,47020.82,47753.16,31764293754
2021-09-17,47753.15,48176.64,46752.67,47303.5,28727713711
2021-09-18,47306.87,48825.62,47050.0,48314.56,28575630451
2021-09-19,48309.86,48379.19,46850.87,47255.92,26967722648
2021-09-20,47253.71,47358.92,42500.0,43012.97,43909845642
2021-09-21,43007.69,43639.88,39600.0,40719.6,48701090088
2021-09-22,40736.81,44035.44,40570.42,43575.1,38139709246
2021-09-23,43575.19,45000.0,43096.73,44897.59,34244064430
2021-09-24,44896.55,45200.0,40683.29,42848.92,42839345714
2021-09-25,42848.44,42998.76,41675.0,42705.51,31604717236
2021-09-26,42705.51,43937.0,40803.0,43178.02,30661222077
2021-09-27,43172.17,44366.96,42111.0,42171.76,30980029059
2021-09-28,42166.31,42780.0,40897.7,41026.07,30214940550
2021-09-29,41030.19,42638.99,40750.12,41522.16,30602359905
2021-09-30,41519.11,44110.17,41409.67,43824.43,31141681925
2021-10-01,43828.89,48500.0,43287.44,48165.76,42850641582
2021-10-02,48165.76,48359.33,47451.0,47657.69,30614346492
2021-10-03,47663.74,49300.0,47120.11,48233.99,26638115879
2021-10-04,48233.99,49505.0,46916.7,49245.54,33383173002
2021-10-05,49244.13,51906.23,49057.18,51493.99,35873904236
2021-10-06,51499.77,55757.11,50416.01,55339.48,49034730168
2021-10-07,55346.95,55356.85,53379.0,53797.82,36807860413
2021-10-08,53805.46,56113.0,53634.41,53963.82,34800873924
2021-10-09,53965.18,55500.0,53675.0,54962.29,32491211414
2021-10-10,54963.29,56545.24,54112.95,54690.53,39527792364
2021-10-11,54683.09,57833.23,54411.54,57487.44,42637331698
2021-10-12,57485.97,57674.55,53873.78,56005.1,41083758949
2021-10-13,56005.1,57771.33,54236.09,57367.32,41684252783
2021-10-14,57367.32,58520.71,56832.32,57359.51,36615791366
2021-10-15,57359.51,62910.0,56867.11,61695.39,51780081801
2021-10-16,61690.32,62350.0,60139.01,60877.42,34250964237
2021-10-17,60867.05,61744.17,58943.83,61527.11,29032367511
2021-10-18,61530.07,62675.19,59887.74,62042.41,38055562075
2021-10-19,62042.4,64500.0,61333.0,64303.14,40471196346
2021-10-20,64303.14,66999.0,63525.0,66026.54,40788955582
2021-10-21,66021.26,66650.85,62050.0,62204.02,45908121370
2021-10-22,62204.01,63750.0,60000.0,60687.64,38434082775
2021-10-23,60682.88,61750.0,59650.0,61300.01,26882546034
2021-10-24,61300.02,61491.96,59522.89,60854.48,27316183882
2021-10-25,60847.91,63726.58,60653.5,63083.54,31064911614
2021-10-26,63081.96,63290.49,59837.07,60337.62,34878965587
2021-10-27,60333.19,61488.0,58100.0,58455.47,43657076893
2021-10-28,58462.73,62477.47,57653.88,60591.65,45257083247
2021-10-29,60591.63,62974.0,60188.73,62276.72,36856881767
2021-10-30,62287.95,62379.2,60725.01,61892.41,32157938616
2021-10-31,61896.38,62427.02,60001.0,61343.68,32241199927
2021-11-01,61346.17,62500.0,59500.0,60949.54,36150572843
2021-11-02,60956.4,64300.0,60672.16,63266.51,37746665647
2021-11-03,63266.5,63568.36,60070.0,62935.41,36124731509
2021-11-04,62935.4,63114.14,60728.77,61444.5,32615846901
2021-11-05,61444.49,62638.59,60777.0,61006.15,30605102446
2021-11-06,61006.14,61599.25,60125.0,61539.31,29094934221
2021-11-07,61539.3,63327.96,61397.86,63309.13,24726754302
2021-11-08,63309.12,67792.77,63309.12,67554.84,41125608330
2021-11-09,67554.13,68568.85,66261.79,66944.66,42357991721
2021-11-10,66938.76,69000.0,62800.0,64912.2,48730828378
2021-11-11,64912.2,65600.0,64133.78,64807.59,35880633236
2021-11-12,64807.73,65477.06,62300.0,64147.9,36084893887
2021-11-13,64144.42,64990.0,63394.17,64400.01,30474228777
2021-11-14,64400.01,65525.0,63596.9,65505.02,25122092191
2021-11-15,65505.03,66339.9,63371.0,63624.59,30558763548
2021-11-16,63621.05,63624.6,58638.0,60107.98,46844335592
2021-11-17,60101.56,60824.38,58380.0,60351.51,39178392930
2021-11-18,60351.51,60977.21,56514.13,56898.0,41388338699
2021-11-19,56898.46,58412.12,55625.0,58122.16,38702407772
2021-11-20,58122.15,59900.0,57423.35,59760.76,30624264863
2021-11-21,59760.76,60070.0,58509.69,58671.21,26123447605
2021-11-22,58671.22,59526.51,55641.03,56280.81,35036121783
2021-11-23,56280.81,57886.03,55377.0,57566.85,37485803899
2021-11-24,57562.65,57607.97,55875.01,57162.66,36635566789
2021-11-25,57158.58,59445.99,57037.04,58987.27,34284016248
2021-11-26,58994.72,59194.0,53533.0,53757.67,41810748221
2021-11-27,53757.67,55316.67,53642.58,54759.05,30560857714
2021-11-28,54759.04,57490.0,53327.0,57317.17,28116886357
2021-11-29,57318.51,58908.27,56730.0,57838.06,32370840356
2021-11-30,57838.06,59249.77,55910.33,56987.97,36708594618
2021-12-01,56998.35,59118.84,56465.75,57226.5,36858195307
2021-12-02,57226.51,57423.69,55845.0,56521.46,32379968686
2021-12-03,56521.45,57670.68,51640.0,53638.04,39789134215
2021-12-04,53633.02,53876.09,42333.0,49241.12,61385677469
2021-12-05,49235.26,49783.0,47827.0,49484.22,37198201161
2021-12-06,49484.21,51105.0,47200.0,50529.56,37707308001
2021-12-07,50529.56,51995.0,50067.1,50625.48,33676814852
2021-12-08,50625.24,51250.0,48650.02,50519.68,28479699446
2021-12-09,50520.94,50844.86,47323.23,47568.43,29603577251
2021-12-10,47568.43,50148.49,46900.0,47170.94,30966005122
2021-12-11,47170.94,49517.18,46786.78,49407.75,25775869261
2021-12-12,49424.47,50828.13,48665.43,50089.64,21939223599
2021-12-13,50089.64,50218.42,45727.92,46727.89,32166727776
2021-12-14,46727.89,48686.91,46300.0,48367.43,34638619079
2021-12-15,48359.23,49500.0,46530.0,48884.78,36541828520
2021-12-16,48878.83,49459.39,47524.66,47634.22,27268150947
2021-12-17,47634.2,48000.0,45469.32,46166.5,32902725329
2021-12-18,46159.87,47368.73,45515.72,46859.46,26098292690
2021-12-19,46857.49,48351.92,46440.11,46687.19,25154053861
2021-12-20,46687.2,47548.93,45568.0,46926.07,30961902129
2021-12-21,46926.07,49339.31,46645.05,48914.7,27055803928
2021-12-22,48914.7,49595.0,48450.0,48608.62,24447979559
2021-12-23,48608.61,51397.82,48032.16,50842.2,28223878108
2021-12-24,50842.06,51878.6,50445.55,50851.38,24367912228
2021-12-25,50852.31,51171.68,50191.84,50428.31,19030650914
2021-12-26,50428.31,51295.33,49460.0,50801.79,20964372926
2021-12-27,50804.33,52100.0,50480.0,50717.77,24324345758
2021-12-28,50720.35,50720.35,47300.23,47543.09,33430376883
2021-12-29,47542.2,48149.58,46094.02,46471.24,30049226299
2021-12-30,46471.24,47926.15,45938.44,47122.08,26686491018
2021-12-31,47122.09,48574.7,45650.0,46211.24,36974172400
2022-01-01,46211.24,47967.12,46205.0,47733.43,24582667004
2022-01-02,47733.43,47990.0,46633.36,47299.07,27951569547
2022-01-03,47299.06,47583.33,45700.0,46459.56,33071628362
2022-01-04,46459.57,47532.89,45515.0,45814.61,42494677905
2022-01-05,45817.13,47076.55,42500.0,43436.04,36851084859
2022-01-06,43446.34,43794.5,42432.99,43083.76,30208048289
2022-01-07,43081.79,43144.72,40571.53,41565.18,84196607520
2022-01-08,41564.57,42318.97,40505.3,41684.84,28066355845
2022-01-09,41684.84,42831.12,41209.53,41876.52,21294384372
2022-01-10,41876.52,42250.0,39650.0,41824.07,32104232331
2022-01-11,41824.06,43130.0,41274.8,42753.44,26327648900
2022-01-12,42749.84,44342.83,42459.21,43920.37,33499938689
2022-01-13,43921.21,44453.22,42325.0,42581.65,47691135082
2022-01-14,42576.27,43473.98,41752.0,43090.72,23577403399
2022-01-15,43090.72,43819.39,42577.35,43098.2,18371348298
2022-01-16,43098.2,43497.24,42600.0,43104.34,17902097845
2022-01-17,43104.34,43200.0,41567.64,42218.01,21690904261
2022-01-18,42214.66,42692.71,41287.79,42369.74,22417209227
2022-01-19,42372.15,42586.03,41126.0,41674.27,23091543258
2022-01-20,41672.14,43511.99,40555.0,40670.97,20382033940
2022-01-21,40671.77,41127.79,35422.0,36456.94,43011992031
2022-01-22,36456.67,36835.93,34017.56,35066.43,39714385405
2022-01-23,35075.7,36555.55,34625.0,36282.47,26017975951
2022-01-24,36275.28,37574.63,32933.33,36693.32,41856658597
2022-01-25,36687.58,37579.81,35716.15,36980.0,26428189594
2022-01-26,36980.0,38960.0,36254.97,36840.63,31324598034
2022-01-27,36846.22,37249.0,35526.36,37188.37,25041426629
2022-01-28,37188.37,38023.74,36162.48,37741.9,22238830523
2022-01-29,37741.9,38748.43,37300.0,38191.1,17194183075
2022-01-30,38189.82,38384.07,37365.31,37901.35,14643548444
2022-01-31,37904.99,38785.04,36640.94,38491.93,20734730465
2022-02-01,38492.53,39300.0,38021.53,38716.88,20288500328
2022-02-02,38714.27,38888.88,36584.29,36923.39,19155189416
2022-02-03,36923.39,37450.75,36259.01,37329.91,18591534769
2022-02-04,37324.61,41788.81,37051.36,41614.64,29412210792
2022-02-05,41613.75,41970.0,40955.4,41404.85,19652846215
2022-02-06,41411.59,42719.93,41135.39,42415.16,16142097334
2022-02-07,42416.06,44533.0,41678.79,43868.07,28641855926
2022-02-08,43868.08,45519.24,42688.0,44085.59,33079398868
2022-02-09,44087.58,44865.46,43155.5,44416.35,23245887300
2022-02-10,44416.39,45855.0,43210.0,43527.71,32142048537
2022-02-11,43521.88,43962.13,42000.0,42386.47,26954925781
2022-02-12,42386.47,43050.0,41750.0,42244.97,18152390304
2022-02-13,42244.91,42781.96,41885.61,42074.99,14741589015
2022-02-14,42073.37,42876.15,41570.0,42548.71,20827783012
2022-02-15,42548.71,44775.96,42433.28,44583.52,22721659051
2022-02-16,44580.73,44585.69,43330.59,43895.56,19792547657
2022-02-17,43895.55,44195.62,40099.99,40536.73,26246662813
2022-02-18,40537.94,40990.9,39425.07,39983.56,23310007704
2022-02-19,39993.64,40469.82,39655.0,40101.94,13736557863
2022-02-20,40101.93,40146.07,38000.0,38389.03,18340576452
2022-02-21,38395.99,39506.91,36811.0,37023.0,29280402798
2022-02-22,37022.11,38469.06,36350.0,38251.48,25493150450
2022-02-23,38251.67,39276.85,37055.0,37268.19,21849073843
2022-02-24,37268.18,39720.0,34322.0,38347.3,46383802093
2022-02-25,38347.3,39716.0,38016.44,39238.48,26545599159
2022-02-26,39242.71,40300.5,38592.04,39137.8,17467554129
2022-02-27,39146.97,39875.71,37020.0,37717.08,23450127612
2022-02-28,37716.57,44240.77,37455.71,43192.66,35690014104
2022-03-01,43189.61,44993.12,42850.0,44439.95,32479047645
2022-03-02,44440.0,45426.45,43342.16,43912.34,29183112630
2022-03-03,43916.47,44096.45,41811.0,42464.41,24967782593
2022-03-04,42464.41,42524.87,38577.01,39166.51,28516271427
2022-03-05,39166.5,39600.0,38587.27,39402.43,16975917450
2022-03-06,39407.87,39730.5,38091.02,38408.38,19745229902
2022-03-07,38406.82,39556.58,37161.88,37994.0,28546143503
2022-03-08,37991.05,39376.65,37851.54,38749.38,25776583476
2022-03-09,38749.16,42597.84,38655.98,41953.97,32284121034
2022-03-10,41949.28,42053.84,38560.85,39433.71,31078064711
2022-03-11,39431.4,40251.51,38234.08,38732.04,26364890465
2022-03-12,38732.33,39472.17,38654.02,38813.02,14616450657
2022-03-13,38815.56,39318.19,37580.86,37793.01,17300745310
2022-03-14,37793.4,39906.39,37560.4,39674.17,24322159070
2022-03-15,39678.51,39900.0,38135.0,39298.1,23934000868
2022-03-16,39298.11,41717.67,38850.0,41127.97,39616916192
2022-03-17,41127.96,41486.0,40521.0,40950.33,22009601093
2022-03-18,40950.23,42396.04,40130.0,41774.98,34421564942
2022-03-19,41781.37,42429.0,41534.89,42232.26,19664853187
2022-03-20,42232.05,42330.1,40918.72,41287.24,20127946682
2022-03-21,41287.24,41578.33,40509.0,41017.71,24615543271
2022-03-22,41017.7,43389.79,40885.19,42378.26,32004652376
2022-03-23,42376.03,43036.95,41766.79,42899.71,25242943069
2022-03-24,42899.71,44241.0,42627.48,44012.29,31042992291
2022-03-25,44012.36,45130.91,43605.8,44331.85,30574413034
2022-03-26,44336.19,44820.58,44091.09,44539.42,16950455995
2022-03-27,44538.21,46950.0,44437.22,46850.01,28160889722
2022-03-28,46850.01,48240.0,46662.28,47144.92,36362175703
2022-03-29,47146.92,48124.94,46589.0,47454.19,31397059069
2022-03-30,47448.41,47717.01,46544.89,47078.03,29333883962
2022-03-31,47078.02,47624.09,45211.0,45528.45,33327427106
2022-04-01,45525.25,46739.24,44232.86,46296.34,38162644287
2022-04-02,46296.36,47219.46,45642.89,45826.27,29336594194
2022-04-03,45826.24,47469.4,45552.07,46422.16,25414397610
2022-04-04,46420.08,46900.0,45129.93,46596.83,32499785455
2022-04-05,46594.39,47200.0,45371.16,45506.5,29640604055
2022-04-06,45509.92,45523.25,43115.26,43166.7,39393395788
2022-04-07,43166.71,43908.58,42734.69,43452.18,26101973106
2022-04-08,43444.71,44000.0,42112.0,42262.02,27215995394
2022-04-09,42261.9,42816.38,42118.96,42766.93,16050772496
2022-04-10,42766.46,43443.32,41885.86,42165.96,17654475582
2022-04-11,42165.96,42424.14,39204.59,39535.87,33949912166
2022-04-12,39535.88,40705.68,39250.0,40086.23,30991500854
2022-04-13,40086.7,41570.88,39550.0,41146.68,27691105228
2022-04-14,41147.15,41512.43,39573.8,39954.08,24342001973
2022-04-15,39953.62,40850.0,39770.22,40554.58,21756855753
2022-04-16,40554.6,40699.99,40005.0,40387.6,16833150693
2022-04-17,40387.6,40605.46,39553.07,39683.54,19087633042
2022-04-18,39681.11,41100.0,38550.0,40803.58,33705182072
2022-04-19,40810.87,41772.94,40571.99,41503.85,25303206547
2022-04-20,41501.56,42209.58,40900.0,41377.61,27819532341
2022-04-21,41371.88,43109.47,39744.75,40480.81,35372786395
2022-04-22,40483.38,40802.65,39174.8,39712.25,28011716745
2022-04-23,39712.2,39993.82,39296.19,39465.87,16138021249
2022-04-24,39459.63,39945.74,39000.0,39464.56,17964398167
2022-04-25,39463.75,40605.3,38210.24,40439.22,35445730570
2022-04-26,40440.9,40817.16,37700.0,38113.82,34569088416
2022-04-27,38118.43,39470.0,37882.83,39251.11,30981015184
2022-04-28,39251.02,40400.0,38883.83,39743.22,33903704907
2022-04-29,39741.21,39926.8,38161.85,38593.1,30882994649
2022-04-30,38592.27,38795.0,37590.0,37644.1,23895713731
2022-05-01,37640.35,38675.37,37401.0,38473.05,27002760110
2022-05-02,38469.49,39181.27,38041.0,38510.89,32922642426
2022-05-03,38510.88,38643.48,37505.01,37719.59,27326943244
2022-05-04,37719.58,40038.27,37651.38,39669.56,36754404490
2022-05-05,39669.56,39864.55,35568.0,36537.22,43106256317
2022-05-06,36537.22,36664.4,35255.4,35999.1,37795577489
2022-05-07,35999.1,36125.0,34785.0,35458.0,24375896406
2022-05-08,35458.0,35499.93,33701.0,34027.91,36763041910
2022-05-09,34033.49,34231.54,30010.0,30078.27,63355494961
2022-05-10,30078.27,32645.49,29735.05,31002.39,59811038817
2022-05-11,31002.39,32185.9,27682.38,28972.34,70388855818
2022-05-12,28977.75,30091.2,25338.53,28941.95,66989173272
2022-05-13,28941.95,30990.0,28662.7,29232.18,42841124537
2022-05-14,29234.73,30287.58,28564.38,30041.88,28579868620
2022-05-15,30041.9,31418.35,29436.06,31290.05,25835372065
2022-05-16,31290.02,31293.31,29055.0,29839.89,32613897286
2022-05-17,29839.89,30750.0,29415.01,30412.12,29101473475
2022-05-18,30412.1,30675.92,28605.0,28672.94,31285268319
2022-05-19,28671.5,30500.0,28645.2,30274.59,33773447707
2022-05-20,30274.59,30729.83,28690.92,29155.75,30749382605
2022-05-21,29155.74,29613.34,28913.26,29408.26,17274840442
2022-05-22,29407.4,30457.9,29211.0,30260.87,21631532270
2022-05-23,30258.04,30635.39,28847.72,29082.52,31483454557
2022-05-24,29079.31,29802.0,28611.0,29626.44,26616506245
2022-05-25,29627.61,30192.08,29296.12,29503.49,27525063551
2022-05-26,29503.48,29850.0,28000.0,29166.06,36774325352
2022-05-27,29166.06,29355.4,28220.0,28598.31,36582005748
2022-05-28,28598.31,29239.52,28500.0,29008.99,35519577634
2022-05-29,29008.99,29550.0,28809.84,29447.07,18093886409
2022-05-30,29447.08,32232.16,29273.65,31711.42,39277993274
2022-05-31,31716.67,32383.96,31195.9,31784.05,33538210634
2022-06-01,31784.18,31964.56,29308.01,29788.79,41135817341
2022-06-02,29789.19,30655.0,29558.61,30433.75,29083562061
2022-06-03,30429.12,30674.95,29213.47,29670.85,26175547452
2022-06-04,29672.77,29952.0,29454.14,29843.18,16588370958
2022-06-05,29837.56,30158.44,29505.65,29901.54,17264085441
2022-06-06,29899.62,31745.0,29866.44,31343.61,31947336829
2022-06-07,31349.59,31549.21,29200.0,31106.9,40770974039
2022-06-08,31111.0,31306.32,29829.98,30177.0,30242059107
2022-06-09,30182.92,30679.72,29904.0,30079.62,21692004719
2022-06-10,30079.59,30337.83,28821.15,29063.11,29867476527
2022-06-11,29058.79,29411.11,28080.01,28388.63,27246574439
2022-06-12,28395.03,28516.33,26532.95,26555.2,34163220274
2022-06-13,26555.17,26869.35,21920.0,22460.97,68204556440
2022-06-14,22460.97,23299.22,20816.4,22120.25,50913575242
2022-06-15,22120.23,22769.12,20071.0,22562.33,54912007015
2022-06-16,22562.33,22974.1,20200.0,20372.0,31183975654
2022-06-17,20371.96,21338.7,20209.73,20447.86,27132421514
2022-06-18,20447.86,20750.0,17567.45,18948.89,42009436760
2022-06-19,18944.66,20795.11,17934.26,20552.44,35329942625
2022-06-20,20552.39,21041.62,19603.8,20549.75,30818458597
2022-06-21,20547.68,21711.0,20328.03,20696.96,28970212744
2022-06-22,20699.63,20873.52,19751.51,19968.46,28574793478
2022-06-23,19970.07,21211.97,19869.41,21104.45,26188097173
2022-06-24,21104.45,21537.46,20712.54,21223.72,24957784918
2022-06-25,21221.13,21594.5,20900.0,21478.04,18372538715
2022-06-26,21474.14,21866.0,20944.68,21027.92,18027170497
2022-06-27,21024.85,21520.0,20500.0,20725.17,20965695707
2022-06-28,20722.95,21189.99,20164.7,20252.89,21381535161
2022-06-29,20253.5,20410.91,19823.43,20094.79,23552740328
2022-06-30,20098.0,20143.53,18603.0,19985.62,26267239923
2022-07-01,19985.62,20879.99,18938.33,19252.76,30767551159
2022-07-02,19252.76,19422.02,18955.02,19224.03,18100418740
2022-07-03,19225.54,19622.33,18755.75,19291.33,16390821947
2022-07-04,19291.35,20331.76,19029.33,20211.35,21594638208
2022-07-05,20212.42,20734.89,19274.95,20153.51,26715546990
2022-07-06,20153.74,20650.0,19743.0,20542.67,24598943708
2022-07-07,20542.66,21855.72,20224.8,21614.6,25814972520
2022-07-08,21618.04,22490.54,21172.0,21582.2,49899834488
2022-07-09,21582.28,21959.3,21311.04,21583.99,29641127858
2022-07-10,21582.23,21595.75,20636.53,20850.65,28688807249
2022-07-11,20850.65,20854.32,19860.12,19942.43,24150249025
2022-07-12,19942.44,20037.46,19226.47,19303.65,25810220018
2022-07-13,19304.71,20330.71,18892.0,20220.23,33042430345
2022-07-14,20219.69,20893.73,19607.14,20577.02,31158743333
2022-07-15,20574.96,21196.37,20368.67,20827.55,25905575359
2022-07-16,20823.06,21582.71,20475.94,21189.68,24302954056
2022-07-17,21189.23,21667.1,20750.1,20791.74,22927802083
2022-07-18,20791.74,22777.0,20755.95,22427.56,39974475562
2022-07-19,22434.97,23800.0,21578.57,23395.06,48765202697
2022-07-20,23398.46,24287.13,22899.0,23226.99,42932549127
2022-07-21,23225.24,23434.65,22340.07,23153.96,33631012204
2022-07-22,23152.76,23763.55,22505.56,22687.68,31421555646
2022-07-23,22688.85,23006.16,21941.01,22450.69,24021799169
2022-07-24,22451.36,23036.46,22263.85,22583.43,23565495303
2022-07-25,22583.37,22665.74,21254.97,21313.41,35574561406
2022-07-26,21312.06,21344.43,20715.0,21261.57,28624673855
2022-07-27,21260.22,23110.73,21045.73,22962.59,31758955233
2022-07-28,22960.74,24206.11,22580.86,23851.7,40212386158
2022-07-29,23851.66,24450.0,23429.71,23784.5,35887249746
2022-07-30,23787.84,24666.0,23516.11,23650.13,28148218301
2022-07-31,23648.15,24192.18,23240.01,23307.44,23553591896
2022-08-01,23307.44,23518.89,22850.0,23273.86,25849159141
2022-08-02,23273.85,23464.97,22659.06,22989.4,28389250717
2022-08-03,22994.78,23650.96,22694.56,22825.0,26288169966
2022-08-04,22824.88,23234.29,22392.88,22623.94,25120229769
2022-08-05,22624.44,23478.58,22589.83,23320.81,28881249043
2022-08-06,23320.71,23357.19,22917.49,22960.93,15978259885
2022-08-07,22960.86,23405.02,22852.13,23177.39,15886817043
2022-08-08,23180.26,24251.08,23158.32,23815.65,28575544847
2022-08-09,23815.68,23929.35,22871.66,23158.27,23555719219
2022-08-10,23158.32,24224.67,22666.23,23962.18,32837431722
2022-08-11,23959.3,24929.99,23862.66,23944.86,37127036580
2022-08-12,23944.85,24463.01,23600.01,24415.18,27265804688
2022-08-13,24415.08,24898.91,24302.36,24456.49,22987346289
2022-08-14,24456.17,25054.1,24151.63,24316.71,22994133555
2022-08-15,24316.58,25214.57,23777.0,24097.82,35123501685
2022-08-16,24099.7,24253.98,23668.0,23857.93,27753685646
2022-08-17,23857.89,24448.49,23180.14,23341.17,30931623076
2022-08-18,23344.42,23600.0,23107.27,23189.46,23747613147
2022-08-19,23188.94,23206.76,20782.39,20834.94,40509610260
2022-08-20,20834.94,21372.93,20760.93,21139.23,27595671000
2022-08-21,21139.22,21795.08,21067.33,21518.62,23102307723
2022-08-22,21514.45,21540.0,20889.69,21398.25,31666498758
2022-08-23,21396.37,21679.52,20889.69,21528.34,31878280659
2022-08-24,21526.74,21925.0,21147.41,21367.12,31962253368
2022-08-25,21367.12,21818.32,21307.32,21561.86,31028679593
2022-08-26,21561.49,21878.05,20112.78,20240.72,42326789564
2022-08-27,20240.63,20389.14,19800.0,20036.69,30116729776
2022-08-28,20035.3,20164.26,19513.74,19554.03,24366810591
2022-08-29,19552.31,20427.19,19545.57,20286.97,32637854078
2022-08-30,20286.95,20582.64,19540.14,19813.17,34483360283
2022-08-31,19813.97,20489.0,19799.97,20048.26,33225232872
2022-09-01,20048.27,20205.53,19561.01,20133.65,30182031010
2022-09-02,20132.67,20444.0,19755.0,19953.74,29123998928
2022-09-03,19953.4,20053.9,19655.0,19835.47,23613051457
2022-09-04,19833.59,20026.2,19588.27,20004.73,25245861652
2022-09-05,20003.85,20060.0,19633.11,19794.58,28813460025
2022-09-06,19794.59,20179.86,18663.25,18790.91,43403978910
2022-09-07,18790.77,19466.09,18527.0,19293.52,35239757134
2022-09-08,19293.03,19460.7,19014.43,19321.87,32194477850
2022-09-09,19322.56,21616.21,19294.49,21364.5,48469528171
2022-09-10,21366.61,21815.15,21127.1,21651.52,36913738894
2022-09-11,21656.03,21865.66,21356.37,21831.72,34493951963
2022-09-12,21830.16,22490.05,21555.0,22402.71,50212088965
2022-09-13,22402.58,22800.0,19855.0,20174.78,51091116622
2022-09-14,20174.78,20545.0,19625.0,20227.77,37872380889
2022-09-15,20227.7,20336.42,19500.0,19703.67,36389011503
2022-09-16,19703.65,19890.95,19305.0,19801.04,30123362273
2022-09-17,19800.26,20183.14,19748.89,20113.37,24957448100
2022-09-18,20113.37,20119.08,19335.57,19417.64,31254779144
2022-09-19,19417.56,19689.62,18255.0,19540.38,40177002624
2022-09-20,19538.31,19638.46,18722.0,18876.91,36791346508
2022-09-21,18876.14,19949.97,18153.13,18462.64,46363793975
2022-09-22,18462.66,19521.8,18358.63,19401.25,41135767926
2022-09-23,19399.93,19500.0,18529.0,19286.01,38896078052
2022-09-24,19286.03,19311.4,18808.13,18923.2,26149643168
2022-09-25,18920.93,19184.3,18619.88,18808.61,23359966112
2022-09-26,18806.3,19320.86,18681.02,19228.0,44148798321
2022-09-27,19226.94,20383.15,18821.55,19077.57,58571439619
2022-09-28,19077.56,19773.67,18487.0,19412.07,53071298734
2022-09-29,19412.37,19646.66,18845.3,19595.57,41037843771
2022-09-30,19595.59,20182.72,19154.38,19426.11,43975248085
2022-10-01,19423.57,19486.43,19160.0,19315.27,18719537670
2022-10-02,19315.26,19398.94,18923.81,19059.17,20765955327
2022-10-03,19059.1,19717.67,18958.29,19633.46,30484729489
2022-10-04,19632.43,20479.43,19495.32,20345.19,35887278685
2022-10-05,20345.27,20371.15,19750.0,20161.62,33223790572
2022-10-06,20162.15,20455.79,19855.19,19965.64,34711412966
2022-10-07,19963.75,20065.26,19325.0,19533.05,29227315390
2022-10-08,19531.68,19628.78,19250.0,19419.39,16437423167
2022-10-09,19421.49,19563.28,19321.0,19443.47,16837262532
2022-10-10,19442.7,19528.04,19028.08,19132.83,27425022774
2022-10-11,19130.8,19265.69,18855.19,19058.11,28711532910
2022-10-12,19058.42,19235.26,18971.51,19155.92,24950173846
2022-10-13,19153.97,19509.23,18131.0,19378.65,44219840004
2022-10-14,19375.55,19954.14,19076.83,19178.0,38452356727
2022-10-15,19179.15,19229.12,18983.0,19070.24,16192235532
2022-10-16,19070.62,19425.49,19065.23,19264.44,17988916650
2022-10-17,19261.62,19679.46,19154.72,19550.4,27472552998
2022-10-18,19550.39,19702.73,19091.77,19328.76,30580012344
2022-10-19,19328.75,19361.0,19062.1,19124.18,22425387184
2022-10-20,19123.77,19349.04,18905.0,19042.48,24493974420
2022-10-21,19043.66,19254.52,18659.0,19166.45,32459287866
2022-10-22,19164.92,19257.66,19110.46,19209.1,16104440957
2022-10-23,19209.09,19698.1,19070.92,19572.44,22128794335
2022-10-24,19572.2,19603.57,19159.35,19330.41,30202235805
2022-10-25,19332.11,20420.88,19240.76,20086.28,47761524910
2022-10-26,20086.27,21022.81,20055.85,20775.4,58895950537
2022-10-27,20773.59,20878.17,20196.01,20296.97,49625110402
2022-10-28,20295.77,20755.09,20000.0,20597.91,43994715910
2022-10-29,20597.34,21080.0,20561.2,20823.53,40369840645
2022-10-30,20822.38,20939.35,20523.92,20630.68,31486345556
2022-10-31,20629.21,20837.68,20237.0,20489.94,45668466815
2022-11-01,20489.55,20691.0,20326.55,20479.63,39819303159
2022-11-02,20480.34,20805.0,20059.53,20151.4,55552169483
2022-11-03,20151.29,20390.82,20032.02,20206.88,43228750179
2022-11-04,20208.02,21298.76,20181.61,21144.2,64072727950
2022-11-05,21149.03,21478.8,21082.54,21300.45,37846047609
2022-11-06,21300.45,21365.89,20886.26,20909.17,35082693210
2022-11-07,20908.15,21069.46,20394.34,20593.49,53510852236
2022-11-08,20593.34,20675.0,17500.0,18550.25,118992465607
2022-11-09,18546.07,18590.34,15512.0,15891.96,102905151606
2022-11-10,15894.77,18140.62,15720.0,17553.89,83202283721
2022-11-11,17555.44,17641.32,16336.05,17013.62,55871616488
2022-11-12,17014.78,17067.7,16595.25,16783.33,29717699419
2022-11-13,16783.32,16926.57,16214.95,16301.39,27209183682
2022-11-14,16298.75,17169.68,15790.25,16590.73,49630243054
2022-11-15,16588.41,17107.88,16502.85,16877.93,36599436183
2022-11-16,16879.37,16994.31,16358.66,16645.24,33925512989
2022-11-17,16646.58,16736.7,16396.0,16680.47,27868914022
2022-11-18,16680.47,16984.08,16526.28,16680.59,26862218609
2022-11-19,16678.85,16802.0,16534.83,16683.02,16106223492
2022-11-20,16680.7,16733.19,16154.65,16252.53,21313378652
2022-11-21,16252.43,16279.99,15460.0,15760.14,37429485518
2022-11-22,15758.96,16294.5,15596.22,16199.71,30726828760
2022-11-23,16201.15,16700.0,16142.99,16587.0,32958875628
2022-11-24,16585.83,16797.28,16450.62,16587.61,26129037414
2022-11-25,16587.6,16610.08,16333.0,16510.9,18678255976
2022-11-26,16510.9,16693.18,16376.1,16450.93,18000008764
2022-11-27,16450.32,16589.43,16395.0,16419.88,20443898509
2022-11-28,16421.63,16478.32,15992.64,16206.3,27743025156
2022-11-29,16206.23,16541.72,16092.53,16438.0,23581685468
2022-11-30,16437.94,17259.37,16423.37,17167.33,29523576583
2022-12-01,17165.44,17317.8,16855.0,16980.08,22895392882
2022-12-02,16980.07,17108.25,16791.02,17094.71,19539705127
2022-12-03,17094.25,17158.42,16863.58,16888.53,16217776704
2022-12-04,16889.17,17199.99,16882.86,17108.9,16824520830
2022-12-05,17108.9,17424.59,16865.22,16966.05,22209086834
2022-12-06,16966.05,17111.35,16904.04,17089.05,19889922369
2022-12-07,17089.18,17140.22,16679.52,16840.0,19675404389
2022-12-08,16839.76,17300.59,16738.0,17226.01,20496603770
2022-12-09,17226.03,17352.62,17060.69,17130.59,20328426366
2022-12-10,17130.49,17227.64,17093.42,17128.1,12706781969
2022-12-11,17128.1,17271.92,17073.19,17085.21,14122486832
2022-12-12,17085.62,17244.63,16875.83,17211.66,19617581341
2022-12-13,17212.9,17999.99,17089.17,17773.18,26634741631
2022-12-14,17772.98,18385.36,17660.93,17804.97,25534481470
2022-12-15,17805.36,17856.26,17275.02,17357.96,20964448341
2022-12-16,17359.1,17525.0,16529.53,16632.64,24031608960
2022-12-17,16634.29,16799.99,16585.64,16782.25,14463581825
2022-12-18,16782.23,16875.0,16663.76,16741.16,10924354698
2022-12-19,16742.33,16822.84,16273.4,16439.74,17221074814
2022-12-20,16439.98,17060.86,16398.22,16897.65,22722096615
2022-12-21,16896.17,16926.05,16725.78,16826.56,14882945045
2022-12-22,16825.18,16868.82,16560.84,16815.51,16441573050
2022-12-23,16815.28,16943.29,16719.57,16777.21,15329265213
2022-12-24,16777.88,16863.62,16775.88,16837.12,9744636213
2022-12-25,16837.24,16853.88,16720.89,16829.02,11656379938
2022-12-26,16829.19,16939.81,16787.97,16917.96,11886957804
2022-12-27,16916.66,16967.0,16585.97,16698.73,15748580239
2022-12-28,16698.31,16777.35,16460.0,16539.66,17005713920
2022-12-29,16539.66,16654.81,16479.5,16627.54,14472237479
2022-12-30,16627.36,16649.99,16326.16,16600.1,15929162910
2022-12-31,16599.98,16634.42,16462.49,16530.35,11239186456
2023-01-01,16531.83,16621.0,16490.0,16611.58,9244361700
2023-01-02,16611.9,16789.99,16542.52,16666.95,12097775227
2023-01-03,16666.86,16772.3,16600.0,16669.47,13903079207
2023-01-04,16668.95,16988.0,16645.87,16844.42,18421743322
2023-01-05,16844.4,16872.13,16750.07,16825.69,13692758566
2023-01-06,16825.53,17027.11,16670.82,16948.06,14413662913
2023-01-07,16948.0,16977.76,16903.58,16942.37,7714767174
2023-01-08,16942.37,17167.52,16910.41,17125.18,9768827914
2023-01-09,17125.17,17396.25,17102.97,17177.98,18624736866
2023-01-10,17177.94,17494.37,17145.1,17443.5,15808338949
2023-01-11,17443.5,17998.0,17315.08,17944.27,18372283782
2023-01-12,17944.15,19115.85,17904.83,18847.75,34971338710
2023-01-13,18847.77,20000.0,18714.8,19934.88,29225029694
2023-01-14,19934.07,21321.98,19893.25,20957.02,38967784639
2023-01-15,20956.2,21057.3,20560.16,20879.7,19298407543
2023-01-16,20879.67,21465.62,20611.45,21187.5,26792494050
2023-01-17,21191.46,21595.0,20844.73,21136.33,24999983362
2023-01-18,21135.01,21650.21,20370.01,20674.29,30005625418
2023-01-19,20674.03,21197.0,20656.52,21084.22,21152848261
2023-01-20,21084.05,22754.73,20865.64,22669.81,28799154319
2023-01-21,22671.09,23375.6,22432.45,22789.37,32442278429
2023-01-22,22789.34,23082.82,22298.15,22714.87,24746386230
2023-01-23,22714.81,23180.55,22500.01,22920.29,26518700512
2023-01-24,22920.67,23165.56,22460.17,22636.17,26405069715
2023-01-25,22636.19,23824.66,22326.24,23062.36,30685366709
2023-01-26,23062.36,23287.38,22853.61,23010.47,26357839322
2023-01-27,23011.37,23511.9,22540.76,23084.4,25383335641
2023-01-28,23084.38,23196.99,22884.0,23028.95,14712928379
2023-01-29,23029.56,23966.0,22974.75,23745.8,27423687259
2023-01-30,23744.34,23802.99,22500.0,22836.03,27205595568
2023-01-31,22836.03,23313.23,22719.68,23128.86,22837828665
2023-02-01,23127.15,23813.57,22760.0,23735.97,26683255504
2023-02-02,23735.97,24262.18,23367.87,23493.84,32066936882
2023-02-03,23497.29,23720.0,23208.01,23433.54,27083066007
2023-02-04,23433.47,23589.67,23257.71,23328.87,15639298538
2023-02-05,23329.47,23433.2,22758.01,22936.34,19564262605
2023-02-06,22936.34,23163.05,22637.51,22764.07,23825006542
2023-02-07,22763.42,23348.73,22748.11,23244.67,27187964471
2023-02-08,23244.64,23451.01,22669.09,22964.38,25371367758
2023-02-09,22963.91,23011.18,21700.0,21800.63,32572572185
2023-02-10,21800.62,21942.41,21467.43,21628.97,27078406594
2023-02-11,21628.97,21904.0,21605.35,21863.73,16356226232
2023-02-12,21863.73,22091.88,21631.0,21789.8,17821046406
2023-02-13,21789.79,21903.03,21366.45,21789.14,23918742607
2023-02-14,21789.0,22331.76,21545.67,22206.27,26792596581
2023-02-15,22206.26,24386.5,22054.17,24329.04,32483312909
2023-02-16,24326.95,25256.83,23510.73,23516.15,39316664596
2023-02-17,23516.95,25025.0,23344.12,24577.6,41358451255
2023-02-18,24577.6,24879.33,24407.67,24636.23,19625427158
2023-02-19,24635.85,25200.0,24192.7,24281.31,25555105670
2023-02-20,24278.81,25128.11,23841.08,24844.97,28987376573
2023-02-21,24844.21,25288.88,24153.96,24454.43,31252098714
2023-02-22,24454.08,24480.0,23581.64,24184.44,30199996781
2023-02-23,24184.9,24600.95,23612.59,23943.32,30476264066
2023-02-24,23943.32,24132.67,22520.0,23186.88,26811744928
2023-02-25,23186.88,23220.56,22716.47,23159.71,16100721565
2023-02-26,23159.71,23689.77,23052.78,23556.83,16644534842
2023-02-27,23556.83,23895.51,23109.06,23489.52,22660763494
2023-02-28,23490.01,23597.98,23027.24,23145.32,20535363434
2023-03-01,23144.37,23999.99,23025.17,23631.52,24662841200
2023-03-02,23632.12,23798.62,23196.09,23468.24,20386398516
2023-03-03,23468.79,23477.28,21988.02,22358.18,26062404610
2023-03-04,22358.18,22409.82,22150.71,22350.95,11166012913
2023-03-05,22349.74,22654.64,22195.13,22432.69,13317001733
2023-03-06,22431.99,22599.99,22264.73,22410.31,17353192895
2023-03-07,22410.13,22557.03,21932.74,22198.48,22765452204
2023-03-08,22198.09,22281.55,21580.84,21698.37,22536575684
2023-03-09,21699.41,21825.53,20050.0,20367.01,30364664171
2023-03-10,20366.97,20369.78,19568.52,20230.08,39578257695
2023-03-11,20230.07,20964.5,19900.5,20620.54,30180288176
2023-03-12,20619.34,22276.69,20446.24,22219.08,29279035521
2023-03-13,22216.02,24710.0,21882.63,24220.0,49466362688
2023-03-14,24220.0,26553.9,24052.0,24762.65,54622230164
2023-03-15,24761.61,25300.0,23931.01,24377.16,43655701450
2023-03-16,24377.16,25235.28,24207.54,25051.85,33866061747
2023-03-17,25052.11,27834.54,24946.86,27453.62,50730261335
2023-03-18,27453.75,27780.0,26652.45,26980.35,35723036817
2023-03-19,26980.35,28478.0,26904.0,28054.46,37769448859
2023-03-20,28058.15,28578.63,27218.36,27823.32,44774027664
2023-03-21,27822.85,28605.32,27414.77,28207.33,36102192830
2023-03-22,28201.22,28937.73,26678.16,27325.15,33382021890
2023-03-23,27324.05,28839.68,27189.19,28352.94,24220433689
2023-03-24,28352.95,28433.34,27027.88,27489.24,25980310960
2023-03-25,27489.24,27818.67,27184.78,27488.18,13383005987
2023-03-26,27489.56,28230.32,27445.04,27992.9,13878363192
2023-03-27,27995.27,28053.26,26525.0,27142.87,18188895178
2023-03-28,27142.85,27519.99,26640.0,27274.15,17783600385
2023-03-29,27274.18,28654.06,27255.42,28359.54,20684945906
2023-03-30,28359.54,29190.04,27693.7,28035.48,22435349951
2023-03-31,28034.88,28650.2,27512.97,28474.4,19001327598
2023-04-01,28475.41,28826.45,28223.76,28471.46,10876469901
2023-04-02,28471.03,28544.21,27862.69,28188.34,12284641999
2023-04-03,28188.34,28525.0,27227.61,27811.77,19556501327
2023-04-04,27809.55,28450.0,27670.24,28179.64,15284538859
2023-04-05,28178.66,28799.99,27817.32,28175.37,17052315986
2023-04-06,28175.27,28199.11,27716.77,28053.46,13837809380
2023-04-07,28052.74,28120.71,27790.21,27931.94,10861680497
2023-04-08,27930.12,28175.89,27881.01,27958.81,9373255556
2023-04-09,27958.19,28547.67,27814.0,28340.99,12175322951
2023-04-10,28342.28,29794.47,28162.49,29660.41,19282400094
2023-04-11,29657.7,30584.58,29612.3,30227.19,20121259843
2023-04-12,30227.18,30517.0,29675.0,29912.2,18651929926
2023-04-13,29912.2,30627.05,29878.08,30406.78,17487721001
2023-04-14,30410.03,31050.0,30000.0,30492.92,22659995079
2023-04-15,30492.91,30622.38,30231.76,30324.11,11940685378
2023-04-16,30325.07,30572.1,30148.28,30326.09,12854816417
2023-04-17,30321.41,30340.21,29251.71,29449.91,17872186762
2023-04-18,29449.91,30500.0,29103.89,30393.4,19480529496
2023-04-19,30394.5,30430.72,28595.28,28809.72,24571565421
2023-04-20,28809.71,29102.69,27991.32,28248.18,21340360360
2023-04-21,28248.18,28371.88,27133.0,27253.85,20759504330
2023-04-22,27252.96,27887.78,27133.0,27821.41,13125734602
2023-04-23,27820.99,27820.99,27333.2,27592.98,12785446832
2023-04-24,27592.7,28000.0,26965.14,27515.05,17703288330
2023-04-25,27513.85,28400.0,27194.51,28304.42,17733373139
2023-04-26,28304.42,30050.66,27230.77,28426.08,31854242019
2023-04-27,28428.86,29900.0,28387.07,29483.72,27153445027
2023-04-28,29486.97,29606.45,28900.0,29338.63,17544464887
2023-04-29,29339.47,29470.0,29057.3,29249.35,10662634333
2023-04-30,29249.24,29969.99,29095.92,29247.14,14652199272
2023-05-01,29240.49,29348.6,27664.31,28077.27,18655599976
2023-05-02,28077.44,28899.99,27871.44,28684.4,16432924527
2023-05-03,28683.41,29276.12,28122.0,29038.75,19122972518
2023-05-04,29039.36,29383.5,28674.58,28857.23,15548678514
2023-05-05,28857.88,29706.57,28810.0,29536.76,17936566518
2023-05-06,29538.87,29850.0,28394.0,28902.66,15913866714
2023-05-07,28901.3,29189.71,28429.12,28474.53,11301355486
2023-05-08,28472.68,28676.38,27279.66,27695.06,19122903752
2023-05-09,27693.24,27833.64,27367.01,27647.29,14128593256
2023-05-10,27647.29,28334.75,26800.0,27624.01,20656025026
2023-05-11,27621.5,27649.85,26702.0,26986.56,16724343943
2023-05-12,26986.79,27099.21,25810.0,26808.84,19313599897
2023-05-13,26808.8,27060.24,26700.0,26789.48,9999171605
2023-05-14,26786.99,27221.51,26581.52,26929.98,10014858959
2023-05-15,26929.98,27678.73,26740.95,27171.13,14413231792
2023-05-16,27165.26,27302.99,26860.12,27037.68,12732238816
2023-05-17,27037.72,27516.58,26543.87,27407.77,15140006925
2023-05-18,27407.76,27487.71,26361.52,26820.49,15222938600
2023-05-19,26819.64,27190.35,26632.73,26890.27,11258983301
2023-05-20,26890.27,27178.99,26836.21,27113.61,7044911360
2023-05-21,27113.97,27288.02,26667.63,26752.65,8647416921
2023-05-22,26751.0,27105.63,26536.99,26854.73,11056770492
2023-05-23,26854.09,27500.0,26803.46,27223.22,13697203143
2023-05-24,27222.86,27225.0,26070.04,26321.4,16299104428
2023-05-25,26321.42,26625.93,25864.35,26479.06,13851122697
2023-05-26,26479.15,26950.0,26334.33,26714.86,12711619225
2023-05-27,26711.56,26943.6,26559.96,26867.99,7892015141
2023-05-28,26870.13,28277.56,26780.11,28070.04,14545229578
2023-05-29,28070.04,28473.93,27534.81,27744.82,15181308984
2023-05-30,27744.81,28057.23,27555.0,27700.15,13251081851
2023-05-31,27700.68,27844.89,26842.94,27223.08,15656371534
2023-06-01,27221.54,27360.31,26615.0,26828.42,14678970415
2023-06-02,26827.73,27307.44,26508.0,27250.69,14837415000
2023-06-03,27252.67,27341.13,26923.35,27077.6,8385597470
2023-06-04,27078.27,27466.83,26958.98,27122.04,9360912318
2023-06-05,27122.03,27137.75,25391.43,25741.5,21513292646
2023-06-06,25741.5,27368.67,25351.92,27243.63,21929670693
2023-06-07,27243.45,27402.79,26121.06,26346.41,19530045082
2023-06-08,26347.09,26820.3,26212.63,26508.32,11904824295
2023-06-09,26505.71,26780.4,26283.5,26482.81,11015551640
2023-06-10,26482.8,26534.95,25385.52,25856.1,19872933189
2023-06-11,25856.1,26219.1,25648.0,25937.02,10732609603
2023-06-12,25936.98,26108.64,25616.98,25905.82,11677889997
2023-06-13,25905.99,26435.81,25710.78,25930.23,14143474486
2023-06-14,25929.35,26090.0,24821.0,25123.34,14265717766
2023-06-15,25123.41,25749.99,24750.0,25569.99,15837384409
2023-06-16,25569.99,26486.56,25143.24,26329.6,16324646965
2023-06-17,26329.6,26783.2,26165.98,26506.56,11090276850
2023-06-18,26507.97,26693.11,26245.27,26336.46,9565695129
2023-06-19,26336.46,27040.64,26250.0,26837.78,12826986222
2023-06-20,26839.04,28417.11,26637.41,28320.43,22211859147
2023-06-21,28320.41,30800.0,28271.67,29995.08,33346760979
2023-06-22,29999.85,30513.25,29539.57,29886.31,20653160491
2023-06-23,29886.25,31443.67,29802.65,30707.61,24115570085
2023-06-24,30709.59,30815.92,30265.88,30547.18,12147822496
2023-06-25,30547.3,31057.86,30288.33,30480.24,12703464114
2023-06-26,30480.24,30662.66,29900.0,30272.18,16493186997
2023-06-27,30272.24,31020.54,30228.44,30697.38,16428827944
2023-06-28,30696.06,30716.93,29840.0,30074.94,14571500779
2023-06-29,30074.93,30838.0,30036.18,30446.47,13180860821
2023-06-30,30445.67,31277.0,29417.14,30466.72,26387306197
2023-07-01,30466.73,30659.33,30312.8,30587.21,9086606733
2023-07-02,30587.22,30791.75,30165.39,30613.51,10533418042
2023-07-03,30613.57,31399.08,30569.0,31161.8,15271884873
2023-07-04,31162.71,31333.0,30628.3,30771.25,12810828427
2023-07-05,30772.93,30882.95,30189.56,30499.27,12481622280
2023-07-06,30499.27,31525.1,29850.0,29899.38,21129219509
2023-07-07,29895.6,30456.0,29715.87,30352.08,13384770155
2023-07-08,30350.35,30388.91,30047.78,30291.69,7509378699
2023-07-09,30291.69,30451.78,30066.95,30168.38,7903327692
2023-07-10,30168.26,31055.75,29955.0,30419.89,14828209155
2023-07-11,30419.89,30811.65,30304.45,30626.55,12151839152
2023-07-12,30624.65,31000.0,30200.0,30381.81,14805659717
2023-07-13,30383.26,31862.21,30250.73,31471.83,23686079548
2023-07-14,31471.83,31645.66,29920.31,30330.52,20917902660
2023-07-15,30330.93,30406.27,30254.67,30301.65,8011667756
2023-07-16,30302.01,30457.03,30075.93,30247.64,8516564470
2023-07-17,30247.56,30345.45,29668.58,30143.08,13240156074
2023-07-18,30143.08,30249.3,29525.0,29861.93,13138897269
2023-07-19,29861.92,30196.24,29757.44,29916.72,12128602812
2023-07-20,29916.69,30421.29,29564.19,29809.13,14655207121
2023-07-21,29809.13,30060.28,29729.48,29907.98,10972789818
2023-07-22,29907.15,30002.38,29626.86,29795.03,7873300598
2023-07-23,29793.62,30350.7,29733.55,30081.61,9220145050
2023-07-24,30081.61,30099.99,28850.0,29176.98,15395817395
2023-07-25,29176.98,29376.51,29046.0,29225.14,10266772793
2023-07-26,29225.11,29686.41,29089.54,29353.23,13497554655
2023-07-27,29350.88,29571.42,29075.0,29214.92,10770779217
2023-07-28,29214.93,29532.45,29115.32,29316.15,11218474952
2023-07-29,29316.05,29411.09,29253.44,29355.71,6481775959
2023-07-30,29356.65,29450.0,29033.0,29281.39,8678454527
2023-07-31,29280.41,29526.99,29102.65,29230.67,11656781982
2023-08-01,29230.61,29726.73,28477.0,29697.27,18272392391
2023-08-02,29699.25,30033.0,28903.79,29164.22,19212655598
2023-08-03,29163.87,29399.97,28938.93,29174.18,12780357746
2023-08-04,29174.84,29312.28,28747.1,29076.48,12036639988
2023-08-05,29077.04,29111.87,28946.17,29047.12,6598366353
2023-08-06,29047.33,29163.24,28955.0,29040.01,7269806994
2023-08-07,29040.01,29246.0,28660.53,29179.21,13618163710
2023-08-08,29179.28,30222.0,29104.65,29770.01,17570561357
2023-08-09,29770.01,30128.88,29344.16,29562.76,18379521213
2023-08-10,29562.76,29709.38,29306.0,29424.03,11865344789
2023-08-11,29424.04,29534.14,29213.59,29400.45,10195168197
2023-08-12,29400.45,29477.31,29349.98,29416.96,6194358008
2023-08-13,29417.19,29447.6,29247.15,29275.94,7329897180
2023-08-14,29275.78,29665.27,29072.96,29405.49,14013695304
2023-08-15,29405.49,29464.62,29046.58,29170.14,12640195779
2023-08-16,29170.13,29231.92,28690.37,28700.51,14949271904
2023-08-17,28700.51,28751.84,25234.76,26627.57,31120851211
2023-08-18,26627.21,26834.37,25610.0,26048.89,24026236529
2023-08-19,26048.9,26269.11,25793.11,26096.42,10631443812
2023-08-20,26096.4,26296.78,25975.01,26189.14,9036580420
2023-08-21,26189.36,26260.25,25814.0,26125.18,13371557893
2023-08-22,26125.16,26137.99,25350.0,26042.11,14503820706
2023-08-23,26041.94,26818.28,25796.47,26427.54,16985265785
2023-08-24,26427.73,26567.38,25850.0,26163.49,12871532023
2023-08-25,26163.49,26294.53,25750.0,26049.39,12406045118
2023-08-26,26049.4,26115.44,25971.44,26009.61,6034817316
2023-08-27,26009.62,26171.87,25961.81,26091.16,6913768611
2023-08-28,26091.16,26232.88,25850.0,26101.04,11002805166
2023-08-29,26101.03,28184.89,25903.18,27717.98,29368391712
2023-08-30,27717.15,27775.0,27015.75,27306.06,16343655235
2023-08-31,27306.06,27576.99,25660.61,25932.45,20181001451
2023-09-01,25931.51,26142.28,25307.37,25794.88,17202862221
2023-09-02,25795.61,25982.48,25707.3,25867.83,10100387473
2023-09-03,25867.82,26123.0,25792.29,25969.83,8962524523
2023-09-04,25969.83,26093.07,25627.0,25816.13,10680635106
2023-09-05,25816.14,25884.04,25551.36,25783.91,11094740040
2023-09-06,25782.49,26025.78,25358.0,25747.63,12752705327
2023-09-07,25747.63,26440.55,25595.8,26276.3,11088307100
2023-09-08,26276.38,26460.41,25640.1,25906.34,10817356400
2023-09-09,25906.33,25942.69,25791.45,25897.82,5481314132
2023-09-10,25897.82,26023.89,25578.01,25831.76,7899553047
2023-09-11,25831.77,25891.6,24900.0,25152.14,14600006467
2023-09-12,25152.13,26556.91,25120.76,25840.61,18657279324
2023-09-13,25839.95,26413.59,25763.43,26226.65,13072077070
2023-09-14,26227.16,26869.06,26128.25,26532.76,13811359124
2023-09-15,26532.5,26892.65,26213.96,26602.42,11479735788
2023-09-16,26601.71,26777.0,26453.32,26569.69,7402031417
2023-09-17,26569.69,26626.49,26405.04,26530.95,6774210670
2023-09-18,26530.96,27427.34,26382.13,26764.49,15615339655
2023-09-19,26764.03,27500.0,26666.93,27216.13,13807690550
2023-09-20,27216.52,27393.78,26798.98,27123.94,13281116604
2023-09-21,27122.65,27163.48,26359.7,26564.54,13371443708
2023-09-22,26564.54,26742.86,26467.94,26578.4,10578746709
2023-09-23,26578.4,26638.58,26513.0,26579.6,7404700301
2023-09-24,26579.59,26731.1,26118.86,26250.24,8192867686
2023-09-25,26248.17,26444.95,25983.78,26296.08,11997833257
2023-09-26,26296.07,26397.59,26080.0,26208.44,9985498161
2023-09-27,26208.43,26830.0,26088.37,26357.62,11718380997
2023-09-28,26357.56,27313.86,26321.37,27027.14,14079002707
2023-09-29,27027.44,27238.9,26661.71,26907.0,10396435377
2023-09-30,26905.57,27097.25,26884.86,26961.0,5331172801
2023-10-01,26961.0,28062.62,26955.25,27995.46,9503917434
2023-10-02,27995.46,28613.37,27302.3,27504.04,19793041322
2023-10-03,27504.03,27672.12,27160.47,27428.96,11407814187
2023-10-04,27428.96,27842.38,27208.65,27786.75,11143355314
2023-10-05,27786.12,28140.0,27358.05,27412.96,11877253670
2023-10-06,27413.15,28288.88,27173.41,27945.17,13492391599
2023-10-07,27945.17,28040.84,27861.2,27976.43,6553044316
2023-10-08,27976.44,28109.94,27708.6,27933.55,7916875290
2023-10-09,27933.54,28003.7,27268.63,27596.67,12007668568
2023-10-10,27596.67,27739.94,27291.81,27393.29,9973350678
2023-10-11,27393.28,27478.61,26521.32,26869.19,13648094333
2023-10-12,26867.97,26939.55,26537.72,26750.51,9392909295
2023-10-13,26752.06,27122.24,26662.62,26863.53,15165312851
2023-10-14,26863.54,26988.12,26797.0,26851.71,5388116782
2023-10-15,26851.71,27301.37,26806.06,27186.13,7098201980
2023-10-16,27186.13,30000.0,27135.92,28520.24,27833876539
2023-10-17,28520.24,28637.21,28083.19,28408.83,14872527508
2023-10-18,28408.51,28999.98,28151.6,28326.51,12724128586
2023-10-19,28326.24,28938.96,28122.57,28735.34,14448058195
2023-10-20,28734.51,30248.0,28591.85,29684.73,21536125230
2023-10-21,29684.73,30369.0,29475.06,29924.84,11541146996
2023-10-22,29925.91,30275.0,29670.0,30004.15,10446520040
2023-10-23,30004.14,35000.0,29890.89,33087.58,38363572311
2023-10-24,33079.72,35157.23,32851.45,33922.52,44934999645
2023-10-25,33921.66,35144.0,33690.91,34506.35,25254318008
2023-10-26,34504.33,34843.04,33735.86,34154.71,19427195376
2023-10-27,34153.35,34249.99,33400.0,33906.09,16418032871
2023-10-28,33905.96,34500.0,33867.38,34085.42,10160330825
2023-10-29,34085.42,34763.0,33937.31,34534.48,11160323986
2023-10-30,34534.48,34871.0,34077.9,34493.79,17184860315
2023-10-31,34493.51,34732.18,34038.79,34656.4,15758270810
2023-11-01,34656.38,35647.19,34079.46,35440.1,22446272005
2023-11-02,35440.1,35997.8,34311.73,34950.0,20998158544
2023-11-03,34947.92,34954.6,34100.0,34731.27,17158456701
2023-11-04,34730.32,35278.4,34599.85,35087.01,9561294264
2023-11-05,35087.43,35410.0,34500.0,35035.42,12412743996
2023-11-06,35035.79,35294.12,34753.66,35059.46,12693436420
2023-11-07,35059.46,35963.0,34530.67,35416.28,18834737789
2023-11-08,35416.63,36113.59,35103.14,35639.13,17295394918
2023-11-09,35639.13,37999.0,35555.16,36706.59,37762672382
2023-11-10,36704.01,37548.8,36334.46,37324.83,22711265155
2023-11-11,37324.84,37424.03,36701.5,37139.12,13924272142
2023-11-12,37139.94,37247.0,36740.9,37086.03,11545715999
2023-11-13,37086.5,37442.48,36351.0,36475.67,19057712790
2023-11-14,36475.68,36756.16,34758.64,35554.09,23857403554
2023-11-15,35554.1,37987.0,35358.45,37885.35,27365821679
2023-11-16,37885.35,37958.75,35511.11,36161.15,26007385366
2023-11-17,36161.15,36831.99,35869.0,36630.38,22445028430
2023-11-18,36631.56,36857.15,36205.89,36594.89,11886022717
2023-11-19,36596.14,37546.62,36404.52,37391.19,12915986553
2023-11-20,37389.06,37784.07,36720.0,37475.64,20888209068
2023-11-21,37472.76,37675.77,35744.9,35751.89,25172163756
2023-11-22,35755.33,37875.0,35633.0,37424.31,24397247860
2023-11-23,37424.31,37653.67,36888.0,37304.05,14214948217
2023-11-24,37304.04,38454.0,37257.56,37745.84,22922957823
2023-11-25,37746.29,37920.27,37615.91,37805.99,9099571165
2023-11-26,37806.84,37842.17,37156.72,37462.79,13744796068
2023-11-27,37462.01,37578.42,36715.1,37241.63,19002925720
2023-11-28,37241.64,38425.96,36873.55,37838.26,21696137014
2023-11-29,37838.26,38480.0,37581.93,37863.84,20728546658
2023-11-30,37864.79,38152.18,37500.0,37732.27,18115982627
2023-12-01,37732.27,39000.0,37618.25,38703.54,23512784002
2023-12-02,38706.55,39740.0,38660.03,39478.95,15534035612
2023-12-03,39467.42,40221.22,39293.02,39984.81,15769696322
2023-12-04,39984.81,42410.46,39983.6,41987.24,39856129827
2023-12-05,41985.53,45000.0,41384.03,44084.39,36312154535
2023-12-06,44086.33,44290.37,43369.0,43764.05,29909761586
2023-12-07,43766.41,44057.23,42846.53,43280.95,27635760671
2023-12-08,43281.11,44754.99,43087.17,44192.87,24421116687
2023-12-09,44192.86,44384.68,43586.14,43723.25,17368210171
2023-12-10,43722.84,44049.51,43562.06,43793.68,13000481418
2023-12-11,43793.67,43811.81,40150.0,41229.61,40632672038
2023-12-12,41229.61,42088.56,40636.51,41477.39,24779520132
2023-12-13,41477.6,43475.0,40553.15,42885.54,26797884674
2023-12-14,42887.39,43442.15,41426.76,43027.77,25578530178
2023-12-15,43027.77,43095.71,41640.51,41933.89,19639442462
2023-12-16,41934.84,42680.2,41626.66,42237.29,14386729590
2023-12-17,42235.23,42367.82,41222.0,41349.59,16678702876
2023-12-18,41349.59,42754.79,40508.01,42650.01,25224642008
2023-12-19,42650.01,43461.86,41780.0,42266.22,23171001281
2023-12-20,42266.25,44324.86,42184.48,43674.77,27868908174
2023-12-21,43673.11,44250.0,43295.78,43875.32,22452766169
2023-12-22,43875.56,44424.36,43412.82,44013.73,21028503216
2023-12-23,44013.65,44033.84,43333.35,43726.35,13507796558
2023-12-24,43728.36,43985.67,42614.17,43025.03,18830554085
2023-12-25,43025.02,43818.29,42755.35,43589.67,21115795370
2023-12-26,43589.67,43605.0,41600.67,42515.53,30026850982
2023-12-27,42521.21,43709.98,42111.47,43474.4,25260941032
2023-12-28,43469.06,43830.34,42265.08,42581.23,22992093014
2023-12-29,42581.23,43137.1,41300.0,42063.45,26000021055
2023-12-30,42064.22,42593.73,41518.19,42141.03,16013925945
2023-12-31,42139.32,42850.0,41964.68,42288.06,16397498810
2024-01-01,42288.58,44240.8,42175.65,44220.78,18426978443
2024-01-02,44220.78,45925.82,44195.13,44972.8,39335274536
2024-01-03,44972.81,45519.32,40625.68,42862.44,46342323118
2024-01-04,42860.58,44800.0,42650.0,44193.29,30448091210
2024-01-05,44198.35,44443.37,42450.0,44186.59,32336029347
2024-01-06,44187.76,44260.95,43436.5,43992.44,16092503468
2024-01-07,43992.79,44510.01,43629.7,43950.28,19330573863
2024-01-08,43954.52,47330.0,43200.44,46995.1,42746192015
2024-01-09,46995.09,47901.0,44701.54,46124.08,39821290992
2024-01-10,46120.79,47732.5,44320.01,46666.11,50114613298
2024-01-11,46678.54,49102.29,45555.55,46342.66,45833734549
2024-01-12,46344.96,46522.2,41444.97,42773.03,43332698900
2024-01-13,42775.1,43250.0,42427.0,42839.33,20601860469
2024-01-14,42839.32,43064.13,41680.73,41697.33,17521429522
2024-01-15,41698.13,43331.91,41680.0,42490.16,22320220558
2024-01-16,42481.69,43569.23,42028.02,43130.45,24062872740
2024-01-17,43130.35,43185.47,42160.0,42739.49,20851232595
2024-01-18,42737.68,42877.22,40600.05,41293.5,25218357242
2024-01-19,41290.57,42159.52,40236.49,41624.07,25752407154
2024-01-20,41623.94,41846.15,41418.55,41666.67,11586690904
2024-01-21,41666.67,41858.59,41472.49,41554.05,9344043642
2024-01-22,41553.92,41658.0,39372.44,39524.27,31338708143
2024-01-23,39524.27,40144.49,38501.0,39878.3,29244553045
2024-01-24,39878.28,40527.26,39382.15,40077.78,22359526178
2024-01-25,40079.87,40282.87,39503.0,39941.66,18491782013
2024-01-26,39941.66,42243.14,39805.95,41814.8,25598119893
2024-01-27,41814.96,42199.99,41383.94,42126.55,11422941934
2024-01-28,42126.55,42839.07,41617.53,42034.59,16858971687
2024-01-29,42034.57,43326.77,41787.35,43306.18,20668476578
2024-01-30,43303.3,43872.99,42680.2,42942.78,23842814518
2024-01-31,42937.72,43741.94,42265.77,42548.08,24673628793
2024-02-01,42545.47,43276.19,41846.04,43078.81,21423953779
2024-02-02,43080.38,43700.0,42527.58,43181.66,18603843039
2024-02-03,43183.62,43358.13,42863.58,43010.67,11169245236
2024-02-04,43007.82,43100.0,42228.01,42568.55,14802225490
2024-02-05,42571.91,43520.0,42235.0,42657.67,18715487317
2024-02-06,42658.3,43372.79,42516.07,43095.79,16798476726
2024-02-07,43097.16,44430.0,42760.44,44343.61,21126587775
2024-02-08,44345.94,45637.38,44335.0,45305.2,26154524080
2024-02-09,45304.83,48230.02,45252.93,47160.41,39316770844
2024-02-10,47157.01,48179.43,46889.53,47767.06,16398681570
2024-02-11,47767.06,48614.0,47590.3,48316.3,19315867136
2024-02-12,48321.14,50363.42,47715.67,49941.81,34511985805
2024-02-13,49941.95,50423.42,48327.81,49725.36,35593051468
2024-02-14,49724.55,52111.0,49253.92,51858.59,39105608050
2024-02-15,51858.51,52890.0,51353.49,51934.29,38564360533
2024-02-16,51935.23,52608.2,51597.87,52162.64,28180567298
2024-02-17,52162.65,52214.05,50642.36,51666.22,20009091006
2024-02-18,51666.23,52400.0,51174.38,52153.63,17595377311
2024-02-19,52153.63,52501.01,51687.98,51787.05,21362184346
2024-02-20,51787.05,53000.0,50764.01,52277.52,33353758256
2024-02-21,52277.53,52394.91,50628.6,51851.67,28624907020
2024-02-22,51851.46,52076.0,50905.65,51258.7,25413900611
2024-02-23,51260.29,51512.68,50513.01,50747.05,21427078270
2024-02-24,50746.98,51696.19,50576.55,51570.65,15174077879
2024-02-25,51568.63,51967.82,51275.01,51731.0,15413239245
2024-02-26,51730.96,54980.0,50901.23,54533.48,34074411896
2024-02-27,54530.32,57646.81,54490.8,57077.07,49756832031
2024-02-28,57077.08,64100.0,56723.48,62518.9,83239156760
2024-02-29,62520.06,63675.48,60355.61,61179.03,65496611844
2024-03-01,61179.03,63267.18,60788.33,62436.72,40186368423
2024-03-02,62439.74,62500.0,61623.39,62045.78,23888473685
2024-03-03,62045.78,63260.0,61388.0,63154.49,26253811450
2024-03-04,63155.74,68602.98,62300.0,68360.14,70670471105
2024-03-05,68356.7,69324.58,59224.68,63800.78,102802940877
2024-03-06,63802.15,67654.06,62832.39,66122.28,68750229073
2024-03-07,66115.48,68098.09,65599.63,66938.21,46989543159
2024-03-08,66938.21,70199.0,66157.09,68289.16,59202881172
2024-03-09,68289.16,68700.41,68047.62,68480.0,21609650379
2024-03-10,68480.01,70000.0,68221.13,69032.12,35683977532
2024-03-11,69032.8,72943.98,67112.21,72110.98,65716656765
2024-03-12,72110.98,73027.63,68603.0,71475.93,62554434520
2024-03-13,71473.43,73709.99,71337.3,73135.04,48212536929
2024-03-14,73135.04,73835.57,68454.47,71364.58,59594605698
2024-03-15,71364.58,72414.96,65565.7,69506.88,78320453976
2024-03-16,69514.87,70050.0,64774.05,65254.22,46842198371
2024-03-17,65254.22,68877.82,64505.0,68343.64,44716864318
2024-03-18,68354.29,68933.71,66562.65,67613.04,49261579492
2024-03-19,67609.39,68136.39,61506.0,61906.27,74215844794
2024-03-20,61902.57,68150.0,60771.14,67858.8,66792634382
2024-03-21,67855.88,68234.56,64525.0,65484.7,44480350565
2024-03-22,65478.98,66651.1,62258.36,63814.56,41401116964
2024-03-23,63814.56,66029.09,63013.19,63998.86,24738964812
2024-03-24,63998.87,67637.6,63785.57,67204.93,27206630673
2024-03-25,67212.69,71269.92,66381.84,69890.28,42700139523
2024-03-26,69895.6,71582.96,69269.69,69992.4,36010437368
2024-03-27,69994.9,71789.85,68369.62,69435.96,40827113309
2024-03-28,69437.16,71635.99,68841.01,70801.18,34374900617
2024-03-29,70804.06,70941.7,69036.95,69903.75,25230851763
2024-03-30,69903.74,70363.25,69569.03,69626.87,17130241883
2024-03-31,69623.86,71399.91,69587.86,71288.9,20050941373
2024-04-01,71291.5,71313.8,68055.15,69681.82,34873527352
2024-04-02,69681.85,69711.0,64521.61,65464.14,50705240709
2024-04-03,65472.0,66944.06,64500.0,65987.92,34488018367
2024-04-04,65984.18,69367.19,65073.95,68525.23,34439527442
2024-04-05,68528.69,68783.99,66000.0,67856.51,33748230056
2024-04-06,67856.51,69685.0,67469.19,68919.89,19967785809
2024-04-07,68919.57,70312.0,68846.23,69350.34,21204930369
2024-04-08,69350.36,72777.0,69037.33,71622.53,37261432669
2024-04-09,71616.31,71761.37,68200.0,69117.01,36426900409
2024-04-10,69115.79,71159.6,67463.07,70634.04,38318601774
2024-04-11,70638.4,71305.86,69530.0,70020.73,30153382941
2024-04-12,70020.71,71265.74,65110.31,67148.61,44129299406
2024-04-13,67148.62,69100.0,60822.01,64024.77,52869738185
2024-04-14,64021.36,65890.91,62150.0,65777.05,49084320047
2024-04-15,65764.56,66928.82,62315.08,63452.18,43595917654
2024-04-16,63452.18,64400.0,61645.09,63814.94,42847528078
2024-04-17,63814.94,64524.14,59648.33,61279.36,41915247049
2024-04-18,61275.73,64210.0,60816.07,63513.85,36006307335
2024-04-19,63514.84,65498.99,59573.32,63848.37,49920425401
2024-04-20,63841.96,65463.08,63121.15,64968.87,23097485495
2024-04-21,64960.82,65725.81,64250.0,64952.92,20506644853
2024-04-22,64952.92,67272.73,64520.0,66859.17,28282686673
2024-04-23,66856.07,67225.66,65823.66,66414.16,24310975583
2024-04-24,66418.0,67077.97,63542.56,64255.78,30276655120
2024-04-25,64255.77,65287.69,62747.18,64484.44,32155786816
2024-04-26,64484.44,64810.0,63287.76,63742.39,24139372950
2024-04-27,63742.39,63900.0,62389.0,63422.0,19530783039
2024-04-28,63422.34,64333.33,62743.81,63108.94,17334827993
2024-04-29,63109.76,64200.0,61741.01,63844.85,26635912073
2024-04-30,63845.01,64727.81,59040.3,60622.1,37840840057
2024-05-01,60621.2,60785.49,56500.0,58265.59,48439780271
2024-05-02,58267.81,59641.03,56903.79,59071.89,32711813559
2024-05-03,59070.3,63365.72,58821.05,62913.03,33172023048
2024-05-04,62913.03,64546.0,62565.82,63902.88,20620477992
2024-05-05,63902.88,64636.75,62908.34,64023.45,18296164805
2024-05-06,64023.45,65523.44,62704.48,63162.24,28697928697
2024-05-07,63161.35,64415.06,62252.64,62315.76,25930730982
2024-05-08,62315.75,63013.05,60851.04,61169.53,26088172222
2024-05-09,61169.53,63424.14,60601.6,63073.57,25453338161
2024-05-10,63073.55,63470.0,60150.0,60787.47,27804954694
2024-05-11,60787.99,61482.0,60450.13,60814.63,13842272968
2024-05-12,60814.64,61843.45,60576.05,61453.02,13800459405
2024-05-13,61453.01,63456.18,60738.51,62932.37,27889181179
2024-05-14,62927.44,63103.02,61024.51,61539.84,28186271527
2024-05-15,61539.7,66480.0,61299.57,66244.69,39815167074
2024-05-16,66244.68,66772.83,64588.5,65252.18,31573077994
2024-05-17,65252.17,67500.0,65113.46,67046.33,28031279310
2024-05-18,67046.34,67407.79,66624.06,66923.87,16712277406
2024-05-19,66923.87,67701.91,65852.02,66261.62,19249094538
2024-05-20,66260.04,71560.9,66057.03,71432.17,43850655717
2024-05-21,71432.16,71980.0,69146.01,70142.84,46932005990
2024-05-22,70142.88,70659.99,68887.52,69109.93,32802561717
2024-05-23,69109.93,70066.95,66259.0,67940.45,41895680979
2024-05-24,67932.79,69278.75,66587.91,68547.8,29197308153
2024-05-25,68545.52,69605.03,68487.44,69289.67,15473071741
2024-05-26,69289.69,69522.0,68097.38,68473.72,15628433737
2024-05-27,68470.8,70613.39,68210.12,69368.72,25870990717
2024-05-28,69366.31,69533.96,67194.59,68321.98,32722265965
2024-05-29,68321.99,68864.11,67081.66,67569.45,26707072906
2024-05-30,67569.44,69536.89,67092.91,68338.58,29509712534
2024-05-31,68338.58,69024.71,66584.47,67472.41,27387283769
2024-06-01,67473.07,67837.33,67371.28,67719.29,11641495604
2024-06-02,67719.29,68411.0,67260.0,67735.52,17110588415
2024-06-03,67731.14,70295.78,67568.0,68791.0,32401285324
2024-06-04,68791.04,71108.9,68542.37,70542.32,33149696545
2024-06-05,70541.68,71804.13,70356.49,71121.11,32810771409
2024-06-06,71120.65,71650.56,70093.98,70773.64,25223152007
2024-06-07,70773.63,71974.04,68298.55,69324.53,36188381096
2024-06-08,69326.71,69546.58,69126.22,69304.05,14262185861
2024-06-09,69303.8,69848.94,69123.99,69637.87,13534028500
2024-06-10,69641.08,70187.53,69141.51,69497.73,20597699541
2024-06-11,69495.97,69547.82,66018.69,67316.53,37116136345
2024-06-12,67316.52,70032.0,66883.32,68248.6,34497940694
2024-06-13,68248.59,68474.49,66200.0,66738.85,28955204146
2024-06-14,66746.46,67322.72,65005.0,66004.39,27403884779
2024-06-15,66004.36,66428.57,65800.86,66192.0,14121265576
2024-06-16,66192.0,66931.18,65999.0,66628.75,13281140541
2024-06-17,66629.38,67274.96,65050.0,66481.81,30006354476
2024-06-18,66481.81,66574.33,64010.01,65152.8,39481285950
2024-06-19,65150.9,65709.26,64635.48,64943.79,21103423504
2024-06-20,64945.67,66455.52,64500.0,64840.88,25641109124
2024-06-21,64840.89,65017.1,63300.93,64120.28,26188171739
2024-06-22,64120.28,64523.91,63910.01,64235.01,9858198793
2024-06-23,64235.0,64499.95,63125.75,63171.43,11170471802
2024-06-24,63169.36,63343.91,58414.28,60263.0,43152133651
2024-06-25,60262.16,62400.0,60217.36,61789.71,29201215431
2024-06-26,61794.47,62470.0,60656.8,60816.68,22506003064
2024-06-27,60818.86,62346.16,60546.94,61615.39,21231745045
2024-06-28,61611.43,62170.62,59868.0,60313.35,24952866877
2024-06-29,60312.36,61122.66,60273.8,60885.67,12652903396
2024-06-30,60884.44,62942.67,60611.01,62668.26,17333226409
2024-07-01,62669.14,63801.26,62448.46,62830.13,25468379421
2024-07-02,62830.94,63223.57,61000.0,62040.22,20151616992
2024-07-03,62039.44,62197.01,59332.76,60145.01,29756701685
2024-07-04,60145.01,60429.27,56709.73,57042.14,41149609230
2024-07-05,57036.45,57515.6,53499.9,56639.43,55417544033
2024-07-06,56634.53,58481.97,56020.32,58244.75,20610320577
2024-07-07,58240.36,58448.89,55717.23,55854.09,20553359505
2024-07-08,55852.61,58200.0,54278.93,56699.43,39766159899
2024-07-09,56701.18,58295.31,56276.37,58047.86,27849512607
2024-07-10,58047.86,59481.93,57157.28,57712.59,26175260526
2024-07-11,57713.4,59533.06,57036.41,57340.77,28707803842
2024-07-12,57343.66,58550.0,56538.33,57909.03,25604805221
2024-07-13,57908.61,59875.0,57770.92,59224.58,17080061806
2024-07-14,59224.58,61428.67,59209.2,60808.42,22223416061
2024-07-15,60804.97,64943.61,60666.59,64757.16,38094526099
2024-07-16,64757.16,65405.89,62410.33,65088.99,41617346768
2024-07-17,65086.55,66139.0,63853.99,64085.81,32525071311
2024-07-18,64085.82,65130.88,63222.6,63982.86,27239305337
2024-07-19,63977.64,67504.22,63289.15,66707.61,37003855410
2024-07-20,66707.61,67635.0,66271.0,67163.83,19029581250
2024-07-21,67163.82,68380.0,65820.18,68181.28,26652190004
2024-07-22,68181.16,68495.0,66569.42,67558.22,42649109453
2024-07-23,67560.03,67786.84,65444.3,65939.24,35605668666
2024-07-24,65939.24,67131.17,65090.61,65366.4,27470942309
2024-07-25,65358.86,66161.98,63412.46,65795.42,38315761670
2024-07-26,65795.52,68216.66,65705.6,67924.08,30488630457
2024-07-27,67921.46,69418.15,66635.28,67899.41,34691905492
2024-07-28,67901.81,68308.82,67021.8,68244.3,18043166945
2024-07-29,68244.3,70000.0,66400.01,66771.45,40780682628
2024-07-30,66767.14,66994.15,65283.68,66169.68,31380492109
2024-07-31,66169.68,66837.4,64500.0,64609.62,31292785994
2024-08-01,64609.61,65593.56,62212.81,65288.18,40975554494
2024-08-02,65293.48,65557.86,61150.0,61418.06,43060875727
2024-08-03,61418.06,62171.58,59819.13,60674.93,31753030589
2024-08-04,60674.93,61082.3,57123.0,58130.95,31758917219
2024-08-05,58131.31,58282.83,49050.01,54029.12,108991085584
2024-08-06,54037.9,57091.16,53965.57,56048.08,49300484106
2024-08-07,56048.07,57757.15,54564.15,55148.1,41637562185
2024-08-08,55144.14,62755.24,54737.32,61705.58,45298472567
2024-08-09,61704.05,61764.38,59552.46,60862.13,33425553115
2024-08-10,60864.71,61500.0,60255.61,60935.02,22759754812
2024-08-11,60935.01,61868.69,58312.63,58722.49,37078637820
2024-08-12,58717.44,60721.77,57653.31,59358.78,37078637820
2024-08-13,59358.78,61615.43,58402.01,60603.19,30327698167
2024-08-14,60603.19,61827.2,58453.56,58690.62,35682112440
2024-08-15,58690.62,59883.49,56120.0,57543.61,35682112440
2024-08-16,57543.57,59871.61,57096.56,58888.99,29350938673
2024-08-17,58888.99,59711.02,58803.45,59497.49,17740625837
2024-08-18,59497.49,60284.99,58422.0,58437.9,25911207712
2024-08-19,58436.2,59639.81,57820.0,59452.67,31613400008
2024-08-20,59455.81,61457.03,58571.96,59017.59,32731154072
2024-08-21,59017.59,61849.98,58793.89,61163.28,32731154072
2024-08-22,61167.54,61430.48,59750.0,60383.29,42530509233
2024-08-23,60383.28,64987.0,60343.2,64086.72,42530509233
2024-08-24,64091.63,64529.78,63564.22,64179.63,26551244800
2024-08-25,64179.63,65050.08,63793.74,64251.93,27682040631
2024-08-26,64250.01,64509.36,62806.8,62840.0,39103882198
2024-08-27,62840.09,63226.26,58025.49,59439.64,40289564698
2024-08-28,59437.68,60236.98,57851.62,59045.88,49679987582
2024-08-29,59047.94,61194.09,58729.39,59364.47,35495172540
2024-08-30,59353.12,59929.63,57700.0,59112.77,33703608319
2024-08-31,59117.59,59446.99,58739.31,58968.37,24592449997
2024-09-01,58968.37,59070.55,57200.0,57299.0,27036454524
2024-09-02,57291.21,59423.0,57119.01,59139.83,27628957696
2024-09-03,59138.89,59825.7,57394.49,57468.84,35627680312
2024-09-04,57460.5,58531.25,55555.0,57971.0,36180148224
2024-09-05,57971.0,58326.12,55628.04,56156.82,49361693566
2024-09-06,56156.82,56995.0,52530.0,53950.01,49361693566
2024-09-07,53950.0,54847.0,53733.1,54156.33,25591773446
2024-09-08,54159.6,55315.95,53623.95,54881.11,34618096173
2024-09-09,54881.1,58119.97,54565.56,57053.9,34618096173
2024-09-10,57047.82,58050.35,56377.76,57645.59,37049062672
2024-09-11,57641.15,58014.35,55534.41,57352.79,37700698112
2024-09-12,57352.92,58600.0,57311.15,58137.54,33835707949
2024-09-13,58137.33,60670.0,57630.01,60543.35,32490528356
2024-09-14,60543.35,60660.0,59436.8,60012.35,21035424663
2024-09-15,60012.34,60402.34,58695.75,59122.33,18120960867
2024-09-16,59122.7,59214.15,57477.0,58208.75,33937438720
2024-09-17,58209.76,61373.41,57620.27,60312.6,38075570118
2024-09-18,60317.38,61800.0,59174.5,61769.18,40990702891
2024-09-19,61770.38,63891.82,61569.16,62960.14,50170099453
2024-09-20,62956.04,64140.67,62340.0,63210.69,43193528672
2024-09-21,63210.94,63575.63,62755.0,63362.74,15048955904
2024-09-22,63362.74,64000.0,62380.55,63577.66,20183348802
2024-09-23,63580.39,64739.67,62566.28,63338.87,34160969728
2024-09-24,63338.85,64700.0,62689.15,64272.93,29938335243
2024-09-25,64272.93,64811.0,62932.8,63130.89,30090640743
2024-09-26,63131.13,65865.0,62652.99,65177.21,36873129847
2024-09-27,65176.39,66550.0,64827.85,65789.0,39141578790
2024-09-28,65787.53,66266.39,65400.0,65858.99,16051625863
2024-09-29,65857.33,66059.0,65433.29,65600.01,14788214575
2024-09-30,65600.01,65624.95,62833.95,63301.25,37112957475
2024-10-01,63305.52,64106.75,60150.89,60790.0,50220923500
2024-10-02,60792.63,62380.34,59969.2,60631.37,45637429292
2024-10-03,60631.36,61474.92,59824.87,60744.99,44084353142
2024-10-04,60745.0,62481.0,60454.5,62090.71,31622485368
2024-10-05,62090.7,62380.04,61686.34,62051.29,14197967872
2024-10-06,62051.29,62978.75,61805.85,62810.86,14776233667
2024-10-07,62810.93,64467.02,62113.28,62200.28,34253562610
2024-10-08,62203.82,63191.05,61824.48,62122.02,31251649004
2024-10-09,62118.44,62507.68,60255.0,60578.28,27670982363
2024-10-10,60578.28,61271.59,58863.9,60279.53,30967523328
2024-10-11,60279.53,63416.7,60029.98,62518.75,31396709376
2024-10-12,62518.75,63474.25,62464.15,63187.47,24201669911
2024-10-13,63183.08,63270.18,62033.0,62845.3,18177529690
2024-10-14,62847.89,66500.0,62426.67,66065.65,43706958056
2024-10-15,66065.64,67944.76,64778.44,67056.6,49611366081
2024-10-16,67056.62,68399.0,66743.0,67608.44,56772119737
2024-10-17,67608.45,67926.99,66629.97,67402.33,35069030008
2024-10-18,67399.86,69000.62,67149.24,68426.11,39138190966
2024-10-19,68426.11,68689.29,68005.83,68363.73,15373316429
2024-10-20,68363.73,69380.0,68083.18,69014.86,18975847518
2024-10-21,69014.87,69498.0,66802.0,67346.15,40191791104
2024-10-22,67346.15,67800.0,66535.0,67380.08,35451787241
2024-10-23,67389.7,67415.65,65149.51,66601.11,32263980353
2024-10-24,66601.1,68800.0,66445.32,68156.84,36844388844
2024-10-25,68156.84,68742.38,65500.01,66564.51,41469984306
2024-10-26,66564.51,67365.18,66331.95,67012.56,29872415253
2024-10-27,67008.15,68261.37,66836.78,67943.19,16721307878
2024-10-28,67943.18,70235.98,67532.48,69924.5,38799856657
2024-10-29,69924.49,73624.98,69705.76,72724.35,58541874402
2024-10-30,72724.35,72948.6,71400.01,72322.91,51615944773
2024-10-31,72322.91,72684.02,69559.33,70197.83,45495666731
2024-11-01,70198.02,71620.0,68720.0,69467.29,57261403461
2024-11-02,69466.64,69891.92,69000.0,69358.94,21070371617
2024-11-03,69360.95,69364.65,67444.0,68738.18,34868307655
2024-11-04,68736.4,69453.94,66783.77,67807.48,41184819348
2024-11-05,67810.15,70557.67,67427.53,69380.73,53207182798
2024-11-06,69380.64,76509.56,69285.82,75646.55,132396331692
2024-11-07,75646.55,76999.0,74463.96,75920.0,66508891961
2024-11-08,75925.0,77312.18,75654.26,76566.73,63599844153
2024-11-09,76566.72,76952.67,75758.58,76716.06,31882815737
2024-11-10,76716.06,81534.28,76535.33,80428.92,82570594495
2024-11-11,80427.69,89666.0,80277.34,88770.73,117966845037
2024-11-12,88770.74,90100.0,85010.0,88035.43,156465075982
2024-11-13,88035.43,93495.0,86220.5,90493.82,123559027869
2024-11-14,90499.4,91831.25,86672.07,87340.4,104539969708
2024-11-15,87338.96,91934.62,87100.83,91058.36,88363252858
2024-11-16,91058.36,91820.73,90069.21,90636.24,57151744241
2024-11-17,90638.54,91439.82,88713.64,89886.69,46350159305
2024-11-18,89877.11,92674.8,89372.65,90520.3,76100468736
2024-11-19,90521.32,94105.84,90403.24,92435.89,85704820976
2024-11-20,92445.04,94989.99,91600.0,94393.15,86071937426
2024-11-21,94384.15,99073.53,94127.2,98439.09,124373200598
2024-11-22,98439.1,99860.0,97209.52,99024.03,97077885312
2024-11-23,99024.03,99044.11,97215.01,97778.77,68311638016
2024-11-24,97778.78,98700.0,95780.77,98028.18,51712020623
2024-11-25,98032.06,98999.0,92534.93,93000.01,80909462490
2024-11-26,93001.48,95004.92,90682.58,91929.54,114482253349
2024-11-27,91929.53,97386.06,91747.46,95951.19,81245831254
2024-11-28,95951.19,96676.31,94671.59,95665.53,78283541901
2024-11-29,95665.53,98750.0,95383.46,97490.56,72427308590
2024-11-30,97489.8,97509.6,96129.73,96465.42,55906217913
2024-12-01,96464.95,97895.9,95753.42,97263.18,42778652309
2024-12-02,97259.17,98200.0,94400.63,95862.89,74916061117
2024-12-03,95862.89,96310.1,93571.3,95924.52,88035654892
2024-12-04,95924.85,99263.2,94634.85,98746.24,77199817112
2024-12-05,98746.24,104000.0,92055.86,97044.23,181061502060
2024-12-06,97049.47,102104.12,96424.2,99891.35,158514218872
2024-12-07,99885.37,100583.27,99012.73,99929.32,73723337529
2024-12-08,99919.2,101435.05,98729.66,101174.99,54302190354
2024-12-09,101175.0,101290.73,94220.8,97324.81,110676473908
2024-12-10,97330.66,98338.17,94273.38,96660.76,151176546597
2024-12-11,96660.75,101984.98,95722.79,101202.11,118899251374
2024-12-12,101211.61,102595.0,99298.39,100030.47,106712711730
2024-12-13,100024.75,101959.13,99220.81,101428.75,80057402365
2024-12-14,101428.74,102650.0,100600.0,101399.99,57141245105
2024-12-15,101400.0,105100.0,101221.34,104447.76,60694236048
2024-12-16,104445.15,107857.79,103289.21,106099.81,97031643136
2024-12-17,106099.98,108388.88,105337.97,106136.99,70144425530
2024-12-18,106145.83,106528.13,99939.82,100150.73,105110113505
2024-12-19,100148.6,102796.22,95539.67,97372.21,105166350593
2024-12-20,97372.2,98132.47,92115.66,97765.0,128578940013
2024-12-21,97762.75,99596.57,96368.0,97230.08,53545730048
2024-12-22,97230.09,97387.98,94182.98,95087.75,43147981314
2024-12-23,95091.15,96430.08,92360.91,94764.56,65239002919
2024-12-24,94767.88,99444.0,93426.25,98594.47,52563045075
2024-12-25,98594.47,99484.92,97557.48,99346.28,33700394629
2024-12-26,99358.67,99887.0,95083.93,95669.49,47422386176
2024-12-27,95669.4,97340.47,93234.31,94171.89,52419934565
2024-12-28,94171.7,95534.17,94002.72,95130.82,38346736593
2024-12-29,95125.59,95170.06,92841.48,93563.35,29635885267
2024-12-30,93563.35,94910.48,91271.19,92620.71,56188003691
2024-12-31,92620.7,96148.94,91887.13,93354.22,50042484821
2025-01-01,93347.59,94960.91,92743.63,94383.59,28986215672
2025-01-02,94383.59,97776.99,94177.0,96903.19,46340694016
2025-01-03,96905.48,98969.92,96016.63,98136.51,35611391163
2025-01-04,98139.85,98761.02,97516.65,98209.85,22860099584
2025-01-05,98209.85,98814.0,97250.0,98345.33,20525254825
2025-01-06,98347.65,102500.0,97900.0,102279.41,51823432705
2025-01-07,102279.41,102735.99,96105.11,96941.98,58685738547
2025-01-08,96941.98,97254.35,92500.0,95036.63,69551929330
2025-01-09,95033.18,95363.26,91187.0,92547.44,62777261693
2025-01-10,92547.44,95862.92,92209.25,94701.18,65366286336
2025-01-11,94701.48,94983.65,93804.05,94565.02,18860894100
2025-01-12,94569.91,95383.84,93670.3,94509.62,20885130965
2025-01-13,94507.24,95900.0,89028.64,94506.45,72978998252
2025-01-14,94507.35,97353.29,94311.36,96534.96,60788136849
2025-01-15,96534.97,100716.45,96400.0,100510.23,57805923627
2025-01-16,100504.27,100880.0,97277.58,99981.78,55923912103
2025-01-17,99981.46,105970.0,99937.81,104107.0,71888972663
2025-01-18,104107.0,104933.15,102233.45,104435.0,57619512481
2025-01-19,104435.01,106314.44,99518.0,101211.13,76789928525
2025-01-20,101217.78,109358.01,99416.27,102145.43,150683621523
2025-01-21,102145.42,107291.1,100051.0,106159.26,99124979588
2025-01-22,106159.27,106431.34,103100.0,103667.11,55981322240
2025-01-23,103659.6,106870.87,101200.01,103926.36,104104515428
2025-01-24,103926.36,107200.0,102751.92,104850.27,66392569620
2025-01-25,104866.13,105294.0,104104.0,104733.56,32733923279
2025-01-26,104729.92,105478.8,102452.24,102563.0,22543395879
2025-01-27,102565.28,103228.46,97715.03,102062.42,90210918400
2025-01-28,102063.92,103770.85,100213.8,101290.0,47488491520
2025-01-29,101290.01,104829.64,101275.6,103747.25,48144691200
2025-01-30,103747.25,106484.77,103289.74,104742.64,44309655552
2025-01-31,104742.63,106090.0,101506.0,102411.26,45732764360
2025-02-01,102414.05,102781.65,100250.0,100623.85,27757944848
2025-02-02,100623.88,101459.84,96179.0,97676.52,63091816853
2025-02-03,97676.53,102599.85,91178.01,101460.2,118977183744
2025-02-04,101460.15,101812.23,96145.76,97795.05,73002130211
2025-02-05,97795.06,99230.49,96161.01,96638.33,52522500096
2025-02-06,96635.62,99182.15,95674.96,96564.62,47714861056
2025-02-07,96575.24,100235.79,95614.96,96537.08,56454270976
2025-02-08,96536.93,96919.05,95682.33,96476.25,25856036864
2025-02-09,96476.24,97342.28,94730.67,96475.82,27732901800
2025-02-10,96481.47,98367.23,95257.2,97444.41,43777630208
2025-02-11,97451.66,98500.0,94831.07,95774.08,37488783272
2025-02-12,95770.95,98119.98,94066.92,97862.53,49340445530
2025-02-13,97864.28,98100.0,95220.0,96625.29,38644641792
2025-02-14,96625.29,98890.11,96268.56,97509.03,32697987277
2025-02-15,97507.94,97997.85,97225.01,97596.94,17568976896
2025-02-16,97596.54,97738.22,96057.68,96119.88,16536755396
2025-02-17,96119.88,97050.64,95200.0,95781.8,29059164160
2025-02-18,95781.8,96730.0,93333.0,95607.4,37325720482
2025-02-19,95612.97,96880.0,95000.01,96632.03,29616687104
2025-02-20,96632.03,98768.54,96419.07,98347.2,31668022771
2025-02-21,98347.2,99517.52,94721.92,96157.03,49608706470
2025-02-22,96157.03,96982.52,95767.95,96582.12,21127161856
2025-02-23,96578.49,96679.93,95243.91,96265.98,16999478976
2025-02-24,96266.23,96515.41,91300.0,91510.82,44046480529
2025-02-25,91509.88,92549.99,85836.18,88583.74,93001703424
2025-02-26,88583.17,89305.68,82111.12,84111.78,64597492134
2025-02-27,84111.77,86993.87,82554.11,84625.19,53419450368
2025-02-28,84627.5,85116.19,78167.81,84297.73,85411332096
2025-03-01,84297.74,86534.96,83772.54,86018.76,31353370624
2025-03-02,86018.82,95128.88,85003.35,94265.48,58398341092
2025-03-03,94265.47,94415.61,85007.01,86161.1,72892456960
2025-03-04,86161.09,88977.27,81444.0,87249.96,69184126976
2025-03-05,87247.93,91000.0,86329.22,90603.73,50796019712
2025-03-06,90607.73,92817.29,87790.5,89921.85,47749810486
2025-03-07,89915.02,91280.0,84608.27,86756.98,67746193408
2025-03-08,86753.3,86863.38,85200.0,86206.69,22793150464
2025-03-09,86206.64,86480.0,80000.0,80699.17,30899345977
2025-03-10,80708.21,84033.66,77389.0,78544.71,56495448064
2025-03-11,78548.18,83600.0,76555.0,82914.51,56611995648
2025-03-12,82911.81,84442.69,80572.21,83659.43,40862040064
2025-03-13,83659.45,84310.8,79890.0,81073.43,31888437248
2025-03-14,81071.5,85318.61,80771.17,83980.49,29588112414
2025-03-15,83989.86,84690.43,83612.24,84351.46,15383730176
2025-03-16,84351.45,85092.35,81969.44,82562.57,21330270174
2025-03-17,82562.5,84758.46,82416.98,84011.4,26306904064
2025-03-18,84011.39,84029.67,81125.0,82698.76,24095774594
2025-03-19,82699.53,87045.45,82535.53,86877.96,34931960257
2025-03-20,86877.97,87492.87,83596.75,84183.42,31199825920
2025-03-21,84183.41,84809.72,83100.0,84061.96,19670687744
2025-03-22,84061.96,84517.75,83659.69,83852.03,10310697984
2025-03-23,83852.06,86128.99,83804.67,86092.94,12594615537
2025-03-24,86092.95,88804.64,85533.06,87523.62,34582604933
2025-03-25,87518.09,88584.34,86321.97,87427.88,30220429312
2025-03-26,87432.82,88304.1,85850.0,86926.01,28683628544
2025-03-27,86926.01,87790.12,85784.0,87217.48,25482768384
2025-03-28,87214.07,87498.15,83533.4,84381.8,34198619509
2025-03-29,84381.81,84584.13,81608.99,82616.83,18512363520
2025-03-30,82624.06,83508.98,81538.88,82379.98,14763760943
2025-03-31,82379.98,83920.8,81265.16,82534.32,29579051008
2025-04-01,82534.31,85566.53,82403.32,85170.37,28175650319
2025-04-02,85166.92,88530.0,82283.01,82490.08,47584398470
2025-04-03,82490.1,83953.45,81177.7,83174.33,44560515072
2025-04-04,83178.68,84720.67,81643.54,83860.16,46228713472
2025-04-05,83859.78,84238.35,82346.61,83498.25,14690373632
2025-04-06,83505.88,83773.58,77058.99,78370.75,36294853736
2025-04-07,78370.15,81223.67,74420.69,79140.01,99270836224
2025-04-08,79140.02,80849.98,76167.35,76251.64,49053388800
2025-04-09,76258.8,83583.35,74553.01,82594.75,84213627038
2025-04-10,82593.15,82730.93,78387.24,79552.34,68713725952
2025-04-11,79552.34,84299.0,78919.94,83380.47,45145731072
2025-04-12,83379.64,85909.97,82765.26,85271.01,24258059104
2025-04-13,85271.02,86092.99,83010.0,83733.07,28796984817
2025-04-14,83733.07,85818.06,83655.27,84590.36,34090769777
2025-04-15,84590.36,86491.4,83592.77,83629.78,28040322885
2025-04-16,83622.52,85526.4,83088.02,84028.72,29617804112
2025-04-17,84028.71,85494.94,83711.69,84961.97,29474527232
2025-04-18,84961.97,85150.94,84287.06,84466.47,12728372364
2025-04-19,84466.47,85625.0,84353.45,85074.99,15259300427
2025-04-20,85074.59,85319.21,83972.82,85177.34,22227202525
2025-04-21,85177.33,88575.62,85135.98,87522.07,41396190190
2025-04-22,87513.53,93952.62,87077.17,93489.1,55899038456
2025-04-23,93486.57,94686.0,91902.19,93740.92,57038430208
2025-04-24,93740.93,94061.02,91685.18,94021.96,33058705408
2025-04-25,94021.97,95976.34,92880.01,94708.79,40915232364
2025-04-26,94707.79,95273.52,93903.01,94666.64,18199238656
2025-04-27,94666.64,95351.11,93654.77,93780.57,18860998656
2025-04-28,93780.56,95652.66,92829.44,95042.57,32363449569
2025-04-29,95042.56,95499.0,93761.26,94271.09,25806129921
2025-04-30,94271.08,95263.74,92911.88,94182.54,29120364544
2025-05-01,94182.55,97546.99,94136.79,96524.98,32875889623
2025-05-02,96524.98,97948.56,96369.69,96929.81,26421924677
2025-05-03,96929.81,96974.78,95765.13,95861.33,15829039104
2025-05-04,95865.47,96312.51,94151.67,94272.55,21035577344
2025-05-05,94272.54,95218.82,93500.01,94733.99,25816260327
2025-05-06,94733.99,96916.25,93363.28,96839.17,31074353152
2025-05-07,96843.84,97738.05,95800.0,97058.32,76983822462
2025-05-08,97058.33,104176.05,96888.25,103253.49,69895404397
2025-05-09,103252.2,104352.6,102330.76,102986.96,58198593958
2025-05-10,102986.94,104997.0,102831.41,104821.19,44244848640
2025-05-11,104817.83,104980.89,103360.22,104137.62,46285517406
2025-05-12,104137.58,105787.37,100703.71,102800.21,63250475404
2025-05-13,102800.22,105038.53,101447.78,104131.06,52608876410
2025-05-14,104131.2,104373.0,102603.27,103545.38,45956071155
2025-05-15,103540.91,104200.0,101400.01,103786.43,50408241840
2025-05-16,103786.4,104616.71,103125.51,103500.03,44386499364
2025-05-17,103500.03,103741.98,102612.0,103161.07,37898552742
2025-05-18,103162.53,106692.97,103130.95,106473.46,49887082058
2025-05-19,106488.77,107137.68,102105.0,105616.18,61761126647
2025-05-20,105616.21,107355.0,104209.18,106883.24,61761126647
2025-05-21,106883.24,110788.98,106128.14,109699.54,88941936640
2025-05-22,109697.19,112000.0,109217.23,111722.53,78086364051
2025-05-23,111722.54,111824.07,106800.01,107329.61,67548133399
2025-05-24,107332.08,109517.79,106895.77,107794.01,46610079744
2025-05-25,107794.01,109371.04,106632.35,109048.68,47518041841
2025-05-26,109048.41,110474.41,108706.04,109464.32,49621254144
2025-05-27,109464.33,110829.42,107536.41,108978.46,57450176272
2025-05-28,108978.45,109344.89,106790.16,107819.29,57450176272
2025-05-29,107819.26,108943.35,105315.0,105572.58,57928290304
2025-05-30,105572.58,106377.66,103634.48,104033.26,57655287183
2025-05-31,104033.0,104965.5,103110.01,104645.87,38997843858
2025-06-01,104645.87,105937.46,103800.81,105697.94,37397056873
2025-06-02,105697.93,106000.0,103685.23,105904.94,47678308352
2025-06-03,105909.79,106901.68,104910.01,105447.82,46196508367
2025-06-04,105443.95,106058.47,104202.0,104753.38,44544857105
2025-06-05,104753.37,105999.68,100377.01,101570.2,57479298400
2025-06-06,101570.2,105439.01,101132.91,104397.99,48856653697
2025-06-07,104398.0,106000.0,103969.7,105619.02,38365033776
2025-06-08,105619.02,106548.9,105028.3,105784.4,37463871488
2025-06-09,105784.41,110651.12,105368.27,110301.15,59151552512
2025-06-10,110299.69,110420.08,108362.14,110300.24,54700101509
2025-06-11,110300.25,110435.05,108091.74,108669.37,51743002624
2025-06-12,108673.77,108853.74,105706.78,105721.05,67771011072
2025-06-13,105716.45,106233.0,102746.01,106118.7,69550440846
2025-06-14,106114.53,106264.36,104351.72,105465.42,38007870453
2025-06-15,105465.42,106184.13,104505.05,105599.25,37722087424
2025-06-16,105600.21,109000.0,104982.26,106853.38,53449289728
2025-06-17,106853.38,107792.9,103363.3,104590.44,55964092176
2025-06-18,104590.44,105603.63,103512.38,104915.6,48628674560
2025-06-19,104915.6,105266.61,103916.37,104671.9,37333806920
2025-06-20,104671.4,106553.86,102357.25,103317.8,50951862476
2025-06-21,103317.79,104013.64,100919.19,102160.03,44529750016
2025-06-22,102160.36,103417.0,98225.01,100996.87,65536997201
2025-06-23,100996.87,106135.47,99677.07,105419.39,65237759656
2025-06-24,105418.4,106366.29,104681.83,106141.0,51624120283
2025-06-25,106141.01,108206.0,105875.0,107400.22,51624120283
2025-06-26,107400.22,108345.0,106605.88,107029.64,45353692675
2025-06-27,107029.63,107804.2,106413.79,107113.38,45353692675
2025-06-28,107119.17,107599.81,106868.94,107352.2,35534874438
2025-06-29,107352.2,108550.0,107230.0,108386.44,37501366272
2025-06-30,108386.44,108800.0,106724.76,107173.21,42252988416
2025-07-01,107173.21,107579.3,105262.0,105711.78,45799612416
2025-07-02,105711.77,109823.08,105119.7,108888.32,56248657737
2025-07-03,108887.03,110590.0,108574.31,109628.83,50494742270
2025-07-04,109628.83,109812.94,107268.84,108028.6,43229712384
2025-07-05,108028.6,108454.19,107783.1,108246.65,30615537520
2025-07-06,108246.66,109736.64,107837.7,109217.98,37724041216
2025-07-07,109217.98,109741.64,107507.0,108269.84,46431363072
2025-07-08,108271.49,109255.99,107438.33,108958.04,44282204127
2025-07-09,108953.58,112152.91,108329.87,111282.85,59664580608
2025-07-10,111282.84,116842.0,110541.87,116031.3,100968185856
2025-07-11,116031.29,118909.74,115211.74,117582.16,86928361085
2025-07-12,117582.16,118244.51,116940.82,117472.65,45524560304
2025-07-13,117472.65,119500.0,117238.69,119130.81,49021091807
2025-07-14,119130.81,123231.07,118949.18,119863.71,183004626944
2025-07-15,119863.71,119973.3,115697.37,117781.64,98321661181
2025-07-16,117781.63,120134.8,117033.23,118681.68,72238505984
2025-07-17,118681.67,120998.76,117469.0,119273.69,74196590592
2025-07-18,119273.7,120918.68,116892.42,118023.05,77945799785
2025-07-19,118023.06,118564.59,117337.59,117914.17,47564562765
2025-07-20,117914.17,118921.76,116525.0,117312.7,61006045184
2025-07-21,117315.68,119745.93,116565.01,117428.79,69820091744
2025-07-22,117428.79,120300.0,116185.0,120026.42,79217583118
2025-07-23,120034.21,120180.93,117342.21,118810.44,66608604537
2025-07-24,118810.44,119557.7,117190.0,118397.04,81919139840
2025-07-25,118400.0,118518.2,114750.0,117633.27,104857024569
2025-07-26,117633.27,118371.35,117095.73,117969.63,48508954046
2025-07-27,117981.73,119800.0,117849.99,119465.52,56394530816
2025-07-28,119465.52,119839.0,117380.6,118070.59,68463107433
2025-07-29,118074.43,119284.78,116900.0,117933.39,68896148592
2025-07-30,117933.39,118809.43,115728.49,117830.15,71298023424
2025-07-31,117830.15,118920.0,115500.0,115761.13,91294530181
2025-08-01,115756.12,116065.12,112659.0,113248.73,91294530181
2025-08-02,113248.83,114023.58,112000.0,112542.74,58879041536
2025-08-03,112542.75,114794.99,111903.68,114215.73,48099615826
2025-08-04,114215.7,115756.06,114118.18,115051.85,54613991424
2025-08-05,115056.14,115112.75,112622.14,114112.95,61039182286
2025-08-06,114112.95,115749.99,113347.87,115028.83,56379133510
2025-08-07,115028.83,117687.0,114268.6,117515.49,66161729536
2025-08-08,117515.69,117687.0,115800.0,116683.79,59713005166
2025-08-09,116683.79,117937.89,116343.34,116492.51,56518184960
2025-08-10,116492.5,119324.08,116480.0,119309.37,73929555968
2025-08-11,119309.37,122319.14,118050.0,118701.84,90528784177
2025-08-12,118701.83,120327.0,118190.81,120113.18,73360105472
2025-08-13,120109.04,123740.24,118931.34,123365.63,96564166656
2025-08-14,123365.63,124533.0,117208.97,118389.79,104055627395
2025-08-15,118389.79,119339.57,116859.32,117436.96,68665353159
2025-08-16,117436.95,118028.68,117222.01,117455.68,48036922378
2025-08-17,117455.69,118641.6,117249.49,117488.6,54562619392
2025-08-18,117488.59,117633.8,114703.26,116286.76,72787808090
2025-08-19,116286.75,116792.87,112696.56,112856.19,71657600353
2025-08-20,112853.66,114627.37,112344.11,114276.0,67993811526
2025-08-21,114276.0,114812.0,111964.0,112480.3,57817883700
2025-08-22,112480.29,117416.73,111649.75,116908.68,83873603584
2025-08-23,116911.9,116999.03,114505.0,115383.87,55377142586
2025-08-24,115383.87,115616.53,110635.0,113478.0,74210828288
2025-08-25,113478.0,113645.32,109275.74,110127.74,85706860190
2025-08-26,110127.74,112399.99,108670.0,111788.01,69396320317
2025-08-27,111788.04,112683.39,110351.11,111253.21,62137056409
2025-08-28,111253.22,113480.0,110858.78,112574.85,58860155962
2025-08-29,112574.84,112642.53,107469.13,108378.32,77843379644
2025-08-30,108378.32,108928.79,107369.69,108827.93,51486264208
2025-08-31,108827.92,109489.79,108060.79,108247.95,47986191770
2025-09-01,108247.95,109907.51,107250.0,109240.55,66870372995
2025-09-02,109240.55,111801.86,108400.0,111247.94,74776999491
2025-09-03,111247.94,112600.0,110533.77,111756.41,61119643565
2025-09-04,111756.4,112235.6,109321.0,110720.79,62086545408
2025-09-05,110714.48,113390.0,110202.36,110670.02,60241647677
2025-09-06,110670.02,111317.65,109993.0,110212.6,21500719036
2025-09-07,110214.21,111600.0,110200.01,111129.61,24618007520
2025-09-08,111120.38,112940.84,110600.0,112072.57,40212813407
2025-09-09,112072.57,113292.96,110765.72,111549.32,47016140800
2025-09-10,111546.61,114362.1,110919.55,113983.97,56377473784
2025-09-11,113983.98,115554.53,113433.92,115540.0,56377473784
2025-09-12,115540.01,116833.25,114774.19,116106.03,54785725894
2025-09-13,116106.03,116378.04,115177.53,115968.35,34549454947
2025-09-14,115968.33,116226.61,115166.0,115314.13,34549454947
2025-09-15,115314.12,116802.0,114395.84,115381.08,53106442240
2025-09-16,115381.07,117000.0,114750.0,116832.56,60528025996
2025-09-17,116832.56,117327.24,114724.57,116484.4,60528025996
2025-09-18,116484.4,117998.17,116125.08,117117.99,60528025996
2025-09-19,117117.99,117516.36,115132.71,115690.55,49457272032
2025-09-20,115690.55,116194.63,115463.22,115752.4,22864449614
2025-09-21,115752.9,115900.02,115237.16,115282.27,22495852193
2025-09-22,115282.26,115441.37,111761.22,112736.59,70684158591
2025-09-23,112736.59,113357.0,111502.08,112017.21,47211853279
2025-09-24,112017.21,113999.98,111066.07,113348.17,48044595085
2025-09-25,113348.16,113561.35,108623.7,109035.72,75528654284
2025-09-26,109036.0,110369.99,108645.02,109697.29,57738288949
2025-09-27,109697.29,109815.08,109116.0,109681.16,26308042910
2025-09-28,109681.15,112385.84,109230.98,112197.67,33371048505
2025-09-29,112197.66,114490.0,111582.65,114365.07,60000147466
2025-09-30,114361.66,114850.0,112695.85,114067.71,60000147466
2025-10-01,114067.71,118718.8,113975.5,118659.97,71328680132
2025-10-02,118662.72,121111.0,118336.01,120621.32,71415163912
2025-10-03,120621.33,123996.81,119327.83,122318.4,83941392228
2025-10-04,122318.39,122896.0,121572.64,122458.56,36769171735
2025-10-05,122458.55,125750.0,122195.28,123520.79,73689317763
2025-10-06,123520.8,126296.0,123115.77,124720.09,72568881188
2025-10-07,124723.57,125226.34,120636.0,121393.95,76149412513
2025-10-08,121393.96,124254.31,121090.06,123343.25,65354305286
2025-10-09,123343.24,123822.08,119713.65,121714.51,74653009425
2025-10-10,121714.51,122600.0,107000.0,112980.28,153125018868
2025-10-11,112976.01,113439.99,109683.96,110768.89,110236934340
2025-10-12,110768.9,115847.0,109687.46,115067.98,110236934340
2025-10-13,115067.96,116077.51,113700.27,115274.03,93710414091
2025-10-14,115274.03,115514.91,109945.86,113068.0,92212917403
2025-10-15,113072.18,113671.99,110185.87,110804.12,92212917403
2025-10-16,110804.11,112021.07,107464.53,108198.0,99703051669
2025-10-17,108197.99,109269.97,103516.75,106463.3,99703051669
2025-10-18,106462.09,107535.68,106357.69,107208.91,47657008953
2025-10-19,107208.91,109499.0,106091.25,108676.78,47657008953
2025-10-20,108676.77,111748.6,107449.91,110568.06,63507793085
2025-10-21,110568.05,114082.29,107444.6,108362.27,101194375480
2025-10-22,108357.99,109188.27,106639.0,107585.98,80807013218
2025-10-23,107588.02,111342.6,107511.46,110116.03,54944076060
2025-10-24,110116.02,112158.39,109725.51,111042.13,48160816980
2025-10-25,111042.13,111968.52,110693.01,111666.21,24707667305
2025-10-26,111666.22,115542.0,111260.33,114548.09,41708524143
2025-10-27,114561.69,116410.06,113833.12,114087.06,64528066504
2025-10-28,114087.06,116114.13,112203.0,112906.75,64528066504
2025-10-29,112906.75,113690.17,109000.0,110032.13,69673964814
2025-10-30,110031.65,111629.2,106279.33,108308.18,69673964814
2025-10-31,108308.02,111066.1,108266.11,109555.27,60090359560
2025-11-01,109555.63,110500.0,109342.47,110052.25,34284209459
2025-11-02,110052.25,111221.99,108800.0,110536.01,34284209459
2025-11-03,110533.83,110749.0,105271.67,106557.98,110967184773
2025-11-04,106557.98,107269.85,98892.97,101468.15,110967184773
2025-11-05,101468.16,104550.0,98950.0,103869.0,110967184773
2025-11-06,103866.67,104191.19,100235.02,101290.5,92168030081
2025-11-07,101290.5,104041.99,99170.0,103284.27,92168030081
2025-11-08,103281.79,103350.0,101422.74,102285.57,59679243013
2025-11-09,102285.58,105471.04,101372.58,104694.95,59679243013
2025-11-10,104694.23,106653.0,104240.76,105979.38,69585887229
2025-11-11,105979.38,107482.0,102422.43,103009.35,71130078574
2025-11-12,103017.21,105316.64,100803.2,101639.01,71130078574
2025-11-13,101636.03,104050.0,97870.0,99614.54,101546815416
2025-11-14,99610.49,99836.1,93951.32,94503.96,114346441890
2025-11-15,94501.08,96747.02,94222.2,95544.94,38500716654
2025-11-16,95544.94,96559.61,92943.83,94183.97,71086235862
2025-11-17,94182.03,95950.0,91158.35,92100.6,94186165724
2025-11-18,92100.6,93775.0,89183.48,92914.46,101333569062
2025-11-19,92914.45,92948.0,88483.12,91461.6,101333569062
2025-11-20,91465.04,93080.91,85980.7,86536.88,97970645638
2025-11-21,86531.87,87395.93,80524.65,85068.88,129157506112
2025-11-22,85068.85,85547.11,83441.91,84684.0,40793099246
2025-11-23,84683.99,88100.0,84614.11,86808.28,58083435576
2025-11-24,86808.28,89225.6,85213.17,88266.2,74433896110
2025-11-25,88264.0,88486.82,86067.02,87325.01,64837343545
2025-11-26,87325.0,90628.53,86266.95,90468.84,66496301869
2025-11-27,90468.83,91925.4,90067.81,91316.7,57040622845
2025-11-28,91316.7,93161.86,90220.5,90902.7,60895830289
2025-11-29,90902.69,91199.99,90200.0,90828.06,37921773455
2025-11-30,90829.68,91980.8,90353.96,90369.51,38497902869
2025-12-01,90364.0,90433.7,83800.0,86282.36,87962894424
2025-12-02,86282.35,92342.0,86181.38,91308.05,87962894424
2025-12-03,91308.05,94181.41,91024.47,93453.84,78546798211
2025-12-04,93452.02,94087.05,90904.73,92093.54,77650204986
2025-12-05,92093.7,92716.42,88099.05,89345.29,63256398633
2025-12-06,89345.29,90296.32,88932.0,89267.97,47394898960
2025-12-07,89262.8,91779.99,87733.18,90402.29,47394898960
2025-12-08,90402.3,92291.96,89599.0,90653.86,66861721440
2025-12-09,90653.86,94640.66,89537.55,92690.0,66861721440
2025-12-10,92690.0,94500.0,91556.64,92035.99,65420694513
2025-12-11,92035.85,93594.76,89257.98,92542.0,80275884583
2025-12-12,92539.63,92791.26,89500.0,90278.0,80275884583
2025-12-13,90278.0,90657.0,89777.79,90255.32,64237748110
2025-12-14,90255.32,90496.16,87565.38,88171.61,50465972205
2025-12-15,88174.37,90064.74,85129.63,86417.5,45559514323
2025-12-16,86417.5,88148.0,85250.0,87854.01,41262178223
2025-12-17,87854.0,90336.36,85267.69,86209.77,44243392914
2025-12-18,86209.79,89447.75,84400.0,85460.02,52667115348
2025-12-19,85460.85,89365.85,85052.78,88092.65,46733310561
2025-12-20,88092.65,88530.6,87780.0,88324.0,14688196659
2025-12-21,88322.01,89046.44,87501.01,88639.95,19845522660
2025-12-22,88639.87,90541.8,87846.17,88556.77,38047472118
2025-12-23,88555.03,88896.63,86533.86,87429.32,43683011533
2025-12-24,87429.32,88001.2,86350.0,87609.03,25550297986
2025-12-25,87609.02,88534.4,86899.0,87171.68,19953216347
2025-12-26,87171.46,89496.07,86569.53,87296.01,42455674908
2025-12-27,87296.17,87914.62,86944.24,87808.0,13741199310
2025-12-28,87806.75,88000.0,87349.52,87877.29,15156557929
2025-12-29,87877.28,90325.0,86675.0,87110.78,48411625849
2025-12-30,87110.77,89343.52,86704.98,88397.5,35586356225
2025-12-31,88397.24,89100.0,87082.64,87497.94,33830210616
2026-01-01,87497.95,88798.99,87361.74,88738.34,18849043990
2026-01-02,88742.0,90935.22,88272.08,89957.99,46398906171
2026-01-03,89958.0,90697.0,89284.13,90598.02,20774828592
2026-01-04,90598.01,91764.64,90598.01,91494.0,26770491368
2026-01-05,91489.03,94825.27,91479.28,93870.06,53376407252
2026-01-06,93870.06,94439.63,91203.13,93722.01,52430605257
2026-01-07,93722.01,93722.01,90576.24,91279.73,43461295053
2026-01-08,91279.73,91580.01,89200.0,91026.0,42386697030
2026-01-09,91024.01,91944.52,89583.58,90515.45,38305906684
2026-01-10,90515.12,90698.0,90251.43,90385.54,17165568977
2026-01-11,90387.36,91173.12,90109.0,90872.01,17165568977
2026-01-12,90878.51,92406.3,90003.46,91188.09,41346275358
2026-01-13,91188.08,96250.0,90925.17,95384.23,54980674354
2026-01-14,95385.59,97963.62,94518.63,96955.16,60592490863
2026-01-15,96954.02,97176.42,95066.19,95587.65,60592490863
2026-01-16,95578.2,95830.49,94229.04,95504.0,33248170537
2026-01-17,95503.99,95600.0,94980.12,95109.99,16021715122
2026-01-18,95109.99,95485.0,93559.78,93633.53,20809781232
2026-01-19,93630.0,93630.0,91935.3,92559.66,39195241508
2026-01-20,92559.65,92807.99,87767.53,88310.6,53072968031
2026-01-21,88310.6,90500.0,87156.0,89363.71,56330422434
2026-01-22,89363.71,90273.35,88408.65,89463.5,35549685694
2026-01-23,89463.51,91147.01,88440.65,89474.93,38997586037
2026-01-24,89474.94,89832.72,89007.01,89082.17,14558687712
2026-01-25,89082.16,89177.95,86000.13,86561.94,36124986722
2026-01-26,86561.94,88787.97,86411.7,88250.01,45329286974
2026-01-27,88250.0,89447.21,87180.01,89116.96,38744942267
2026-01-28,89116.96,90476.81,88706.32,89162.4,39807419296
2026-01-29,89162.4,89210.16,83216.21,84513.2,64653083162
2026-01-30,84513.19,84599.0,81000.12,84110.99,72083816087
2026-01-31,84110.99,84138.0,75644.15,78648.0,70479259159
2026-02-01,78648.0,79337.99,75612.75,76895.53,53372509744
2026-02-02,76895.99,79339.0,74502.21,78666.85,75140589684
2026-02-03,78666.84,79123.75,72859.0,75661.49,68249110822
2026-02-04,75661.49,76876.54,71703.72,72998.0,67215363944
2026-02-05,72999.0,73173.96,62181.65,62791.0,125509410908
2026-02-06,62788.28,71707.18,60001.0,70527.7,114674259489
2026-02-07,70521.08,71648.05,67293.26,69244.74,62347107663
2026-02-08,69250.0,72232.17,68840.83,70279.33,39721722619
2026-02-09,70279.32,71380.13,68233.01,70101.99,52081598792
2026-02-10,70101.98,70489.99,67857.0,68803.65,49671946030
2026-02-11,68803.65,69248.0,65702.95,67024.93,49671946030
2026-02-12,67032.71,68382.9,65065.47,66208.0,44651071271
2026-02-13,66207.99,69434.2,65799.71,68812.0,40820775886
2026-02-14,68812.0,70531.53,68697.63,69786.96,40191152750
2026-02-15,69786.96,70941.65,68020.0,68792.0,40191152750
2026-02-16,68792.0,70089.99,67251.81,68858.13,40191152750
2026-02-17,68859.55,69199.51,66569.58,67466.7,34866936040
2026-02-18,67466.7,68438.84,65812.57,66419.79,34866936040
2026-02-19,66419.78,67288.22,65604.63,66972.5,33094301643
2026-02-20,66972.49,68294.86,66427.23,67984.42,47507867304
2026-02-21,67984.42,68683.27,67516.93,67955.78,18357635642
2026-02-22,67955.78,68241.4,67132.81,67617.98,17893536012
2026-02-23,67616.01,67656.42,63855.0,64625.78,50953457309
2026-02-24,64625.78,64988.32,62534.61,64068.33,53629234355
2026-02-25,64068.33,70020.0,63912.25,67992.68,53629234355
2026-02-26,67992.68,68866.86,66500.92,67490.51,42988597523
2026-02-27,67490.5,68223.07,64942.87,65859.94,42041497112
2026-02-28,65859.93,67761.55,63019.6,66967.85,42041497112
2026-03-01,66971.54,68200.0,65008.38,65769.0,40733141929
2026-03-02,65771.56,70128.74,65250.12,68832.01,56698092052
2026-03-03,68832.0,69255.36,66138.2,68335.99,75073101274
2026-03-04,68335.99,74100.0,67391.17,72683.26,75073101274
2026-03-05,72683.26,73588.24,70639.01,70887.6,51172841727
2026-03-06,70887.61,71428.4,67725.14,68108.24,43776962871
2026-03-07,68108.23,68544.79,66921.33,67259.62,33195080116
2026-03-08,67259.62,68201.16,65618.51,65970.56,33195080116
2026-03-09,65970.56,69543.0,65820.93,68432.17,49499875378
2026-03-10,68432.16,71800.0,68383.5,69960.83,54003996096
2026-03-11,69960.83,71358.48,68980.74,70208.0,54003996096
2026-03-12,70208.03,70819.84,69180.01,70531.56,45236859848
2026-03-13,70530.02,73968.0,70398.01,70944.33,61167226505
2026-03-14,70944.32,71316.0,70236.02,71232.02,22283546496
2026-03-15,71232.01,73220.8,70868.41,72830.01,27991268669
2026-03-16,72830.01,74913.69,72276.24,74886.47,55572438409
2026-03-17,74886.46,76022.6,73400.01,73934.11,55572438409
2026-03-18,73934.11,74700.0,70474.83,71245.02,49500721728
2026-03-19,71245.01,71628.0,68772.78,69918.3,46229011155
2026-03-20,69917.19,71384.62,69360.0,70497.01,38299078407
2026-03-21,70497.01,71075.92,68562.13,68912.02,21109354718
2026-03-22,68912.02,69577.0,67332.05,67844.94,30108051508
2026-03-23,67844.94,71811.0,67425.0,70874.23,51508669357
2026-03-24,70874.22,71389.0,68889.0,70533.49,40181522399
2026-03-25,70533.48,72030.29,70357.1,71301.53,38962070215
2026-03-26,71301.52,71414.33,68102.36,68769.02,46483453594
2026-03-27,68769.02,69128.75,65498.75,66353.34,46483453594
2026-03-28,66353.33,67249.65,65876.61,66320.15,21645889785
2026-03-29,66320.16,67076.07,64938.66,65956.94,21645889785
2026-03-30,65957.95,68129.33,65736.63,66737.18,37694994180
2026-03-31,66737.08,68518.1,65924.82,68221.85,42997691338
2026-04-01,68221.84,69285.99,67525.59,68112.35,36465393617
2026-04-02,68112.34,68652.0,65696.96,66894.48,39323384518
2026-04-03,66899.11,67375.7,66275.01,66959.99,22815543346
2026-04-04,66959.98,67535.2,66770.64,67291.73,15878814963
2026-04-05,67291.72,69117.6,66600.0,69005.0,22972648674
2026-04-06,69005.0,70378.48,68332.0,68853.61,44650511480
2026-04-07,68853.6,72753.97,67710.01,71910.2,44650511480
2026-04-08,71910.21,72861.38,70684.65,71085.99,44650511480
2026-04-09,71083.99,73147.81,70468.74,71798.01,42444631703
2026-04-10,71798.01,73477.87,71431.55,72997.88,37722595732
2026-04-11,72997.88,73822.95,72564.35,73086.0,29882740487
2026-04-12,73085.99,73172.14,70512.7,70755.35,29882740487
2026-04-13,70755.35,74936.9,70576.27,74446.0,53540826530
2026-04-14,74448.0,76127.18,73854.5,74179.04,53540826530
2026-04-15,74176.09,75458.81,73545.0,74836.31,41312783855
2026-04-16,74839.97,75539.91,73298.01,75163.09,54137194839
2026-04-17,75163.09,78390.0,74558.21,77098.01,54137194839
2026-04-18,77098.01,77450.15,75473.81,75736.82,30931515195
2026-04-19,75736.0,76278.36,73777.86,73823.14,32989036544
2026-04-20,73823.27,76600.0,73741.53,75864.86,39674447916
2026-04-21,75864.86,76926.37,74817.27,76348.58,39563563008
2026-04-22,76355.73,79523.0,76145.0,78208.52,48336654537
2026-04-23,78208.52,78722.96,76979.99,78281.32,40354900916
2026-04-24,78281.32,78607.38,77289.0,77461.8,32784213526
2026-04-25,77461.79,77911.09,77179.2,77650.72,16702933134
2026-04-26,77650.72,78943.0,77346.44,78673.83,26549180416
2026-04-27,78673.84,79496.0,76447.51,77364.42,38135631927
2026-04-28,77364.48,77478.99,75646.84,76317.99,38135631927
2026-04-29,76317.99,77906.84,74914.0,75752.88,41485537280
2026-04-30,75752.87,76655.95,75290.1,76305.78,41460907886
2026-05-01,76305.78,78961.14,76275.01,78234.05,39164328894
2026-05-02,78234.05,79155.0,78034.28,78682.31,17005966336
2026-05-03,78682.31,79428.6,78073.01,78558.89,28286808064
2026-05-04,78558.88,80750.0,78205.0,79852.37,54325085296
2026-05-05,79852.37,81799.6,79789.5,80907.72,41751540000
2026-05-06,80907.72,82814.23,80699.66,81438.1,41751540000
2026-05-07,81438.11,81709.17,79456.0,80005.38,36931193154
2026-05-08,80005.38,80487.39,79520.44,80188.82,33789351540
2026-05-09,80188.82,81065.32,80115.33,80655.96,26965971077
2026-05-10,80655.97,82450.0,80273.86,82199.99,30469185536
2026-05-11,82199.99,82379.0,80417.72,81727.06,32409774919
2026-05-12,81727.09,81778.0,79802.51,80484.72,32407963648
2026-05-13,80484.72,81293.93,78699.83,79288.26,34845728768
2026-05-14,79288.26,82066.22,78885.42,81079.39,44404215808
2026-05-15,81078.04,81650.0,78591.99,79058.51,38183347368
2026-05-16,79058.5,79182.02,77608.95,78105.45,26355910656
2026-05-17,78105.46,78570.0,76673.54,77407.59,24035588096
2026-05-18,77406.57,77764.28,75992.0,76943.98,41520471808
2026-05-19,76943.96,77350.08,76061.12,76767.48,26031898332
2026-05-20,76767.48,77782.61,76433.52,77475.99,27525879808
2026-05-21,77475.98,78123.68,76619.02,77547.62,27141485404
2026-05-22,77547.25,77833.02,75266.73,75443.91,32175547652
2026-05-23,75446.99,77305.0,74197.11,76650.0,31606251682
2026-05-24,76648.65,77412.32,76000.0,76975.99,24408311299
2026-05-25,76975.99,77834.55,76807.04,77249.07,23046057804
2026-05-26,77249.07,78015.46,75555.0,75826.1,39083095988
2026-05-27,75826.1,76033.66,74113.95,74315.98,39596416541
2026-05-28,74316.71,74462.4,72445.11,73512.56,40148145327
2026-05-29,73512.55,74224.84,72364.13,73366.77,35600576602
2026-05-30,73366.77,74029.01,73107.24,73770.69,19563589191
2026-05-31,73770.69,74156.59,73288.0,73575.17,18761013190
2026-06-01,73575.18,73978.52,70555.0,71314.42,43378836121
2026-06-02,71314.43,71315.67,66100.01,66658.35,63752415812
2026-06-03,66658.45,67416.5,63985.01,64040.0,60371412725
2026-06-04,64039.99,64695.0,61309.25,63806.02,63800151780
2026-06-05,63806.02,63906.02,59073.01,61032.0,71465606706
2026-06-06,61031.98,61499.41,59448.45,60850.48,32377606259
2026-06-07,60850.48,64234.45,60706.4,63302.73,36006496194
2026-06-08,63302.03,64200.02,62365.43,63062.98,34133252457
2026-06-09,63062.97,63490.49,60713.5,61685.8,40144449754
2026-06-10,61685.81,62809.04,60708.92,61449.46,28302647397
2026-06-11,61449.47,63866.82,61449.47,63563.42,30644333442
2026-06-12,63563.44,64347.32,62739.81,63538.43,27609288020
2026-06-13,63538.44,64727.27,63400.92,64429.99,16956245530
2026-06-14,64424.98,65764.16,63640.0,65706.62,25274783078
2026-06-15,65704.23,67264.0,65302.08,66276.8,32927321950
2026-06-16,66276.79,66944.0,65300.03,65616.64,25091241984
2026-06-17,65616.64,66384.01,63851.02,64446.04,31687862272
2026-06-18,64446.05,64752.51,62159.76,62879.01,30659442688
2026-06-19,62879.01,63595.93,62246.24,63475.2,22457241600
2026-06-20,63475.08,64312.73,63131.38,64222.99,17486384117
2026-06-21,64223.0,64508.4,63171.19,63235.63,18832330752
2026-06-22,63235.63,65553.39,63235.61,63950.61,26561496819
2026-06-23,63950.61,64211.95,61862.27,62644.86,30374825984
2026-06-24,62644.86,63156.34,59010.74,60983.13,42931036160
2026-06-25,60983.14,61868.39,58000.0,59703.65,43487715328
2026-06-26,59703.66,60660.0,58243.36,60002.53,41502864671
2026-06-27,60002.97,60838.92,59765.1,59934.84,15220666368
2026-06-28,59934.84,60455.0,58810.11,59474.01,18689507328
2026-06-29,59473.99,60702.63,58800.0,60162.73,30829983083
2026-06-30,60162.73,60191.99,58056.0,58523.93,35497836544
2026-07-01,58523.93,61287.33,57717.55,59961.45,39447228416
2026-07-02,59961.46,62147.89,59520.02,61484.02,40109297349
2026-07-03,61484.02,62899.99,61162.79,62520.22,26312581120
2026-07-04,62520.22,63410.0,62274.16,63086.45,18608397613
2026-07-05,63086.46,63940.79,62384.08,63580.44,19761397760
2026-07-06,63580.45,64658.85,61250.0,64001.84,36647825408
2026-07-07,64001.85,64272.92,62583.0,63323.27,32062826496
2026-07-08,63322.07,63720.88,61453.09,62237.7,27349235354
2026-07-09,62237.7,63448.46,61636.05,63175.25,27471058944
2026-07-10,63175.25,64669.42,62865.01,64128.49,27450201269
2026-07-11,64128.49,64458.7,63769.84,63773.04,16717682688
2026-07-12,63773.05,64250.56,63588.2,63740.32,20011700224
2026-07-13,63740.32,64388.01,61750.9,62264.94,37650044790
2026-07-14,62264.94,65055.04,62190.4,64988.64,29919811584
2026-07-15,64988.65,65559.5,64431.11,64716.63,28236429312
2026-07-16,64712.04,64946.07,63690.78,63770.6,27948064768
2026-07-17,63770.6,64353.56,62452.52,63894.0,27280236800
2026-07-18,63893.99,64827.93,63842.35,64796.36,14741042176
2026-07-19,64796.36,64918.7,64238.08,64681.78,16146744320
2026-07-20,64681.79,65756.09,63702.01,65213.05,31582341120
2026-07-21,65213.05,66923.95,65106.79,66516.18,30990206976
2026-07-22,66516.17,66698.55,65484.0,66086.61,28292388864
2026-07-23,66086.6,66287.74,64564.09,65051.23,24364433538
2026-07-24,65051.24,65762.78,63641.0,64083.32,25917559237
2026-07-25,64083.31,64387.43,63732.0,64295.61,13999453184
2026-07-26,64295.61,65511.36,64229.6,65341.07,15890010112
2026-07-27,65341.07,65705.08,63545.0,63694.43,27764629504
2026-07-28,63693.44,64041.02,62645.39,63847.12,24449222656
2026-07-29,63847.12,64665.3,63194.45,63896.14,28989235200
2026-07-30,63896.14,65118.08,63502.91,64721.9,27376521216
2026-07-31,64721.9,65360.0,62358.96,62825.9,30439749629
2026-08-01,62826.69,63093.0,62209.81,62764.2,14639973376
2026-08-02,62764.2,63730.49,62743.87,63499.49,15901776708
2026-08-03,63499.49,64032.43,62210.14,63466.51,26751989760
2026-08-04,63466.51,64497.24,63250.0,64050.51,24083748864
2026-08-05,64050.51,64988.78,63814.8,64603.03,23568584891
2026-08-06,64603.02,64944.16,64087.41,64267.3,18623412224
2026-08-07,64267.3,65348.97,64099.35,64891.61,22256105472
2026-08-08,64891.6,65150.16,64789.89,64908.72,12535328768
2026-08-09,64908.71,65426.0,64675.22,64848.69,14290667520
2026-08-10,64848.68,65341.83,63733.03,63911.88,22384770392
2026-08-11,63911.88,64439.38,63158.0,63531.75,21450256384
2026-08-12,63531.75,64416.3,63235.88,63411.72,23467171840
2026-08-13,63411.71,63949.9,62772.84,63425.35,19196782592
2026-08-14,63425.35,63561.45,62468.21,62975.19,20646473728
2026-08-15,62975.18,63123.68,62830.01,63018.75,10033057106
2026-08-16,63018.75,63318.09,62631.18,62836.66,10951334912
2026-08-17,62836.67,64588.0,62679.42,64484.18,21962964992
2026-08-18,64477.26,65020.0,63979.36,64681.33,19051816960
2026-08-19,64681.33,70022.44,64112.04,69300.01,51011477504
2026-08-20,69300.01,73391.43,68853.22,73011.87,60286541824
2026-08-21,73010.86,79500.0,73004.7,78325.54,74478039014
2026-08-22,78325.54,78828.37,76471.7,77054.44,42131959963
2026-08-23,77054.44,78055.25,75538.12,77729.36,34018037760
2026-08-24,77729.36,79999.99,76652.0,78981.59,60809986048
2026-08-25,78981.59,81265.3,77832.0,78526.8,46728068401
2026-08-26,78526.79,79239.09,77601.02,79026.18,29424654336
2026-08-27,79026.18,80835.82,78551.99,80275.34,37264601088
2026-08-28,80275.35,81479.5,76845.71,77839.19,39362871737
2026-08-29,77839.19,78334.44,77348.65,78233.93,14053131399
2026-08-30,78233.92,79394.55,77000.0,77665.14,22026319872
2026-08-31,77672.1,79257.14,77369.59,78562.74,30045646848
