date,open,high,low,close,volume
2021-01-01,0.004681,0.005685,0.004615,0.005685,228961515
2021-01-02,0.005686,0.013698,0.005584,0.010615,3421562680
2021-01-03,0.010602,0.013867,0.009409,0.009771,2707003608
2021-01-04,0.009785,0.011421,0.007878,0.009767,1372398979
2021-01-05,0.009767,0.010219,0.008972,0.00992,687256067
2021-01-06,0.009923,0.010854,0.009685,0.010465,749915516
2021-01-07,0.010454,0.010532,0.009162,0.009742,520644706
2021-01-08,0.009743,0.010285,0.008986,0.009846,394462164
2021-01-09,0.009833,0.01074,0.00974,0.010194,485842353
2021-01-10,0.010193,0.010867,0.009177,0.00986,458583519
2021-01-11,0.009858,0.009858,0.00677,0.008835,637956958
2021-01-12,0.00883,0.009145,0.007904,0.008063,333308457
2021-01-13,0.008062,0.008646,0.007787,0.008616,240079033
2021-01-14,0.008619,0.01003,0.008349,0.009397,428369039
2021-01-15,0.009389,0.009796,0.00846,0.009369,398965925
2021-01-16,0.009367,0.009531,0.00914,0.009265,258630480
2021-01-17,0.009263,0.009367,0.008841,0.009067,254487989
2021-01-18,0.00907,0.009295,0.008981,0.009171,205025648
2021-01-19,0.009172,0.009613,0.00902,0.009098,249242632
2021-01-20,0.009096,0.009153,0.008529,0.00906,220205442
2021-01-21,0.009062,0.009089,0.008061,0.008166,215419839
2021-01-22,0.008165,0.008769,0.007654,0.008524,185490003
2021-01-23,0.00852,0.008808,0.008388,0.008579,154393737
2021-01-24,0.008578,0.008951,0.008516,0.008727,162191977
2021-01-25,0.008727,0.008879,0.008276,0.008383,180820875
2021-01-26,0.008382,0.008456,0.008022,0.008255,161173749
2021-01-27,0.008255,0.008259,0.007294,0.007482,204797186
2021-01-28,0.007481,0.034177,0.007351,0.034084,10971544561
2021-01-29,0.043734,0.077973,0.032341,0.047162,25403310432
2021-01-30,0.046803,0.049901,0.022488,0.028176,8735576553
2021-01-31,0.028191,0.045289,0.027102,0.037196,8548997882
2021-02-01,0.037054,0.04325,0.033367,0.034875,6319224026
2021-02-02,0.03491,0.034926,0.029195,0.03152,3090896595
2021-02-03,0.031493,0.039105,0.031146,0.03712,3146856788
2021-02-04,0.037226,0.057869,0.035945,0.053289,13040837601
2021-02-05,0.053043,0.05374,0.04354,0.046935,6136160058
2021-02-06,0.046931,0.058308,0.044904,0.057595,5946101275
2021-02-07,0.057502,0.084357,0.054239,0.078782,14261024073
2021-02-08,0.078352,0.084945,0.064702,0.078825,12844375210
2021-02-09,0.078773,0.083128,0.065621,0.07007,7348840814
2021-02-10,0.070111,0.081091,0.068525,0.072896,6785088422
2021-02-11,0.072844,0.074301,0.06829,0.069676,3818556739
2021-02-12,0.06965,0.07261,0.061445,0.070069,4190843784
2021-02-13,0.070025,0.071646,0.066135,0.06645,2618049766
2021-02-14,0.066448,0.066448,0.056723,0.062537,3984667628
2021-02-15,0.062568,0.063924,0.048547,0.056591,4944804938
2021-02-16,0.056488,0.059668,0.050983,0.05352,3409478696
2021-02-17,0.053522,0.054983,0.048034,0.049376,2976148723
2021-02-18,0.049363,0.061799,0.048989,0.059541,4551943638
2021-02-19,0.059434,0.059497,0.054315,0.055139,2949251418
2021-02-20,0.055132,0.060286,0.051628,0.054384,3175468554
2021-02-21,0.054369,0.058428,0.053556,0.05598,2450293068
2021-02-22,0.056044,0.060466,0.047096,0.053725,3366757324
2021-02-23,0.053698,0.053768,0.04241,0.047392,2394345361
2021-02-24,0.047414,0.059873,0.046216,0.056555,4148511571
2021-02-25,0.056615,0.057808,0.049869,0.050167,2356982022
2021-02-26,0.050138,0.052472,0.048708,0.05048,1694323466
2021-02-27,0.0505,0.05192,0.049297,0.050083,1286229526
2021-02-28,0.050097,0.050134,0.045088,0.048052,1408101260
2021-03-01,0.04807,0.051479,0.048029,0.050599,1494427207
2021-03-02,0.050596,0.052382,0.049299,0.050262,1346282318
2021-03-03,0.050278,0.052126,0.050078,0.050592,1093877445
2021-03-04,0.050587,0.051087,0.047879,0.050048,1170617084
2021-03-05,0.050028,0.050854,0.048147,0.049609,1173113591
2021-03-06,0.049601,0.052397,0.049383,0.050984,1480482384
2021-03-07,0.05098,0.052141,0.050572,0.052122,945455832
2021-03-08,0.052123,0.061949,0.051672,0.061949,3554150800
2021-03-09,0.062104,0.062268,0.056051,0.057998,2466159943
2021-03-10,0.057964,0.058616,0.054692,0.056004,1534489620
2021-03-11,0.055977,0.056698,0.054502,0.055918,1233383425
2021-03-12,0.055921,0.05698,0.054513,0.055349,1287767221
2021-03-13,0.055353,0.062432,0.054756,0.062432,1869833076
2021-03-14,0.062384,0.063052,0.058592,0.058592,2752132530
2021-03-15,0.058531,0.059689,0.055141,0.057088,1738710876
2021-03-16,0.057086,0.058921,0.055493,0.058607,1393771913
2021-03-17,0.05861,0.058866,0.056471,0.057653,861926643
2021-03-18,0.05764,0.058828,0.054143,0.057383,909777445
2021-03-19,0.057377,0.059721,0.056604,0.058328,964747809
2021-03-20,0.058315,0.060639,0.05812,0.058961,1012934488
2021-03-21,0.05897,0.059521,0.056798,0.057234,759592996
2021-03-22,0.057259,0.057732,0.054909,0.054962,696918565
2021-03-23,0.054941,0.056081,0.05294,0.053556,1040781777
2021-03-24,0.053528,0.056494,0.051242,0.051702,934537959
2021-03-25,0.051699,0.052407,0.049697,0.051448,1084214116
2021-03-26,0.051433,0.054028,0.051331,0.053952,776280028
2021-03-27,0.05394,0.055435,0.053528,0.054377,753844053
2021-03-28,0.054381,0.054752,0.053013,0.053698,460472975
2021-03-29,0.053678,0.054651,0.053175,0.054052,537919140
2021-03-30,0.054052,0.055434,0.053697,0.0539,728906171
2021-03-31,0.053902,0.054468,0.052269,0.053657,653389282
2021-04-01,0.053655,0.070111,0.053644,0.061986,5816046822
2021-04-02,0.061968,0.062249,0.057333,0.057664,2166925111
2021-04-03,0.057658,0.059484,0.055804,0.055804,1136931403
2021-04-04,0.055776,0.058107,0.055295,0.057404,938035097
2021-04-05,0.057411,0.060153,0.056435,0.059696,1513832721
2021-04-06,0.059689,0.06505,0.058094,0.064458,2608613912
2021-04-07,0.064454,0.067299,0.057641,0.059028,2857060849
2021-04-08,0.059036,0.061745,0.058817,0.061464,1055257541
2021-04-09,0.061463,0.06391,0.060296,0.061684,1060465774
2021-04-10,0.061591,0.065068,0.060818,0.063845,1369793118
2021-04-11,0.063749,0.079243,0.063203,0.074649,6646627317
2021-04-12,0.074544,0.074986,0.068889,0.070767,2687720380
2021-04-13,0.070678,0.095181,0.070678,0.093445,7176815090
2021-04-14,0.094256,0.14251,0.092452,0.12152,20977679327
2021-04-15,0.12117,0.18733,0.12074,0.18221,17916620386
2021-04-16,0.18159,0.4377,0.18049,0.36587,69410680685
2021-04-17,0.3661,0.37446,0.23652,0.28417,31413404067
2021-04-18,0.28511,0.34992,0.24644,0.32048,23464350388
2021-04-19,0.32047,0.43175,0.30908,0.40732,30641432779
2021-04-20,0.40844,0.42235,0.27162,0.3195,28130646191
2021-04-21,0.31695,0.34697,0.29704,0.30693,12723463706
2021-04-22,0.30599,0.30876,0.25628,0.26097,11879823706
2021-04-23,0.26102,0.26838,0.16367,0.24851,16165566164
2021-04-24,0.24954,0.28939,0.22989,0.27021,11057578568
2021-04-25,0.26979,0.28877,0.2263,0.25111,6849914675
2021-04-26,0.25124,0.28045,0.24803,0.27067,5118886527
2021-04-27,0.27143,0.27963,0.26493,0.27219,3590611310
2021-04-28,0.27227,0.34466,0.25623,0.32368,14464343767
2021-04-29,0.32323,0.32388,0.2969,0.30517,5027354503
2021-04-30,0.3047,0.33976,0.30298,0.33756,5290390982
2021-05-01,0.33756,0.39714,0.32829,0.39299,10123343703
2021-05-02,0.39109,0.40003,0.36487,0.37605,8040406918
2021-05-03,0.37363,0.44557,0.37363,0.44171,10526649978
2021-05-04,0.44027,0.606,0.4008,0.54133,38238126181
2021-05-05,0.53736,0.69526,0.52382,0.65763,42525098292
2021-05-06,0.65284,0.66362,0.5451,0.5808,18989900291
2021-05-07,0.58111,0.73197,0.52017,0.68478,28615083657
2021-05-08,0.6878,0.73757,0.60817,0.63644,25555125135
2021-05-09,0.63582,0.69763,0.42571,0.57007,46138063928
2021-05-10,0.56969,0.56969,0.42129,0.44996,16514521828
2021-05-11,0.45049,0.54665,0.44503,0.49523,14566975476
2021-05-12,0.49374,0.51998,0.38538,0.38538,8621337859
2021-05-13,0.39218,0.51946,0.35718,0.49037,18663174069
2021-05-14,0.48707,0.58969,0.46462,0.5596,20466177002
2021-05-15,0.55967,0.56268,0.4913,0.50797,9836892944
2021-05-16,0.50791,0.54815,0.45102,0.5149,9541552064
2021-05-17,0.51341,0.51522,0.45855,0.48789,7330830504
2021-05-18,0.48695,0.5156,0.47038,0.47612,4802902841
2021-05-19,0.47644,0.68474,0.21827,0.33312,15072620946
2021-05-20,0.33025,0.43319,0.29625,0.40019,12415484460
2021-05-21,0.39812,0.41198,0.31477,0.35938,7452862203
2021-05-22,0.35872,0.36052,0.31817,0.34237,5243222352
2021-05-23,0.34252,0.35086,0.24944,0.30807,7143545371
2021-05-24,0.30672,0.37149,0.29629,0.36616,6821088755
2021-05-25,0.36604,0.38001,0.3235,0.3463,5544552739
2021-05-26,0.3464,0.36592,0.33886,0.35369,3355793260
2021-05-27,0.35346,0.35346,0.32814,0.33295,2485942309
2021-05-28,0.33365,0.34788,0.30152,0.31121,3289455640
2021-05-29,0.3114,0.31792,0.28179,0.30311,2470710737
2021-05-30,0.30297,0.31032,0.28768,0.30222,1929947933
2021-05-31,0.30195,0.32916,0.29433,0.32581,2440829325
2021-06-01,0.32574,0.38308,0.31236,0.37008,5796031087
2021-06-02,0.3703,0.44459,0.35259,0.42337,11425588479
2021-06-03,0.4875,0.4875,0.3779,0.4015,6809900030
2021-06-04,0.4015,0.4039,0.35,0.3769,5889983048
2021-06-05,0.3769,0.3948,0.3598,0.3718,3464039041
2021-06-06,0.3718,0.3774,0.3669,0.3717,1836611411
2021-06-07,0.3719,0.38,0.3274,0.3315,3043974994
2021-06-08,0.3317,0.3422,0.2959,0.3264,3918487504
2021-06-09,0.3264,0.3548,0.3125,0.3436,3154332929
2021-06-10,0.3437,0.3455,0.3228,0.3261,2114010549
2021-06-11,0.3262,0.3343,0.311,0.3189,1834446577
2021-06-12,0.3189,0.3192,0.3011,0.3121,1605633791
2021-06-13,0.3123,0.3306,0.3077,0.3243,1484851447
2021-06-14,0.3243,0.3377,0.3196,0.3276,1613812023
2021-06-15,0.3277,0.3307,0.3165,0.3204,1687965230
2021-06-16,0.3204,0.3213,0.3051,0.3077,1391720788
2021-06-17,0.3078,0.3141,0.3028,0.3064,1120766442
2021-06-18,0.3062,0.3078,0.2799,0.2934,1846213589
2021-06-19,0.2935,0.298,0.2856,0.2856,1003248258
2021-06-20,0.2858,0.2896,0.255,0.2803,1963503800
2021-06-21,0.2803,0.2811,0.1643,0.1788,5640232167
2021-06-22,0.1787,0.2175,0.1633,0.1909,5992850344
2021-06-23,0.1909,0.2495,0.1805,0.2349,5098674891
2021-06-24,0.2349,0.27,0.2218,0.264,3844648059
2021-06-25,0.264,0.29,0.2285,0.2375,5542163262
2021-06-26,0.2374,0.2557,0.2306,0.2459,2649457302
2021-06-27,0.2458,0.2677,0.2403,0.2647,2167521670
2021-06-28,0.2646,0.2669,0.2506,0.2572,1932994784
2021-06-29,0.2571,0.2758,0.2527,0.2636,2192562738
2021-06-30,0.2635,0.2641,0.2378,0.2541,2047763830
2021-07-01,0.2539,0.2619,0.2383,0.2441,2463946548
2021-07-02,0.2438,0.2489,0.2385,0.2452,1321470954
2021-07-03,0.2453,0.2502,0.242,0.2465,917015819
2021-07-04,0.2465,0.2528,0.2433,0.2467,973511519
2021-07-05,0.2466,0.2466,0.2262,0.2312,1267949362
2021-07-06,0.2312,0.2422,0.2294,0.2342,1265920169
2021-07-07,0.2342,0.2386,0.2209,0.2239,1148903688
2021-07-08,0.224,0.2249,0.2017,0.2072,1789637577
2021-07-09,0.2072,0.2298,0.1955,0.2196,3045790264
2021-07-10,0.2196,0.228,0.2099,0.2139,1264519098
2021-07-11,0.2138,0.2192,0.2107,0.2159,719870047
2021-07-12,0.216,0.2191,0.204,0.2078,973602708
2021-07-13,0.2078,0.2096,0.1975,0.2,1035890377
2021-07-14,0.2,0.2047,0.1874,0.1976,1319171299
2021-07-15,0.1975,0.2008,0.1803,0.1853,1044558931
2021-07-16,0.1853,0.1883,0.1711,0.1721,1144730187
2021-07-17,0.1721,0.2059,0.169,0.1876,2393120423
2021-07-18,0.1876,0.1963,0.1803,0.1817,1424484163
2021-07-19,0.1817,0.1844,0.1704,0.1737,1084816777
2021-07-20,0.1738,0.18,0.16,0.1706,1809479230
2021-07-21,0.1706,0.215,0.1683,0.1905,4433688120
2021-07-22,0.1906,0.1965,0.1863,0.1914,1629442360
2021-07-23,0.1913,0.1996,0.1832,0.195,1447257649
2021-07-24,0.1951,0.2046,0.1913,0.1971,1695867808
2021-07-25,0.1971,0.2009,0.1912,0.1981,1256116971
2021-07-26,0.1981,0.2332,0.1968,0.2039,4863225852
2021-07-27,0.2039,0.2096,0.1952,0.2059,2229903212
2021-07-28,0.2058,0.2138,0.2016,0.2059,2076707890
2021-07-29,0.2057,0.2066,0.2004,0.2049,1169322798
2021-07-30,0.2048,0.2107,0.196,0.2089,1523981522
2021-07-31,0.209,0.2146,0.205,0.2079,1349212924
2021-08-01,0.2079,0.2181,0.201,0.2043,1711494501
2021-08-02,0.2043,0.2099,0.2016,0.2034,1181469976
2021-08-03,0.2034,0.2051,0.1932,0.1962,1121632377
2021-08-04,0.1963,0.2032,0.1943,0.2014,1095300718
2021-08-05,0.2015,0.2024,0.1944,0.201,1139204754
2021-08-06,0.2011,0.2121,0.1984,0.2049,1332579279
2021-08-07,0.2049,0.2634,0.2036,0.2622,6343062404
2021-08-08,0.2622,0.284,0.2347,0.24,6984782653
2021-08-09,0.24,0.267,0.2302,0.2562,4607903346
2021-08-10,0.2561,0.2633,0.2452,0.2575,3424415504
2021-08-11,0.2576,0.2829,0.2565,0.2647,4732068476
2021-08-12,0.2646,0.2948,0.2516,0.264,5264857508
2021-08-13,0.2642,0.2877,0.2616,0.287,3565092106
2021-08-14,0.287,0.2988,0.276,0.2939,4677579997
2021-08-15,0.2939,0.35,0.2875,0.3403,8046171669
2021-08-16,0.3404,0.3519,0.31,0.3194,6681324187
2021-08-17,0.3194,0.34,0.2942,0.2993,5699700481
2021-08-18,0.2993,0.326,0.2783,0.3031,6347995770
2021-08-19,0.3032,0.3192,0.2937,0.3176,3760495939
2021-08-20,0.3178,0.3349,0.3136,0.3273,3512291078
2021-08-21,0.3276,0.3296,0.3145,0.3173,2600396651
2021-08-22,0.3171,0.3217,0.3052,0.3149,2237836352
2021-08-23,0.3149,0.328,0.3128,0.3179,2836628655
2021-08-24,0.3179,0.3196,0.276,0.2888,3143768703
2021-08-25,0.2888,0.297,0.2795,0.2924,2518743227
2021-08-26,0.2926,0.2962,0.2643,0.2684,2410285454
2021-08-27,0.2684,0.2953,0.265,0.2948,2382150423
2021-08-28,0.2946,0.2998,0.2831,0.2863,1534807298
2021-08-29,0.2863,0.2922,0.2766,0.2813,1473623363
2021-08-30,0.2813,0.2903,0.27,0.272,1748987269
2021-08-31,0.2721,0.2861,0.27,0.2783,1745967018
2021-09-01,0.2783,0.295,0.2731,0.2945,1937809622
2021-09-02,0.2944,0.31,0.2919,0.2948,2981069411
2021-09-03,0.2948,0.305,0.2874,0.2963,2384046931
2021-09-04,0.2963,0.3087,0.2933,0.2994,2263193245
2021-09-05,0.2995,0.3159,0.2963,0.3147,2393033527
2021-09-06,0.3148,0.3199,0.3002,0.3091,2611846129
2021-09-07,0.3092,0.3115,0.21,0.2557,5653327525
2021-09-08,0.2556,0.2637,0.2334,0.2567,3226346052
2021-09-09,0.2566,0.2597,0.2486,0.2527,1763183557
2021-09-10,0.2527,0.262,0.2355,0.2398,1840815800
2021-09-11,0.2398,0.248,0.2377,0.2411,1196337689
2021-09-12,0.2412,0.2554,0.2388,0.2502,1419288866
2021-09-13,0.2502,0.2522,0.2284,0.236,1759116002
2021-09-14,0.2359,0.2417,0.2338,0.2407,967948743
2021-09-15,0.2406,0.2484,0.2391,0.2477,980188820
2021-09-16,0.2478,0.248,0.2332,0.242,1140048496
2021-09-17,0.2419,0.26,0.2375,0.2401,2246768047
2021-09-18,0.2402,0.2476,0.2381,0.2414,999151515
2021-09-19,0.2414,0.2415,0.2308,0.2329,892763953
2021-09-20,0.2329,0.2335,0.1989,0.2087,2244003542
2021-09-21,0.2087,0.2185,0.1977,0.2009,1766963639
2021-09-22,0.201,0.2306,0.1999,0.2245,2016471206
2021-09-23,0.2245,0.2274,0.2176,0.2246,1169581249
2021-09-24,0.2247,0.2292,0.1967,0.2092,1883155313
2021-09-25,0.2094,0.2127,0.2045,0.2084,1067132277
2021-09-26,0.2084,0.2091,0.1943,0.2051,1147321467
2021-09-27,0.205,0.2095,0.1997,0.1999,838297166
2021-09-28,0.1998,0.2026,0.1961,0.1968,866301240
2021-09-29,0.1965,0.2043,0.1948,0.1987,926737135
2021-09-30,0.1987,0.2059,0.1976,0.2042,916819792
2021-10-01,0.2043,0.2255,0.2018,0.2228,1435469263
2021-10-02,0.2228,0.2253,0.2152,0.2187,1166058975
2021-10-03,0.2187,0.2266,0.2157,0.2218,1070267896
2021-10-04,0.2219,0.2491,0.2126,0.2415,3684051106
2021-10-05,0.2414,0.2687,0.2327,0.2519,4628329381
2021-10-06,0.2519,0.2718,0.2423,0.2542,4659725421
2021-10-07,0.2542,0.2568,0.2357,0.2428,2936116763
2021-10-08,0.2429,0.2548,0.2415,0.2441,1952117191
2021-10-09,0.2441,0.2526,0.241,0.2466,1484990033
2021-10-10,0.2466,0.2486,0.2262,0.2288,1466060853
2021-10-11,0.2288,0.2394,0.2249,0.2312,1463611233
2021-10-12,0.2313,0.2318,0.216,0.2262,1881102059
2021-10-13,0.2259,0.2342,0.2206,0.2328,1457486924
2021-10-14,0.2327,0.2404,0.2312,0.2327,1337117776
2021-10-15,0.2326,0.2435,0.2243,0.2342,1837803539
2021-10-16,0.2342,0.2455,0.2337,0.2373,1541850812
2021-10-17,0.2373,0.242,0.2256,0.2377,1397143121
2021-10-18,0.2376,0.2728,0.2369,0.2473,5003365533
2021-10-19,0.2473,0.255,0.24,0.2454,1675967829
2021-10-20,0.2453,0.262,0.242,0.2548,1853058770
2021-10-21,0.2547,0.2585,0.2406,0.2424,1742570934
2021-10-22,0.2423,0.2534,0.2349,0.2445,1829875043
2021-10-23,0.2444,0.2538,0.2405,0.2511,1502684867
2021-10-24,0.251,0.2846,0.2458,0.2756,5278760541
2021-10-25,0.2757,0.2806,0.2578,0.265,3364560707
2021-10-26,0.2649,0.2743,0.252,0.2559,2513384162
2021-10-27,0.256,0.2636,0.2202,0.238,5022822846
2021-10-28,0.2381,0.34,0.2326,0.2997,20359592492
2021-10-29,0.2998,0.3079,0.277,0.288,5866664030
2021-10-30,0.288,0.2949,0.2578,0.2691,3637334331
2021-10-31,0.2692,0.2853,0.2523,0.2802,4224104205
2021-11-01,0.2803,0.2865,0.2636,0.2718,2784956027
2021-11-02,0.2718,0.281,0.2645,0.2742,2336414476
2021-11-03,0.2743,0.2777,0.2629,0.269,2091380862
2021-11-04,0.269,0.271,0.2542,0.2631,1902957818
2021-11-05,0.2631,0.271,0.2569,0.261,1559898586
2021-11-06,0.2611,0.2679,0.2504,0.2621,1353526462
2021-11-07,0.262,0.2699,0.2587,0.2667,1155873526
2021-11-08,0.2667,0.2975,0.2647,0.2821,4093381450
2021-11-09,0.2821,0.2906,0.2715,0.2737,2353452396
2021-11-10,0.2737,0.2774,0.2378,0.2557,2820521435
2021-11-11,0.2556,0.2717,0.2534,0.2606,1628781435
2021-11-12,0.2606,0.2686,0.2489,0.2596,1563007446
2021-11-13,0.2596,0.2624,0.2544,0.2612,923837904
2021-11-14,0.2613,0.2718,0.2596,0.2629,1264556615
2021-11-15,0.263,0.2653,0.2555,0.2567,1028469310
2021-11-16,0.2568,0.2568,0.2237,0.2371,2248804980
2021-11-17,0.2371,0.2414,0.2302,0.2377,1543405154
2021-11-18,0.2378,0.2417,0.2162,0.2219,1860661769
2021-11-19,0.2218,0.2377,0.2168,0.2335,1296123511
2021-11-20,0.2336,0.2363,0.2257,0.2335,805305660
2021-11-21,0.2335,0.2338,0.2258,0.2262,751789838
2021-11-22,0.2263,0.2277,0.2169,0.2199,921753721
2021-11-23,0.22,0.2371,0.2139,0.2271,1907278849
2021-11-24,0.2271,0.2309,0.2114,0.2175,1957665360
2021-11-25,0.2175,0.2297,0.2145,0.2217,1344826632
2021-11-26,0.2219,0.2226,0.1922,0.2027,2231733479
2021-11-27,0.2027,0.2097,0.2016,0.2054,917785649
2021-11-28,0.2053,0.208,0.1917,0.2079,1027555437
2021-11-29,0.2078,0.2256,0.2029,0.2151,1869737827
2021-11-30,0.2152,0.2282,0.2127,0.2149,1897635999
2021-12-01,0.2149,0.2192,0.2059,0.2095,988030934
2021-12-02,0.2095,0.2234,0.2018,0.2097,1879305770
2021-12-03,0.2097,0.2122,0.1907,0.2,1260948451
2021-12-04,0.2,0.2014,0.135,0.1798,4388513696
2021-12-05,0.1797,0.1827,0.1623,0.1719,1645331135
2021-12-06,0.172,0.1812,0.1595,0.1786,1896979202
2021-12-07,0.1786,0.185,0.1748,0.1764,1085087124
2021-12-08,0.1764,0.1823,0.1724,0.1794,1014713070
2021-12-09,0.1795,0.1828,0.1687,0.1692,1071039221
2021-12-10,0.1691,0.1748,0.1636,0.1642,845450410
2021-12-11,0.1642,0.1702,0.1613,0.169,692929162
2021-12-12,0.1691,0.1739,0.1656,0.1698,593132337
2021-12-13,0.1698,0.1705,0.1514,0.1574,968464045
2021-12-14,0.1574,0.228,0.1549,0.1911,6411471551
2021-12-15,0.1912,0.1915,0.1704,0.1811,2466135011
2021-12-16,0.181,0.1857,0.1723,0.1732,1057988990
2021-12-17,0.1733,0.1766,0.1616,0.1685,1026719015
2021-12-18,0.1686,0.1759,0.166,0.1724,658993272
2021-12-19,0.1725,0.1748,0.1691,0.1694,541018118
2021-12-20,0.1694,0.1708,0.1611,0.1673,912233179
2021-12-21,0.1673,0.1725,0.1658,0.171,621397179
2021-12-22,0.171,0.1801,0.1697,0.173,932537493
2021-12-23,0.173,0.1851,0.1712,0.1851,1184481683
2021-12-24,0.1852,0.1957,0.1793,0.1862,1853415104
2021-12-25,0.1864,0.1958,0.1849,0.1911,1010443046
2021-12-26,0.1909,0.1925,0.1851,0.1899,650674078
2021-12-27,0.19,0.1929,0.1867,0.1879,666773423
2021-12-28,0.1881,0.1881,0.1717,0.1739,954075337
2021-12-29,0.1738,0.1775,0.1662,0.1681,823628336
2021-12-30,0.1679,0.1758,0.1652,0.1711,599236772
2021-12-31,0.1712,0.176,0.1661,0.1703,644416694
2022-01-01,0.1703,0.1738,0.1696,0.1733,371336089
2022-01-02,0.1732,0.1764,0.1705,0.1744,391041933
2022-01-03,0.1745,0.1745,0.1675,0.1703,505900382
2022-01-04,0.1704,0.1726,0.1666,0.1684,541922892
2022-01-05,0.1684,0.1711,0.1475,0.1591,994086848
2022-01-06,0.1591,0.1621,0.1539,0.16,715345645
2022-01-07,0.1598,0.1603,0.1491,0.1551,969384523
2022-01-08,0.1552,0.1579,0.1452,0.151,584437036
2022-01-09,0.151,0.1539,0.1486,0.1505,408786249
2022-01-10,0.1506,0.1522,0.1368,0.1432,763684873
2022-01-11,0.1431,0.1673,0.1417,0.1539,1628447666
2022-01-12,0.1539,0.1638,0.1513,0.163,896008600
2022-01-13,0.1628,0.1771,0.1613,0.1717,2301820074
2022-01-14,0.1716,0.2151,0.1704,0.1834,5784004926
2022-01-15,0.1833,0.1948,0.1817,0.1846,1878282290
2022-01-16,0.1845,0.1848,0.1734,0.1767,1102750171
2022-01-17,0.1767,0.1784,0.1657,0.171,1094379303
2022-01-18,0.171,0.1743,0.1617,0.165,979693368
2022-01-19,0.1652,0.1696,0.1591,0.1616,935006164
2022-01-20,0.1616,0.1694,0.1539,0.1554,469269658
2022-01-21,0.1554,0.1578,0.14,0.1422,1163061854
2022-01-22,0.1422,0.1454,0.1201,0.1333,1693524581
2022-01-23,0.1333,0.1448,0.132,0.1418,1006234946
2022-01-24,0.1419,0.1419,0.1258,0.1374,1446873574
2022-01-25,0.1374,0.1543,0.1325,0.143,1347567750
2022-01-26,0.1429,0.1536,0.1409,0.1432,1253108115
2022-01-27,0.1433,0.1461,0.1361,0.1415,608707586
2022-01-28,0.1415,0.1428,0.1378,0.1415,506667466
2022-01-29,0.1416,0.1444,0.1403,0.143,397610776
2022-01-30,0.1431,0.1438,0.1382,0.1392,363976741
2022-01-31,0.1393,0.1425,0.1363,0.1417,412307174
2022-02-01,0.1416,0.1444,0.1408,0.1425,409432267
2022-02-02,0.1425,0.1465,0.1356,0.1371,483194691
2022-02-03,0.1372,0.139,0.1347,0.1381,383506507
2022-02-04,0.1381,0.1482,0.137,0.148,580740990
2022-02-05,0.1479,0.1508,0.1447,0.147,587009429
2022-02-06,0.147,0.1559,0.1447,0.1541,757004142
2022-02-07,0.1541,0.1735,0.1515,0.1654,1791358822
2022-02-08,0.1654,0.1701,0.153,0.1584,1190116000
2022-02-09,0.1583,0.1625,0.1543,0.1595,778670798
2022-02-10,0.1594,0.161,0.1502,0.1516,1053630584
2022-02-11,0.1516,0.1544,0.1422,0.1448,776730555
2022-02-12,0.1447,0.1476,0.1406,0.1445,602699408
2022-02-13,0.1444,0.158,0.1437,0.1482,1581065491
2022-02-14,0.1482,0.1508,0.1429,0.1458,898042727
2022-02-15,0.1458,0.1525,0.1448,0.1518,674961496
2022-02-16,0.1518,0.1518,0.1463,0.1488,505588732
2022-02-17,0.1488,0.1501,0.1369,0.1384,721382126
2022-02-18,0.1384,0.1423,0.1361,0.1386,563817289
2022-02-19,0.1386,0.1465,0.1384,0.141,655782652
2022-02-20,0.141,0.1412,0.135,0.1368,490138547
2022-02-21,0.1366,0.1419,0.1271,0.1282,913773124
2022-02-22,0.1283,0.1319,0.1239,0.1314,711967119
2022-02-23,0.1313,0.1357,0.1272,0.1274,587472906
2022-02-24,0.1273,0.1278,0.1065,0.1242,2046477370
2022-02-25,0.1241,0.1285,0.1206,0.1277,805161073
2022-02-26,0.1278,0.1306,0.1256,0.1277,535575654
2022-02-27,0.1278,0.1285,0.1212,0.1229,592809151
2022-02-28,0.123,0.1349,0.1213,0.1334,765755924
2022-03-01,0.1334,0.1391,0.1298,0.1342,876604512
2022-03-02,0.1342,0.1373,0.1306,0.1332,709536320
2022-03-03,0.1331,0.1339,0.1272,0.1297,518193386
2022-03-04,0.1296,0.1302,0.1201,0.1227,650665594
2022-03-05,0.1226,0.1257,0.1208,0.1251,334091552
2022-03-06,0.1251,0.1256,0.1193,0.1207,400458464
2022-03-07,0.1207,0.1227,0.1133,0.1167,513014829
2022-03-08,0.1167,0.12,0.1152,0.1171,491414294
2022-03-09,0.1171,0.1244,0.1164,0.1216,519157507
2022-03-10,0.1216,0.1219,0.1147,0.1168,513641345
2022-03-11,0.1168,0.1186,0.1138,0.1154,388727358
2022-03-12,0.1154,0.1173,0.1146,0.1149,235277001
2022-03-13,0.1149,0.1164,0.1099,0.1115,373430106
2022-03-14,0.1115,0.1224,0.1103,0.1139,822092169
2022-03-15,0.1139,0.1143,0.1101,0.1126,400614617
2022-03-16,0.1127,0.1171,0.1121,0.117,537170937
2022-03-17,0.1171,0.1194,0.1159,0.1164,412838814
2022-03-18,0.1164,0.1196,0.1142,0.1192,410862503
2022-03-19,0.1192,0.1252,0.1184,0.1237,628081786
2022-03-20,0.1237,0.1242,0.1175,0.1193,428111799
2022-03-21,0.1193,0.1218,0.1177,0.1193,439486516
2022-03-22,0.1192,0.1257,0.1186,0.1225,610507111
2022-03-23,0.1224,0.1321,0.121,0.1299,998922753
2022-03-24,0.1299,0.1413,0.1277,0.1368,2017926806
2022-03-25,0.1369,0.1378,0.1275,0.1309,882486375
2022-03-26,0.131,0.1372,0.129,0.1361,610401998
2022-03-27,0.1361,0.1457,0.1355,0.1447,1445019558
2022-03-28,0.1447,0.1537,0.1405,0.1425,1476875507
2022-03-29,0.1424,0.149,0.1405,0.1444,961074557
2022-03-30,0.1445,0.1456,0.1381,0.1432,884305263
2022-03-31,0.1431,0.148,0.136,0.1381,1055136949
2022-04-01,0.1381,0.143,0.1321,0.1414,877530017
2022-04-02,0.1414,0.1444,0.1381,0.1388,682408266
2022-04-03,0.1388,0.1496,0.1362,0.1465,1047399132
2022-04-04,0.1466,0.1567,0.1413,0.1484,2253509569
2022-04-05,0.1485,0.1801,0.1472,0.1728,5230288678
2022-04-06,0.1728,0.1747,0.1412,0.1434,3729047979
2022-04-07,0.1432,0.1483,0.1401,0.146,1420790611
2022-04-08,0.1459,0.1534,0.1405,0.1426,1683800631
2022-04-09,0.1424,0.1447,0.1406,0.1443,523997409
2022-04-10,0.1443,0.1577,0.1436,0.1482,1931829669
2022-04-11,0.1483,0.1515,0.1329,0.1342,1515679359
2022-04-12,0.1341,0.1445,0.1331,0.1381,1214105682
2022-04-13,0.1381,0.1434,0.1363,0.14,890728707
2022-04-14,0.1399,0.1477,0.1363,0.1441,1759067761
2022-04-15,0.1442,0.1497,0.1418,0.1459,1140382087
2022-04-16,0.1459,0.1481,0.1414,0.1436,584019179
2022-04-17,0.1436,0.145,0.1384,0.1393,636442285
2022-04-18,0.1393,0.1406,0.1331,0.1402,909718484
2022-04-19,0.1401,0.1446,0.1391,0.1426,679511647
2022-04-20,0.1426,0.1468,0.1391,0.1408,1068542289
2022-04-21,0.1407,0.143,0.1341,0.1364,740549793
2022-04-22,0.1364,0.1382,0.1346,0.1364,505251263
2022-04-23,0.1364,0.1368,0.1332,0.134,349740069
2022-04-24,0.134,0.1348,0.131,0.1319,436620221
2022-04-25,0.1319,0.1716,0.1226,0.1581,5177823685
2022-04-26,0.1581,0.1667,0.1356,0.1377,4529010503
2022-04-27,0.1377,0.146,0.1351,0.1401,1765370972
2022-04-28,0.14,0.1433,0.1353,0.1374,1105137506
2022-04-29,0.1375,0.145,0.1331,0.135,1555397213
2022-04-30,0.1349,0.1368,0.124,0.1274,916612071
2022-05-01,0.1275,0.1365,0.1262,0.1326,991710768
2022-05-02,0.1327,0.134,0.1275,0.1307,769062732
2022-05-03,0.1307,0.132,0.1263,0.1294,555706527
2022-05-04,0.1295,0.1363,0.1289,0.136,838050627
2022-05-05,0.1359,0.1377,0.1252,0.1282,1258066467
2022-05-06,0.1282,0.1299,0.1233,0.1277,839005988
2022-05-07,0.1278,0.1323,0.1245,0.1275,746383231
2022-05-08,0.1273,0.1282,0.1226,0.1241,728953161
2022-05-09,0.1241,0.1253,0.1001,0.1019,1353326367
2022-05-10,0.1019,0.1183,0.0992,0.1081,1723066438
2022-05-11,0.1081,0.1108,0.0694,0.085,2556008051
2022-05-12,0.0848,0.0896,0.065,0.0824,2631064083
2022-05-13,0.0824,0.0963,0.0818,0.088,1444350618
2022-05-14,0.088,0.0919,0.0834,0.0893,902479951
2022-05-15,0.0893,0.0932,0.0864,0.0931,651900826
2022-05-16,0.093,0.0931,0.0858,0.0879,606521740
2022-05-17,0.0878,0.0913,0.0867,0.0901,560800173
2022-05-18,0.0901,0.0909,0.083,0.0833,558257804
2022-05-19,0.0832,0.0875,0.0813,0.0866,613801947
2022-05-20,0.0865,0.088,0.0824,0.0838,518556378
2022-05-21,0.0837,0.0854,0.0822,0.0843,335246011
2022-05-22,0.0843,0.0866,0.0837,0.0858,375026021
2022-05-23,0.0858,0.0884,0.082,0.0833,507385171
2022-05-24,0.0832,0.0843,0.08,0.0836,462415724
2022-05-25,0.0836,0.0844,0.082,0.0829,419834752
2022-05-26,0.0829,0.0837,0.0751,0.0778,711890873
2022-05-27,0.0777,0.09,0.0759,0.0815,1310057650
2022-05-28,0.0814,0.0833,0.0808,0.0818,535539620
2022-05-29,0.0818,0.0833,0.0798,0.0826,394962471
2022-05-30,0.0826,0.0885,0.082,0.088,690696756
2022-05-31,0.088,0.0885,0.083,0.0858,672444588
2022-06-01,0.0859,0.0894,0.0787,0.081,830748610
2022-06-02,0.0809,0.08309,0.0799,0.08269,434510607
2022-06-03,0.08269,0.0829,0.0792,0.08023,403339248
2022-06-04,0.08022,0.08246,0.07925,0.08183,350329772
2022-06-05,0.08183,0.08217,0.08053,0.081,282624184
2022-06-06,0.08102,0.08468,0.08079,0.08243,503707292
2022-06-07,0.08242,0.0825,0.07764,0.0803,509642725
2022-06-08,0.08031,0.08157,0.0787,0.07924,328046389
2022-06-09,0.07922,0.08102,0.07882,0.07931,274673852
2022-06-10,0.07931,0.07969,0.07413,0.07532,431520761
2022-06-11,0.0753,0.07644,0.06783,0.06983,497184012
2022-06-12,0.06987,0.0703,0.06336,0.06339,708156957
2022-06-13,0.0634,0.06616,0.05221,0.05417,1465281537
2022-06-14,0.0541,0.05837,0.04973,0.05553,908921329
2022-06-15,0.0555,0.06388,0.05032,0.06282,1122284662
2022-06-16,0.06283,0.06283,0.05413,0.05514,724479688
2022-06-17,0.05518,0.05806,0.05454,0.05683,383830484
2022-06-18,0.05683,0.05783,0.04908,0.05282,652345943
2022-06-19,0.05283,0.0629,0.05108,0.0604,1166163984
2022-06-20,0.0604,0.06145,0.05736,0.05994,499018791
2022-06-21,0.05994,0.06988,0.05891,0.06572,1051899538
2022-06-22,0.06578,0.06579,0.061,0.06162,633619298
2022-06-23,0.06163,0.0647,0.0615,0.06396,434169751
2022-06-24,0.06395,0.06853,0.06388,0.0669,514729444
2022-06-25,0.06687,0.06932,0.06504,0.0685,432671864
2022-06-26,0.06849,0.07776,0.06712,0.07295,883689355
2022-06-27,0.07294,0.07876,0.07047,0.07206,962250061
2022-06-28,0.07208,0.07328,0.0653,0.06602,534793983
2022-06-29,0.06599,0.07168,0.06402,0.06939,592828738
2022-06-30,0.0695,0.06964,0.06221,0.0664,566648029
2022-07-01,0.0664,0.06876,0.06377,0.06641,472441458
2022-07-02,0.06641,0.06793,0.0654,0.06658,352589827
2022-07-03,0.06657,0.06745,0.06474,0.06711,280878240
2022-07-04,0.06711,0.06973,0.06559,0.0693,379581122
2022-07-05,0.06929,0.06995,0.0654,0.06709,403220687
2022-07-06,0.06708,0.0692,0.06609,0.06833,398926503
2022-07-07,0.06833,0.07119,0.06782,0.07051,402591742
2022-07-08,0.07052,0.07349,0.06819,0.06907,444369733
2022-07-09,0.06901,0.07014,0.06879,0.06944,254272147
2022-07-10,0.06945,0.06947,0.06619,0.06725,299810124
2022-07-11,0.06725,0.06725,0.06112,0.0617,326125900
2022-07-12,0.06172,0.06304,0.05966,0.05977,298462083
2022-07-13,0.05972,0.0623,0.05745,0.0619,446505400
2022-07-14,0.06191,0.06278,0.05944,0.06243,348090510
2022-07-15,0.06245,0.06439,0.06157,0.06293,374357844
2022-07-16,0.06291,0.06481,0.06171,0.06435,279644299
2022-07-17,0.06437,0.06549,0.06286,0.06306,249697026
2022-07-18,0.06306,0.06895,0.06297,0.06757,564795959
2022-07-19,0.06755,0.0703,0.06538,0.06902,552211168
2022-07-20,0.06903,0.07699,0.06767,0.07015,1019375521
2022-07-21,0.07014,0.07094,0.06692,0.06999,492434239
2022-07-22,0.06996,0.07144,0.06671,0.06745,479456105
2022-07-23,0.06744,0.06952,0.06596,0.06803,427922351
2022-07-24,0.06804,0.06895,0.06723,0.06754,369141492
2022-07-25,0.06754,0.06803,0.06176,0.06196,448572441
2022-07-26,0.06193,0.06271,0.06008,0.06255,416488015
2022-07-27,0.06255,0.06726,0.06178,0.06726,499204589
2022-07-28,0.06724,0.07088,0.06517,0.06909,650983024
2022-07-29,0.06911,0.07249,0.0669,0.06881,696887711
2022-07-30,0.06881,0.0746,0.06792,0.06966,760571682
2022-07-31,0.0697,0.07226,0.06782,0.06808,521194035
2022-08-01,0.0681,0.07132,0.06682,0.06845,444088167
2022-08-02,0.06849,0.06914,0.06548,0.06654,336642237
2022-08-03,0.06653,0.06845,0.06511,0.06626,286819387
2022-08-04,0.06625,0.06764,0.06573,0.06725,256457805
2022-08-05,0.06727,0.07031,0.06718,0.0698,336216727
2022-08-06,0.0698,0.07131,0.06841,0.06864,277979112
2022-08-07,0.06864,0.07003,0.06738,0.06896,204862521
2022-08-08,0.06896,0.07257,0.06884,0.07015,399183407
2022-08-09,0.07013,0.07427,0.06777,0.06906,611327142
2022-08-10,0.06905,0.07151,0.06659,0.07129,431172729
2022-08-11,0.07129,0.0755,0.07043,0.0709,563908591
2022-08-12,0.0709,0.07276,0.06972,0.07235,320410367
2022-08-13,0.07234,0.0752,0.07185,0.07295,446287445
2022-08-14,0.07298,0.08472,0.07264,0.08169,1530403447
2022-08-15,0.08173,0.0821,0.07472,0.07664,855017472
2022-08-16,0.07662,0.09,0.07617,0.08679,1947377918
2022-08-17,0.08676,0.08895,0.07937,0.08022,996272861
2022-08-18,0.08022,0.08228,0.07344,0.07474,621394159
2022-08-19,0.07472,0.07532,0.06704,0.06774,965543533
2022-08-20,0.06774,0.07121,0.06762,0.06936,537299425
2022-08-21,0.06932,0.07075,0.06737,0.06935,421455865
2022-08-22,0.0693,0.06944,0.06518,0.06839,453413439
2022-08-23,0.0684,0.06924,0.06686,0.06881,335476543
2022-08-24,0.06884,0.06965,0.06703,0.06791,345474347
2022-08-25,0.06791,0.07183,0.06763,0.06899,469798193
2022-08-26,0.06898,0.07022,0.06274,0.06354,620512451
2022-08-27,0.06351,0.06415,0.06221,0.06353,380887727
2022-08-28,0.06351,0.06433,0.0613,0.06178,295086067
2022-08-29,0.06178,0.0641,0.06086,0.06387,315005254
2022-08-30,0.06386,0.06449,0.06007,0.06157,328934727
2022-08-31,0.06156,0.06348,0.06072,0.06133,309748693
2022-09-01,0.06133,0.06262,0.05988,0.06238,328765413
2022-09-02,0.06238,0.06288,0.0607,0.06167,273453013
2022-09-03,0.06164,0.06403,0.06114,0.06273,297123402
2022-09-04,0.06273,0.06391,0.06187,0.06321,250044436
2022-09-05,0.06322,0.06374,0.06093,0.06275,231918999
2022-09-06,0.06273,0.06525,0.05803,0.0589,471485708
2022-09-07,0.05886,0.06155,0.05739,0.06098,324781387
2022-09-08,0.06099,0.06142,0.05964,0.06098,268099702
2022-09-09,0.061,0.06493,0.06089,0.06388,487988732
2022-09-10,0.06388,0.06557,0.06316,0.06472,413101249
2022-09-11,0.06475,0.06533,0.06263,0.06371,327741964
2022-09-12,0.06372,0.06544,0.06261,0.06397,383630739
2022-09-13,0.06395,0.06419,0.05923,0.05967,461644993
2022-09-14,0.05967,0.06156,0.05918,0.06118,369554274
2022-09-15,0.06117,0.06124,0.05851,0.05865,327176374
2022-09-16,0.05866,0.06055,0.05814,0.06049,247011315
2022-09-17,0.06048,0.06241,0.06024,0.06221,209604119
2022-09-18,0.06222,0.06224,0.05635,0.05743,265405124
2022-09-19,0.05745,0.05885,0.05589,0.05856,301268389
2022-09-20,0.05855,0.06063,0.05759,0.05843,294929293
2022-09-21,0.05841,0.06094,0.05607,0.05718,406017754
2022-09-22,0.05717,0.06011,0.05684,0.0596,241738855
2022-09-23,0.05958,0.06432,0.05911,0.06335,704823247
2022-09-24,0.06332,0.06832,0.06246,0.06308,969527521
2022-09-25,0.06308,0.06389,0.06006,0.06119,367453955
2022-09-26,0.06117,0.06187,0.05978,0.06114,323710024
2022-09-27,0.06114,0.06307,0.05975,0.0605,337427597
2022-09-28,0.0605,0.06112,0.05849,0.06049,277399298
2022-09-29,0.06049,0.06108,0.05927,0.06087,229157795
2022-09-30,0.06087,0.06225,0.05959,0.06168,369084722
2022-10-01,0.06167,0.06314,0.06026,0.06057,347895211
2022-10-02,0.06056,0.06096,0.0588,0.05926,198168354
2022-10-03,0.05928,0.06058,0.0588,0.06032,195766522
2022-10-04,0.06032,0.0665,0.05993,0.06586,826424315
2022-10-05,0.06586,0.06688,0.06264,0.06478,606625264
2022-10-06,0.0648,0.06688,0.06284,0.06345,387962671
2022-10-07,0.06344,0.06384,0.06134,0.06238,299717356
2022-10-08,0.06238,0.06267,0.06121,0.06165,169254316
2022-10-09,0.06164,0.0624,0.06117,0.06211,158280272
2022-10-10,0.0621,0.06252,0.0592,0.0594,254559947
2022-10-11,0.05939,0.06087,0.05752,0.06024,295967661
2022-10-12,0.06024,0.06099,0.05927,0.0598,199133108
2022-10-13,0.0598,0.0604,0.05501,0.05967,466439562
2022-10-14,0.05963,0.06103,0.05806,0.05866,242691429
2022-10-15,0.05864,0.0598,0.05797,0.0586,182208164
2022-10-16,0.0586,0.05946,0.05846,0.05891,162246280
2022-10-17,0.05887,0.06019,0.05855,0.06,174261450
2022-10-18,0.05997,0.06112,0.05853,0.05975,239236218
2022-10-19,0.05975,0.06079,0.05821,0.05869,287297160
2022-10-20,0.05869,0.06038,0.05824,0.05945,241388629
2022-10-21,0.05944,0.05951,0.05714,0.05933,224787600
2022-10-22,0.05933,0.05991,0.05911,0.05971,159431212
2022-10-23,0.0597,0.06048,0.05867,0.06038,182523575
2022-10-24,0.06039,0.06092,0.05867,0.05946,226574582
2022-10-25,0.05946,0.065,0.05915,0.06305,475512798
2022-10-26,0.06306,0.07368,0.06261,0.07276,1357027720
2022-10-27,0.07268,0.08557,0.07174,0.07688,2652784687
2022-10-28,0.07689,0.08857,0.0725,0.08387,3172500998
2022-10-29,0.0839,0.15162,0.08268,0.12185,12157642295
2022-10-30,0.12172,0.1437,0.11112,0.11779,7908593943
2022-10-31,0.11781,0.1316,0.11388,0.12685,5814247122
2022-11-01,0.12688,0.1588,0.12442,0.14219,7877293443
2022-11-02,0.14221,0.148,0.12177,0.1276,4675647398
2022-11-03,0.12764,0.13698,0.11953,0.12261,2570574344
2022-11-04,0.12256,0.12916,0.11545,0.12616,2957002544
2022-11-05,0.12613,0.1359,0.12034,0.12448,1907421740
2022-11-06,0.1245,0.12771,0.11194,0.11479,1316810628
2022-11-07,0.11479,0.11907,0.107,0.11128,1337977256
2022-11-08,0.11128,0.113,0.07748,0.08835,3545838435
2022-11-09,0.08827,0.09257,0.07035,0.07446,2807794508
2022-11-10,0.07445,0.094,0.07292,0.08959,2421832556
2022-11-11,0.08955,0.093,0.07981,0.08488,1305192050
2022-11-12,0.08491,0.09488,0.07828,0.08806,1842469589
2022-11-13,0.08803,0.09139,0.08261,0.08483,949584216
2022-11-14,0.08484,0.09123,0.0791,0.0858,1212678659
2022-11-15,0.0858,0.08949,0.08469,0.08695,640084422
2022-11-16,0.08696,0.09103,0.08329,0.08543,712826081
2022-11-17,0.0854,0.08723,0.0824,0.08457,461654197
2022-11-18,0.08457,0.0867,0.08349,0.08465,337485766
2022-11-19,0.08459,0.0849,0.08295,0.0844,246661551
2022-11-20,0.08442,0.08574,0.07623,0.07692,499031478
2022-11-21,0.07694,0.0773,0.07117,0.07458,660061266
2022-11-22,0.07459,0.07954,0.07298,0.07866,556392479
2022-11-23,0.07864,0.08343,0.07768,0.08187,529744394
2022-11-24,0.08187,0.08414,0.0804,0.08138,360326829
2022-11-25,0.08138,0.09179,0.08046,0.08947,1022484210
2022-11-26,0.08944,0.09548,0.08707,0.08887,902063657
2022-11-27,0.08885,0.10784,0.08877,0.09861,1965264746
2022-11-28,0.0986,0.09963,0.09053,0.09506,1375600313
2022-11-29,0.09505,0.10578,0.09357,0.10142,1352427444
2022-11-30,0.10143,0.11,0.09937,0.10676,1388624554
2022-12-01,0.10672,0.10777,0.10019,0.10163,891639200
2022-12-02,0.10159,0.10361,0.09639,0.10213,776013992
2022-12-03,0.10211,0.10312,0.09809,0.09969,632114946
2022-12-04,0.09973,0.10574,0.09954,0.1041,759219556
2022-12-05,0.10408,0.11172,0.09926,0.10149,1051327257
2022-12-06,0.1015,0.10278,0.098,0.1002,534648134
2022-12-07,0.1002,0.10122,0.093,0.09575,622336382
2022-12-08,0.09575,0.09919,0.09468,0.0985,492909327
2022-12-09,0.09849,0.09944,0.09562,0.0967,423432535
2022-12-10,0.0967,0.09741,0.09603,0.09629,242190274
2022-12-11,0.09628,0.09716,0.09155,0.09264,300470314
2022-12-12,0.09264,0.09299,0.08471,0.09029,749817261
2022-12-13,0.0903,0.09573,0.08701,0.09103,766352149
2022-12-14,0.09101,0.09248,0.08696,0.08825,549320298
2022-12-15,0.08829,0.08884,0.08405,0.08486,412364377
2022-12-16,0.08483,0.08683,0.07395,0.07579,699338853
2022-12-17,0.07575,0.07951,0.07555,0.07923,495547979
2022-12-18,0.0792,0.08007,0.07758,0.07845,256971055
2022-12-19,0.07851,0.07952,0.06984,0.07136,581773249
2022-12-20,0.07135,0.07566,0.07107,0.07488,438099132
2022-12-21,0.0749,0.07504,0.07135,0.07371,349830700
2022-12-22,0.07368,0.0778,0.07326,0.07685,593083646
2022-12-23,0.07684,0.07904,0.07618,0.0772,398842519
2022-12-24,0.07718,0.07816,0.07663,0.07749,165055617
2022-12-25,0.07749,0.07766,0.07314,0.07599,423876257
2022-12-26,0.07596,0.07661,0.07426,0.07566,248935710
2022-12-27,0.07568,0.07613,0.07255,0.07365,290428818
2022-12-28,0.07369,0.07386,0.06925,0.07036,496350491
2022-12-29,0.07038,0.07161,0.06922,0.07088,285144119
2022-12-30,0.07088,0.07141,0.06576,0.06837,419889739
2022-12-31,0.06837,0.07131,0.0679,0.07019,289371049
2023-01-01,0.0702,0.0708,0.06899,0.0702,185279750
2023-01-02,0.07018,0.07371,0.06902,0.07135,405800240
2023-01-03,0.07135,0.07228,0.06941,0.07047,283398864
2023-01-04,0.07047,0.07356,0.07016,0.07307,343264145
2023-01-05,0.07306,0.07528,0.07033,0.0715,424927580
2023-01-06,0.07149,0.07276,0.06947,0.07241,306914647
2023-01-07,0.07242,0.07302,0.07165,0.07218,173703551
2023-01-08,0.07222,0.07397,0.0712,0.07358,246133445
2023-01-09,0.07359,0.07961,0.07292,0.07563,853703837
2023-01-10,0.07564,0.0779,0.07377,0.07783,492952309
2023-01-11,0.07782,0.07857,0.0747,0.07817,394318759
2023-01-12,0.07821,0.08126,0.07515,0.08026,706796194
2023-01-13,0.08023,0.08523,0.07856,0.08453,575039277
2023-01-14,0.08451,0.0927,0.0824,0.08729,1101070507
2023-01-15,0.08729,0.08796,0.0828,0.08609,501123418
2023-01-16,0.08609,0.08829,0.08148,0.08369,537067710
2023-01-17,0.08366,0.08505,0.08194,0.08283,366437449
2023-01-18,0.08282,0.08974,0.07712,0.07996,1094371447
2023-01-19,0.07999,0.08217,0.07974,0.0816,337970684
2023-01-20,0.08159,0.08703,0.0806,0.08619,444441989
2023-01-21,0.08618,0.08911,0.08425,0.08467,716057148
2023-01-22,0.08467,0.09339,0.08436,0.08823,794717541
2023-01-23,0.08823,0.09152,0.08621,0.08853,661273714
2023-01-24,0.08854,0.09083,0.0822,0.08388,559881331
2023-01-25,0.08389,0.0882,0.08167,0.08655,542521010
2023-01-26,0.08657,0.08774,0.0846,0.08636,424196515
2023-01-27,0.08635,0.08803,0.08358,0.08728,400056534
2023-01-28,0.08726,0.09372,0.08685,0.08777,642333816
2023-01-29,0.08777,0.091,0.08731,0.09008,458157342
2023-01-30,0.09009,0.09339,0.08467,0.08833,787132771
2023-01-31,0.08832,0.09781,0.08823,0.09611,1542889216
2023-02-01,0.09612,0.09718,0.08822,0.09404,1110308356
2023-02-02,0.09404,0.09601,0.09006,0.09104,776556390
2023-02-03,0.09104,0.09336,0.09032,0.09293,548668917
2023-02-04,0.09293,0.09981,0.09251,0.09565,1071858301
2023-02-05,0.09565,0.097,0.09045,0.09206,753364305
2023-02-06,0.09204,0.09329,0.08845,0.0896,488311044
2023-02-07,0.0896,0.09277,0.08945,0.09255,512569389
2023-02-08,0.09256,0.09339,0.08851,0.09018,462925887
2023-02-09,0.09018,0.09093,0.07889,0.08144,819008026
2023-02-10,0.08147,0.08304,0.07944,0.0809,516764147
2023-02-11,0.0809,0.08259,0.08066,0.08227,244141279
2023-02-12,0.08229,0.08582,0.08119,0.08218,448723137
2023-02-13,0.08217,0.08645,0.07951,0.08216,752090969
2023-02-14,0.08217,0.08373,0.08019,0.08361,427664094
2023-02-15,0.0836,0.0896,0.08267,0.08927,846713153
2023-02-16,0.08928,0.09196,0.08471,0.0849,849757697
2023-02-17,0.08488,0.08852,0.08431,0.08775,447263733
2023-02-18,0.08774,0.09047,0.08676,0.08886,397918582
2023-02-19,0.08887,0.09003,0.08566,0.08704,505191212
2023-02-20,0.08698,0.08874,0.08516,0.0883,449906814
2023-02-21,0.0883,0.08887,0.08427,0.08545,483249308
2023-02-22,0.08547,0.08908,0.08287,0.08549,765182582
2023-02-23,0.08556,0.08642,0.08351,0.08422,351385340
2023-02-24,0.08421,0.085,0.07926,0.08092,449138535
2023-02-25,0.08095,0.08219,0.07849,0.08076,316321963
2023-02-26,0.08076,0.08265,0.08038,0.08218,218231642
2023-02-27,0.08217,0.08228,0.07992,0.08135,267030813
2023-02-28,0.08137,0.08308,0.07989,0.08086,370709700
2023-03-01,0.08086,0.08286,0.08026,0.08192,260501052
2023-03-02,0.0819,0.08226,0.07959,0.08054,225493749
2023-03-03,0.08053,0.0806,0.07242,0.07685,564252293
2023-03-04,0.07686,0.07729,0.07257,0.07463,267382234
2023-03-05,0.07463,0.07607,0.07427,0.07477,215772335
2023-03-06,0.07475,0.07514,0.07317,0.0748,274994083
2023-03-07,0.07477,0.07598,0.0723,0.07407,309277502
2023-03-08,0.07405,0.0743,0.07,0.07113,321627782
2023-03-09,0.07109,0.07226,0.06403,0.06603,523758954
2023-03-10,0.06604,0.06622,0.06253,0.06598,475760293
2023-03-11,0.06594,0.06914,0.06364,0.06659,449044632
2023-03-12,0.06656,0.07151,0.0659,0.07101,375272678
2023-03-13,0.071,0.07397,0.06827,0.07316,537268873
2023-03-14,0.07316,0.07794,0.07153,0.0748,652033915
2023-03-15,0.0748,0.07632,0.06756,0.06994,528466415
2023-03-16,0.06993,0.07423,0.06897,0.07269,326147102
2023-03-17,0.0727,0.07742,0.07162,0.07658,485591017
2023-03-18,0.07657,0.07906,0.07257,0.07312,517840653
2023-03-19,0.0732,0.07675,0.07318,0.07473,338882489
2023-03-20,0.07477,0.07578,0.07051,0.07163,409238948
2023-03-21,0.07159,0.07812,0.0706,0.07683,631254174
2023-03-22,0.07682,0.07825,0.07165,0.07407,693511781
2023-03-23,0.07407,0.07938,0.07313,0.07748,637122733
2023-03-24,0.07749,0.07763,0.07291,0.07458,396748009
2023-03-25,0.07453,0.07606,0.07256,0.07412,286831067
2023-03-26,0.07413,0.07551,0.07341,0.07442,228916506
2023-03-27,0.07445,0.07622,0.07127,0.0729,435284210
2023-03-28,0.07292,0.07403,0.07168,0.07385,276514415
2023-03-29,0.07388,0.07685,0.0735,0.07558,423884022
2023-03-30,0.07557,0.07685,0.07334,0.07422,372289117
2023-03-31,0.07422,0.07791,0.07345,0.07698,378314248
2023-04-01,0.07696,0.08338,0.07593,0.08186,933070185
2023-04-02,0.08189,0.08562,0.07733,0.07907,929778146
2023-04-03,0.07906,0.1048,0.07606,0.09608,3497240136
2023-04-04,0.09608,0.1035,0.09215,0.09516,3096545498
2023-04-05,0.0951,0.09917,0.09058,0.09271,1529520651
2023-04-06,0.09273,0.0928,0.08422,0.08546,1410995902
2023-04-07,0.08545,0.08628,0.08127,0.08226,858234171
2023-04-08,0.08229,0.08393,0.08021,0.08141,507929909
2023-04-09,0.08141,0.08391,0.08111,0.08323,454428407
2023-04-10,0.08324,0.08548,0.08226,0.08483,473882914
2023-04-11,0.0848,0.08589,0.08369,0.08418,472611203
2023-04-12,0.0842,0.08478,0.08066,0.08352,540510658
2023-04-13,0.08353,0.08893,0.0829,0.08739,810485328
2023-04-14,0.08739,0.09149,0.08534,0.08874,1007326042
2023-04-15,0.08872,0.09063,0.08722,0.08897,463978095
2023-04-16,0.08894,0.09188,0.08775,0.09048,594760862
2023-04-17,0.09046,0.09491,0.08815,0.09143,1360494890
2023-04-18,0.09143,0.095,0.08981,0.09413,839983343
2023-04-19,0.09413,0.09413,0.08517,0.08792,1277738666
2023-04-20,0.08793,0.09348,0.08248,0.08391,1950918834
2023-04-21,0.08391,0.0847,0.07652,0.07844,853137910
2023-04-22,0.0784,0.08105,0.07817,0.08031,396888464
2023-04-23,0.08031,0.08085,0.0766,0.07883,365182428
2023-04-24,0.07881,0.08011,0.07716,0.07878,392854009
2023-04-25,0.07875,0.07997,0.07755,0.07977,343833135
2023-04-26,0.07978,0.08361,0.075,0.07854,722718207
2023-04-27,0.07857,0.08103,0.07839,0.08016,435944109
2023-04-28,0.08016,0.08074,0.07903,0.08038,258987983
2023-04-29,0.08038,0.08198,0.08024,0.08159,268639541
2023-04-30,0.08162,0.08178,0.0793,0.07951,264245527
2023-05-01,0.07951,0.08008,0.07736,0.07884,325694977
2023-05-02,0.07883,0.07914,0.07754,0.07881,234651604
2023-05-03,0.07881,0.08069,0.0771,0.07963,306950726
2023-05-04,0.07963,0.07976,0.07797,0.07842,255462655
2023-05-05,0.07842,0.08154,0.07707,0.08031,335482524
2023-05-06,0.0803,0.08057,0.07595,0.07689,341154511
2023-05-07,0.07691,0.07759,0.07628,0.07665,205466114
2023-05-08,0.07661,0.0772,0.07,0.07248,459549555
2023-05-09,0.07249,0.07341,0.07218,0.07319,249148363
2023-05-10,0.07317,0.07479,0.07042,0.07317,344464160
2023-05-11,0.07317,0.07323,0.06915,0.07198,325440313
2023-05-12,0.07205,0.07276,0.06939,0.07238,365130285
2023-05-13,0.07238,0.07244,0.07134,0.0717,150685494
2023-05-14,0.0717,0.07269,0.07115,0.07197,136339325
2023-05-15,0.07197,0.0737,0.07091,0.07193,225262487
2023-05-16,0.07195,0.07324,0.0709,0.07276,191614182
2023-05-17,0.07275,0.07546,0.0723,0.07484,327166551
2023-05-18,0.07485,0.07491,0.07163,0.07341,308943184
2023-05-19,0.07343,0.07407,0.07299,0.0735,168839396
2023-05-20,0.07352,0.0739,0.07308,0.07364,115557983
2023-05-21,0.07363,0.07401,0.07196,0.07214,142232849
2023-05-22,0.07214,0.07402,0.07075,0.0729,210015266
2023-05-23,0.07292,0.07394,0.07244,0.07291,160114643
2023-05-24,0.07287,0.07289,0.06929,0.07062,240278483
2023-05-25,0.07064,0.07113,0.0686,0.07088,195452304
2023-05-26,0.07089,0.07138,0.07036,0.07102,162190615
2023-05-27,0.07102,0.07346,0.07078,0.07258,152865632
2023-05-28,0.07257,0.07398,0.07187,0.07353,190660985
2023-05-29,0.07354,0.07404,0.07263,0.07316,157791026
2023-05-30,0.07316,0.07347,0.0719,0.07233,248138018
2023-05-31,0.07233,0.0727,0.07054,0.07169,189603858
2023-06-01,0.07168,0.07219,0.07072,0.07145,163467169
2023-06-02,0.07145,0.07332,0.07092,0.07258,172034498
2023-06-03,0.07259,0.07301,0.0722,0.07274,112049190
2023-06-04,0.07274,0.07333,0.07233,0.07248,135558595
2023-06-05,0.07248,0.0727,0.06352,0.06649,506101788
2023-06-06,0.06645,0.07199,0.06588,0.07028,428926152
2023-06-07,0.07027,0.07034,0.0667,0.06731,278793457
2023-06-08,0.0673,0.06851,0.06701,0.06795,167825308
2023-06-09,0.06795,0.07117,0.06733,0.06951,274101529
2023-06-10,0.0695,0.07138,0.056,0.06179,975736541
2023-06-11,0.06183,0.06293,0.06094,0.06154,235910036
2023-06-12,0.06155,0.06171,0.05985,0.06144,210832319
2023-06-13,0.06142,0.06279,0.0605,0.06174,204620564
2023-06-14,0.06172,0.06218,0.05821,0.0604,248200812
2023-06-15,0.0604,0.06192,0.05961,0.06148,218623835
2023-06-16,0.06149,0.06274,0.06067,0.06213,198520116
2023-06-17,0.06213,0.06293,0.06167,0.06217,153965122
2023-06-18,0.06217,0.06396,0.06105,0.0621,243548821
2023-06-19,0.06209,0.06281,0.06147,0.06242,149792820
2023-06-20,0.06243,0.06316,0.0607,0.06315,190107977
2023-06-21,0.06314,0.06679,0.06284,0.0656,370299722
2023-06-22,0.06561,0.06939,0.06504,0.06556,406178282
2023-06-23,0.06556,0.07015,0.06524,0.06827,319058221
2023-06-24,0.06828,0.06845,0.06518,0.06673,276939973
2023-06-25,0.06674,0.06805,0.06639,0.06675,191028870
2023-06-26,0.06676,0.06686,0.06326,0.06479,266917426
2023-06-27,0.06477,0.0658,0.06435,0.06559,212409649
2023-06-28,0.06559,0.06596,0.06006,0.06255,274764095
2023-06-29,0.06256,0.06408,0.0624,0.0634,192396033
2023-06-30,0.06341,0.06694,0.06094,0.06643,489091093
2023-07-01,0.06643,0.07138,0.06637,0.06851,635045706
2023-07-02,0.06851,0.06923,0.06594,0.068,374040291
2023-07-03,0.068,0.06881,0.06726,0.06846,265466622
2023-07-04,0.06844,0.07189,0.06765,0.06895,493149432
2023-07-05,0.06894,0.06932,0.06559,0.067,313972996
2023-07-06,0.06698,0.06856,0.06467,0.06487,281014235
2023-07-07,0.06485,0.06588,0.06408,0.06543,202607383
2023-07-08,0.06541,0.06609,0.06474,0.06574,148945060
2023-07-09,0.06577,0.06639,0.06515,0.06538,146485995
2023-07-10,0.06539,0.06621,0.06333,0.06526,258321415
2023-07-11,0.06527,0.06549,0.06441,0.06529,151465120
2023-07-12,0.0653,0.06573,0.06365,0.06505,164499091
2023-07-13,0.06505,0.07171,0.06456,0.07044,625261655
2023-07-14,0.07044,0.07313,0.06621,0.06851,632033705
2023-07-15,0.0685,0.07517,0.06772,0.07195,883881437
2023-07-16,0.07196,0.07226,0.06893,0.06956,389882289
2023-07-17,0.06955,0.07329,0.06779,0.06987,464403123
2023-07-18,0.06984,0.07033,0.06704,0.06868,284882933
2023-07-19,0.06867,0.07236,0.0683,0.07003,418313611
2023-07-20,0.07003,0.07388,0.06929,0.0706,574227832
2023-07-21,0.07059,0.07684,0.07029,0.07325,762216251
2023-07-22,0.07322,0.07333,0.06967,0.07051,353000261
2023-07-23,0.07051,0.07295,0.07001,0.07181,287153173
2023-07-24,0.07181,0.07793,0.07017,0.07419,1446707666
2023-07-25,0.07419,0.08384,0.0736,0.08185,1525713202
2023-07-26,0.08183,0.08226,0.07648,0.07798,846709085
2023-07-27,0.07797,0.07998,0.07663,0.07754,515430911
2023-07-28,0.07753,0.0779,0.07601,0.07715,370256171
2023-07-29,0.07717,0.08242,0.07682,0.08026,466582431
2023-07-30,0.08024,0.08057,0.07636,0.07808,436209339
2023-07-31,0.07805,0.07979,0.07674,0.07785,346973531
2023-08-01,0.07786,0.07827,0.0753,0.0781,369078156
2023-08-02,0.0781,0.0783,0.07374,0.0742,364508311
2023-08-03,0.07416,0.07498,0.07242,0.07354,374949368
2023-08-04,0.07355,0.07488,0.0724,0.07336,307538917
2023-08-05,0.07343,0.077,0.07281,0.07565,443213361
2023-08-06,0.07565,0.07642,0.07398,0.07416,311182997
2023-08-07,0.07415,0.07557,0.07157,0.07347,346276669
2023-08-08,0.07346,0.07546,0.07312,0.07494,305594303
2023-08-09,0.07494,0.0762,0.07411,0.07536,347481441
2023-08-10,0.07535,0.07688,0.07506,0.0758,341419517
2023-08-11,0.07578,0.07605,0.07475,0.07569,222363416
2023-08-12,0.07569,0.07735,0.07554,0.07667,301476614
2023-08-13,0.07666,0.07682,0.07419,0.07469,271947904
2023-08-14,0.07469,0.07702,0.07358,0.07463,347333620
2023-08-15,0.07463,0.07488,0.06818,0.07083,400240141
2023-08-16,0.07082,0.07118,0.06605,0.06711,409310897
2023-08-17,0.06711,0.06833,0.05821,0.06105,684430325
2023-08-18,0.06104,0.06384,0.0599,0.06323,488755203
2023-08-19,0.06323,0.06449,0.06309,0.0638,246572116
2023-08-20,0.06381,0.0647,0.06337,0.06383,208195392
2023-08-21,0.06384,0.06411,0.06038,0.06252,277361290
2023-08-22,0.06252,0.06328,0.06028,0.06254,271392247
2023-08-23,0.06254,0.06527,0.06243,0.06378,293273521
2023-08-24,0.06377,0.06404,0.06186,0.06305,210634657
2023-08-25,0.06306,0.06313,0.06167,0.06309,202977283
2023-08-26,0.06308,0.06335,0.06258,0.06285,127881732
2023-08-27,0.06283,0.06376,0.06265,0.06315,141407750
2023-08-28,0.06314,0.06362,0.06184,0.06341,169636026
2023-08-29,0.06342,0.0686,0.06239,0.06637,445903123
2023-08-30,0.06642,0.06645,0.06436,0.06588,260654192
2023-08-31,0.06587,0.067,0.0628,0.06378,336593454
2023-09-01,0.06373,0.06421,0.06229,0.06385,238777563
2023-09-02,0.06383,0.06495,0.06262,0.06348,208019339
2023-09-03,0.06348,0.06377,0.06275,0.06317,163140788
2023-09-04,0.06317,0.06385,0.06207,0.06324,181249918
2023-09-05,0.06324,0.06435,0.06283,0.06399,209934446
2023-09-06,0.064,0.06457,0.06243,0.06358,208287267
2023-09-07,0.06358,0.06381,0.06273,0.06363,164667102
2023-09-08,0.06363,0.064,0.06237,0.06368,162864062
2023-09-09,0.06368,0.0639,0.06318,0.06337,108500870
2023-09-10,0.06337,0.0634,0.0594,0.06128,240746565
2023-09-11,0.06127,0.06198,0.0592,0.06046,259096660
2023-09-12,0.06046,0.06239,0.06041,0.06088,231017444
2023-09-13,0.06088,0.06182,0.06049,0.06125,191695350
2023-09-14,0.06125,0.0626,0.06109,0.06211,189093769
2023-09-15,0.06211,0.06294,0.06138,0.06256,155088363
2023-09-16,0.06255,0.06297,0.06179,0.06215,144247521
2023-09-17,0.06214,0.06255,0.06098,0.06148,156292597
2023-09-18,0.06148,0.06282,0.06098,0.062,207651893
2023-09-19,0.062,0.06325,0.0619,0.06269,198507548
2023-09-20,0.06269,0.06304,0.0615,0.06263,187443142
2023-09-21,0.0626,0.06346,0.06102,0.06129,518556615
2023-09-22,0.06129,0.06188,0.06059,0.06152,144488200
2023-09-23,0.06152,0.06199,0.06128,0.06152,117222607
2023-09-24,0.06151,0.06175,0.06031,0.0607,115250326
2023-09-25,0.0607,0.0612,0.06013,0.06094,117409471
2023-09-26,0.06095,0.06114,0.0593,0.06056,141794234
2023-09-27,0.06056,0.06136,0.06012,0.06048,153818653
2023-09-28,0.06047,0.06166,0.06033,0.0615,137019315
2023-09-29,0.06149,0.06248,0.06131,0.06216,141947701
2023-09-30,0.06215,0.06272,0.06173,0.06207,124411353
2023-10-01,0.06208,0.06356,0.06172,0.06317,162108911
2023-10-02,0.06318,0.06418,0.061,0.06203,275648168
2023-10-03,0.062,0.06229,0.06108,0.06137,156615776
2023-10-04,0.06137,0.06159,0.06002,0.06147,141610437
2023-10-05,0.06146,0.06165,0.06061,0.06085,114148166
2023-10-06,0.06086,0.0616,0.06071,0.0614,109783884
2023-10-07,0.06141,0.06169,0.06106,0.06146,97620505
2023-10-08,0.06146,0.06165,0.06074,0.06098,92483679
2023-10-09,0.06096,0.06104,0.0569,0.05877,241183528
2023-10-10,0.05876,0.05926,0.05847,0.05913,123311323
2023-10-11,0.05914,0.05949,0.05765,0.05851,146066511
2023-10-12,0.0585,0.05854,0.05725,0.05788,116644185
2023-10-13,0.05787,0.05887,0.05775,0.05839,139290300
2023-10-14,0.05839,0.05998,0.05834,0.05984,112567930
2023-10-15,0.05984,0.05985,0.05899,0.05931,105304368
2023-10-16,0.0593,0.06174,0.05911,0.06002,255254744
2023-10-17,0.06003,0.0602,0.05813,0.05904,154163593
2023-10-18,0.05904,0.05937,0.05826,0.05861,113718362
2023-10-19,0.05861,0.05894,0.05744,0.05888,119806282
2023-10-20,0.05887,0.06052,0.05867,0.05993,154146216
2023-10-21,0.05993,0.06147,0.05945,0.06121,149488431
2023-10-22,0.0612,0.06174,0.05982,0.06171,152154020
2023-10-23,0.06171,0.06793,0.06131,0.06744,618990461
2023-10-24,0.06746,0.07007,0.06413,0.06657,676497484
2023-10-25,0.06659,0.0698,0.06463,0.06835,536305756
2023-10-26,0.06833,0.07516,0.06783,0.07186,1010931815
2023-10-27,0.07186,0.07242,0.06724,0.06778,468362462
2023-10-28,0.06778,0.06982,0.06752,0.06904,246982558
2023-10-29,0.06902,0.07019,0.06724,0.06937,203013207
2023-10-30,0.06937,0.07041,0.06779,0.06962,292736698
2023-10-31,0.06962,0.07087,0.06568,0.06828,474946795
2023-11-01,0.06827,0.0698,0.0657,0.06896,461539028
2023-11-02,0.06895,0.0709,0.06663,0.06791,501730943
2023-11-03,0.0679,0.06829,0.06629,0.06806,282752934
2023-11-04,0.06807,0.06931,0.06794,0.06911,203958701
2023-11-05,0.06911,0.07178,0.06888,0.07111,447538899
2023-11-06,0.07112,0.0767,0.07031,0.07641,707371164
2023-11-07,0.07637,0.07652,0.07153,0.07345,789220960
2023-11-08,0.07342,0.07712,0.07281,0.07536,531673694
2023-11-09,0.07538,0.07795,0.06928,0.07356,964429145
2023-11-10,0.07357,0.07566,0.07244,0.07544,649733691
2023-11-11,0.07543,0.082,0.07453,0.07852,1345253621
2023-11-12,0.07852,0.08038,0.07512,0.07795,727221576
2023-11-13,0.07796,0.07964,0.07348,0.07456,829471613
2023-11-14,0.0745,0.07555,0.069,0.07245,708265059
2023-11-15,0.07242,0.07657,0.07228,0.07626,503454120
2023-11-16,0.07628,0.08342,0.07597,0.07929,1563730284
2023-11-17,0.07928,0.08791,0.0791,0.08678,2031597493
2023-11-18,0.08678,0.08695,0.07924,0.08032,1340580447
2023-11-19,0.08032,0.08072,0.07745,0.08052,620299419
2023-11-20,0.08052,0.08225,0.077,0.07773,668234221
2023-11-21,0.07773,0.07879,0.07076,0.07178,860811107
2023-11-22,0.07178,0.07663,0.07156,0.07577,440962821
2023-11-23,0.07577,0.0764,0.07495,0.07623,279606815
2023-11-24,0.07624,0.07874,0.07606,0.07823,401116993
2023-11-25,0.07825,0.07922,0.07757,0.07898,291859035
2023-11-26,0.07902,0.07903,0.0756,0.07872,343339848
2023-11-27,0.07869,0.08151,0.0768,0.07884,743996999
2023-11-28,0.07881,0.08123,0.07673,0.08086,618900678
2023-11-29,0.08086,0.08317,0.07964,0.08048,596560786
2023-11-30,0.08046,0.08441,0.0804,0.08343,645565938
2023-12-01,0.08341,0.0851,0.08226,0.08388,519429439
2023-12-02,0.08386,0.08666,0.08327,0.08623,462433973
2023-12-03,0.08622,0.08744,0.08364,0.08576,550096321
2023-12-04,0.08575,0.09256,0.08533,0.09189,1364950607
2023-12-05,0.09189,0.09579,0.08748,0.09436,1094480332
2023-12-06,0.09441,0.10645,0.09342,0.09489,2606846041
2023-12-07,0.09489,0.09831,0.09293,0.09594,1229053762
2023-12-08,0.09597,0.10428,0.09559,0.1017,1017561991
2023-12-09,0.10171,0.10493,0.09751,0.09851,1122491938
2023-12-10,0.09853,0.10277,0.09666,0.10185,687190079
2023-12-11,0.10185,0.10731,0.09093,0.09414,1973481451
2023-12-12,0.09411,0.09804,0.0911,0.09378,948285886
2023-12-13,0.09378,0.0976,0.08978,0.09643,812811810
2023-12-14,0.09643,0.09876,0.09336,0.09834,742258598
2023-12-15,0.09834,0.09883,0.09239,0.093,614056351
2023-12-16,0.093,0.09721,0.09155,0.09717,498585277
2023-12-17,0.09716,0.09777,0.09232,0.09287,482463968
2023-12-18,0.0929,0.0937,0.0864,0.09214,685264950
2023-12-19,0.09213,0.09352,0.08917,0.09019,482452805
2023-12-20,0.09021,0.09335,0.08941,0.0915,596172199
2023-12-21,0.0915,0.09791,0.09061,0.095,808685569
2023-12-22,0.095,0.09564,0.09188,0.09504,622353150
2023-12-23,0.09505,0.09505,0.0921,0.09348,357245326
2023-12-24,0.09347,0.09492,0.0905,0.09179,566323407
2023-12-25,0.09176,0.0954,0.09127,0.09439,435910884
2023-12-26,0.09436,0.09449,0.08696,0.09138,567640365
2023-12-27,0.09138,0.0939,0.08958,0.09371,423259088
2023-12-28,0.09372,0.09499,0.09107,0.09176,464569016
2023-12-29,0.09176,0.09303,0.08861,0.09101,407349878
2023-12-30,0.09101,0.09142,0.08924,0.08993,252403426
2023-12-31,0.08997,0.09086,0.08803,0.08952,259196255
2024-01-01,0.0895,0.09211,0.0885,0.09202,298687049
2024-01-02,0.09202,0.09443,0.09041,0.0911,496309010
2024-01-03,0.09111,0.09214,0.07683,0.08203,1026941029
2024-01-04,0.08206,0.08479,0.08108,0.08408,514230239
2024-01-05,0.08411,0.08492,0.08018,0.08272,547983037
2024-01-06,0.08272,0.08274,0.07844,0.08063,414677901
2024-01-07,0.08064,0.0815,0.07705,0.07829,399266341
2024-01-08,0.07828,0.08184,0.07429,0.08137,603250657
2024-01-09,0.08137,0.08397,0.07657,0.07922,957047300
2024-01-10,0.07922,0.0851,0.07623,0.08308,703451086
2024-01-11,0.08309,0.088,0.08205,0.0846,778110109
2024-01-12,0.08458,0.08544,0.07766,0.08007,607108203
2024-01-13,0.08007,0.08134,0.07858,0.08093,297741301
2024-01-14,0.0809,0.08388,0.07963,0.07997,461353847
2024-01-15,0.07996,0.0817,0.07981,0.08102,272657967
2024-01-16,0.08104,0.08249,0.07979,0.08132,328206882
2024-01-17,0.08132,0.08158,0.0793,0.0805,261149597
2024-01-18,0.08051,0.08071,0.07679,0.07802,314880990
2024-01-19,0.07801,0.07876,0.07474,0.07849,351038255
2024-01-20,0.07848,0.0974,0.07815,0.09116,684267184
2024-01-21,0.09118,0.09638,0.08452,0.08539,948730356
2024-01-22,0.08538,0.0855,0.08002,0.08048,673330908
2024-01-23,0.08048,0.08178,0.07594,0.07816,555482191
2024-01-24,0.07815,0.08063,0.07758,0.07897,372585722
2024-01-25,0.07895,0.07923,0.07706,0.0779,292888748
2024-01-26,0.07787,0.08033,0.07748,0.07988,283895680
2024-01-27,0.07985,0.08075,0.079,0.08013,212327663
2024-01-28,0.08012,0.08146,0.07817,0.07882,257196385
2024-01-29,0.07884,0.08303,0.07817,0.08143,540569157
2024-01-30,0.08139,0.08217,0.07936,0.07972,333456483
2024-01-31,0.07971,0.08025,0.07793,0.07873,307301569
2024-02-01,0.07867,0.07983,0.07726,0.0794,257042563
2024-02-02,0.07938,0.07992,0.07854,0.07923,220161256
2024-02-03,0.07926,0.07949,0.07852,0.07872,152907809
2024-02-04,0.0787,0.07993,0.07779,0.07823,183715849
2024-02-05,0.07826,0.08023,0.07729,0.07824,257544919
2024-02-06,0.07824,0.07919,0.07763,0.07846,192061699
2024-02-07,0.07847,0.08029,0.07808,0.08012,213373948
2024-02-08,0.08013,0.08085,0.07957,0.07989,248828595
2024-02-09,0.0799,0.08222,0.0799,0.0816,333635097
2024-02-10,0.0816,0.0822,0.08036,0.08146,212946391
2024-02-11,0.08145,0.08363,0.08076,0.08125,304303558
2024-02-12,0.08125,0.08288,0.07945,0.08226,360525326
2024-02-13,0.08226,0.08304,0.07965,0.0811,419683385
2024-02-14,0.0811,0.08707,0.08051,0.08563,627015518
2024-02-15,0.08558,0.0883,0.08395,0.08538,636946996
2024-02-16,0.0854,0.08802,0.084,0.08598,441121282
2024-02-17,0.08598,0.08614,0.08192,0.08359,347758664
2024-02-18,0.0836,0.08575,0.08286,0.08518,300251530
2024-02-19,0.08517,0.0908,0.08503,0.08944,663450017
2024-02-20,0.08943,0.09156,0.08286,0.08617,801458657
2024-02-21,0.08617,0.0863,0.08197,0.08459,435393890
2024-02-22,0.08458,0.08548,0.083,0.08403,362895383
2024-02-23,0.08405,0.08553,0.08285,0.0845,400189069
2024-02-24,0.08449,0.08646,0.08382,0.08616,326082311
2024-02-25,0.08617,0.08679,0.0852,0.08617,290853292
2024-02-26,0.08611,0.0902,0.08417,0.08932,523738048
2024-02-27,0.08933,0.10073,0.08852,0.09762,1806722811
2024-02-28,0.09764,0.12358,0.09422,0.11618,3843947641
2024-02-29,0.11621,0.13508,0.11118,0.11739,4799960277
2024-03-01,0.1174,0.14641,0.11712,0.13947,3758449851
2024-03-02,0.13945,0.15126,0.13589,0.14207,3588994520
2024-03-03,0.14208,0.1569,0.12312,0.15358,4012808483
2024-03-04,0.15358,0.18687,0.14509,0.18242,6348241494
2024-03-05,0.18247,0.20913,0.12563,0.15377,9368269377
2024-03-06,0.15371,0.17978,0.14631,0.15793,4497901224
2024-03-07,0.15794,0.16245,0.1465,0.15784,3006036407
2024-03-08,0.15787,0.17628,0.15525,0.16491,3976624455
2024-03-09,0.16493,0.18575,0.1632,0.17917,3451219764
2024-03-10,0.1792,0.18001,0.16546,0.17035,2274489696
2024-03-11,0.17038,0.18315,0.16,0.18205,2905703482
2024-03-12,0.18209,0.18361,0.15524,0.16818,2524942571
2024-03-13,0.16819,0.1745,0.16496,0.16907,1930415342
2024-03-14,0.16903,0.19308,0.165,0.17726,6047716785
2024-03-15,0.17726,0.18138,0.15117,0.16353,3584306802
2024-03-16,0.16357,0.16527,0.138,0.14234,2400392026
2024-03-17,0.14235,0.15908,0.1366,0.15417,2329294453
2024-03-18,0.15416,0.15423,0.14,0.14353,1657669949
2024-03-19,0.14348,0.14522,0.12517,0.12869,2946516944
2024-03-20,0.1287,0.15332,0.12275,0.15213,3190645446
2024-03-21,0.15216,0.1599,0.1466,0.15538,2581283877
2024-03-22,0.15535,0.16506,0.14523,0.15296,2672448713
2024-03-23,0.15298,0.17518,0.15168,0.16189,2912614106
2024-03-24,0.16198,0.18,0.16111,0.1765,2848346890
2024-03-25,0.17648,0.18689,0.17001,0.17526,2654389972
2024-03-26,0.17527,0.18715,0.174,0.18229,2877194654
2024-03-27,0.18228,0.19151,0.17879,0.19036,4055908716
2024-03-28,0.19042,0.22899,0.18908,0.21999,6553128323
2024-03-29,0.22008,0.22484,0.20781,0.2131,3493454859
2024-03-30,0.21311,0.21699,0.19647,0.19919,2403795719
2024-03-31,0.19918,0.22429,0.19913,0.22004,2414867092
2024-04-01,0.22003,0.22003,0.197,0.20513,3408206742
2024-04-02,0.20513,0.20524,0.18001,0.18252,3855758084
2024-04-03,0.18253,0.18759,0.1701,0.17526,3112605374
2024-04-04,0.17524,0.1885,0.17195,0.18007,2153623709
2024-04-05,0.18006,0.18082,0.16755,0.17729,1914940616
2024-04-06,0.17728,0.18787,0.17649,0.18581,1620171667
2024-04-07,0.18577,0.20529,0.18547,0.19884,2643420654
2024-04-08,0.19884,0.209,0.19548,0.20261,2106344172
2024-04-09,0.20258,0.20347,0.18573,0.18908,2078490138
2024-04-10,0.18905,0.20216,0.17991,0.19973,2662343295
2024-04-11,0.19972,0.2036,0.18976,0.19379,2179869259
2024-04-12,0.19382,0.20138,0.16,0.17448,3611512055
2024-04-13,0.17448,0.17603,0.13,0.15273,4750917199
2024-04-14,0.15269,0.16507,0.14369,0.16233,3723264167
2024-04-15,0.16232,0.16916,0.1504,0.16122,3604719833
2024-04-16,0.16131,0.16254,0.14633,0.15609,2473810383
2024-04-17,0.15606,0.15876,0.14424,0.14749,1972027907
2024-04-18,0.14748,0.1584,0.14096,0.15234,1947482132
2024-04-19,0.15235,0.15728,0.13889,0.15641,2186567402
2024-04-20,0.15636,0.16513,0.15068,0.16264,1649509831
2024-04-21,0.16261,0.16597,0.15507,0.15825,1293159346
2024-04-22,0.15823,0.16351,0.15641,0.16128,1251987179
2024-04-23,0.16126,0.16305,0.15691,0.15977,1047860346
2024-04-24,0.15979,0.16449,0.14928,0.1513,1524749099
2024-04-25,0.15131,0.15447,0.14746,0.15126,1078441792
2024-04-26,0.15124,0.15178,0.14677,0.14797,877813549
2024-04-27,0.14797,0.14963,0.14251,0.14766,847646783
2024-04-28,0.14764,0.15101,0.14593,0.14669,638063324
2024-04-29,0.14665,0.14805,0.13963,0.14335,1030579266
2024-04-30,0.14337,0.14597,0.12902,0.1333,1342359702
2024-05-01,0.13327,0.13381,0.11984,0.13007,2135887034
2024-05-02,0.13008,0.13448,0.12394,0.13192,1308884973
2024-05-03,0.13194,0.1482,0.13115,0.14612,1266276714
2024-05-04,0.14611,0.1703,0.14577,0.16011,2791346636
2024-05-05,0.16011,0.16354,0.15451,0.16103,1506950274
2024-05-06,0.16103,0.16905,0.15405,0.15654,1747675308
2024-05-07,0.15652,0.1599,0.14926,0.15,1139969527
2024-05-08,0.14997,0.15196,0.14201,0.14314,1159774226
2024-05-09,0.14317,0.15431,0.14304,0.1522,1093467705
2024-05-10,0.15217,0.1539,0.14221,0.14395,1056928481
2024-05-11,0.14388,0.14625,0.14244,0.14295,533516788
2024-05-12,0.14292,0.14441,0.13952,0.14117,601107964
2024-05-13,0.14116,0.15738,0.1358,0.14861,1918835792
2024-05-14,0.14859,0.1551,0.14418,0.14545,1899294334
2024-05-15,0.14544,0.15699,0.14519,0.15535,1767635344
2024-05-16,0.15535,0.15937,0.14868,0.14975,1374063837
2024-05-17,0.14975,0.15678,0.14912,0.1556,1112782871
2024-05-18,0.15564,0.15697,0.15129,0.15309,771261615
2024-05-19,0.15312,0.15605,0.14729,0.14912,786457296
2024-05-20,0.14913,0.16637,0.14771,0.16575,1512244150
2024-05-21,0.16575,0.17494,0.16063,0.17021,2792364765
2024-05-22,0.17019,0.1748,0.16169,0.16623,1978486152
2024-05-23,0.16623,0.1694,0.15168,0.15965,2243999960
2024-05-24,0.15964,0.1733,0.15511,0.16381,3012763365
2024-05-25,0.16382,0.17421,0.16262,0.17393,1489582490
2024-05-26,0.17394,0.17485,0.16538,0.1661,1359410362
2024-05-27,0.16614,0.17353,0.16406,0.16892,1404874711
2024-05-28,0.16893,0.16966,0.16135,0.16478,1410223091
2024-05-29,0.16479,0.17071,0.16205,0.16379,1525668595
2024-05-30,0.16375,0.1655,0.15633,0.15942,1452218159
2024-05-31,0.15944,0.16249,0.15419,0.15886,945969518
2024-06-01,0.15885,0.16163,0.15826,0.16016,496035603
2024-06-02,0.16018,0.16124,0.15458,0.15703,585756299
2024-06-03,0.15698,0.1635,0.1557,0.15832,929987302
2024-06-04,0.15832,0.16188,0.157,0.16137,760727969
2024-06-05,0.16136,0.16484,0.1612,0.16326,820053785
2024-06-06,0.16325,0.16567,0.15824,0.16005,893170339
2024-06-07,0.16005,0.16211,0.1399,0.14816,1581768204
2024-06-08,0.14816,0.14872,0.14347,0.14588,872877278
2024-06-09,0.1459,0.14917,0.14494,0.14678,656320138
2024-06-10,0.14677,0.14794,0.1432,0.1447,752565082
2024-06-11,0.1447,0.14511,0.13356,0.13805,1271975142
2024-06-12,0.13803,0.15067,0.13458,0.14615,1274848212
2024-06-13,0.14616,0.14644,0.14003,0.14103,790003626
2024-06-14,0.141,0.14332,0.13184,0.13493,859600884
2024-06-15,0.13495,0.13743,0.13405,0.13669,476136328
2024-06-16,0.13668,0.13756,0.13459,0.13705,385407083
2024-06-17,0.13705,0.13812,0.12593,0.12875,960646592
2024-06-18,0.12874,0.12927,0.11381,0.12218,1413960450
2024-06-19,0.12219,0.12676,0.12129,0.12245,642487745
2024-06-20,0.12244,0.12876,0.12126,0.12448,734399819
2024-06-21,0.12445,0.12565,0.12128,0.1241,598393023
2024-06-22,0.12409,0.1255,0.12283,0.1237,328642106
2024-06-23,0.12371,0.12633,0.12105,0.12212,429188641
2024-06-24,0.12209,0.12382,0.1133,0.11893,951099440
2024-06-25,0.11895,0.12857,0.11875,0.12613,783244352
2024-06-26,0.12614,0.12861,0.12159,0.12267,526276880
2024-06-27,0.12268,0.12831,0.12053,0.12691,616932730
2024-06-28,0.12689,0.12834,0.12197,0.12283,634763078
2024-06-29,0.12283,0.12419,0.12116,0.12168,285391178
2024-06-30,0.12168,0.12548,0.12031,0.12436,369166834
2024-07-01,0.12436,0.12733,0.12305,0.12341,452573746
2024-07-02,0.12341,0.12527,0.12229,0.12511,408063753
2024-07-03,0.12511,0.12536,0.11669,0.11835,657681923
2024-07-04,0.11836,0.11899,0.104,0.10492,1239123198
2024-07-05,0.10483,0.10691,0.09155,0.10558,1709690679
2024-07-06,0.10559,0.11417,0.10473,0.11344,842720114
2024-07-07,0.11346,0.11353,0.10359,0.10414,641031095
2024-07-08,0.10413,0.11147,0.09876,0.10759,1023119021
2024-07-09,0.10755,0.10954,0.10576,0.10753,572733013
2024-07-10,0.10754,0.11052,0.10574,0.10796,552090147
2024-07-11,0.10797,0.11254,0.10614,0.10662,546104180
2024-07-12,0.10665,0.10842,0.10476,0.10769,468503073
2024-07-13,0.10769,0.11302,0.10729,0.11234,497448463
2024-07-14,0.11235,0.11694,0.11116,0.1154,551768272
2024-07-15,0.11537,0.12567,0.11459,0.12499,865334768
2024-07-16,0.12496,0.12791,0.11897,0.12483,1023424280
2024-07-17,0.12486,0.12774,0.12009,0.1218,731025036
2024-07-18,0.1218,0.12396,0.11715,0.11954,710080580
2024-07-19,0.11954,0.1261,0.11741,0.12547,724349409
2024-07-20,0.12547,0.13585,0.12434,0.13427,1109519614
2024-07-21,0.13428,0.14371,0.12566,0.14022,1229665449
2024-07-22,0.14026,0.14264,0.13584,0.13784,1468393831
2024-07-23,0.13775,0.13929,0.12811,0.13033,963364309
2024-07-24,0.13012,0.13482,0.12682,0.12792,734879689
2024-07-25,0.12791,0.12871,0.12005,0.12522,970420635
2024-07-26,0.12517,0.13496,0.12501,0.13419,752603628
2024-07-27,0.13422,0.13877,0.13009,0.13146,1193072781
2024-07-28,0.1314,0.13187,0.1281,0.13005,755293791
2024-07-29,0.13003,0.13507,0.12761,0.12837,809333955
2024-07-30,0.12844,0.13068,0.12317,0.12547,638122391
2024-07-31,0.12547,0.12732,0.12115,0.12189,609802169
2024-08-01,0.1219,0.12307,0.11201,0.11887,861079384
2024-08-02,0.11888,0.11964,0.11012,0.11141,826720039
2024-08-03,0.11138,0.11462,0.10513,0.10806,808239471
2024-08-04,0.10803,0.10938,0.09887,0.10372,827323034
2024-08-05,0.10371,0.10425,0.08049,0.09438,3194029250
2024-08-06,0.09439,0.10154,0.09407,0.09652,1124169389
2024-08-07,0.09649,0.1021,0.09431,0.0956,1000135339
2024-08-08,0.09554,0.10803,0.09354,0.10751,858015369
2024-08-09,0.10752,0.10786,0.10162,0.10391,602450305
2024-08-10,0.10388,0.10595,0.10283,0.10523,676944256
2024-08-11,0.1052,0.111,0.1001,0.1006,778786434
2024-08-12,0.10058,0.10866,0.10012,0.10791,778786434
2024-08-13,0.10794,0.1091,0.1034,0.10637,575505923
2024-08-14,0.10641,0.10716,0.10144,0.10238,617034813
2024-08-15,0.10242,0.10496,0.09795,0.10023,617034813
2024-08-16,0.10022,0.10208,0.09746,0.1004,539609334
2024-08-17,0.10037,0.10372,0.10002,0.10277,377630490
2024-08-18,0.10272,0.10449,0.09999,0.10008,463249309
2024-08-19,0.10008,0.10189,0.0986,0.10135,695089222
2024-08-20,0.10136,0.10573,0.1011,0.1029,695089222
2024-08-21,0.10292,0.10799,0.10206,0.10617,509933481
2024-08-22,0.10619,0.10691,0.104,0.10526,860650259
2024-08-23,0.10528,0.11555,0.10523,0.11302,860650259
2024-08-24,0.11301,0.11506,0.11079,0.11263,860517842
2024-08-25,0.11261,0.11293,0.10785,0.10964,687658978
2024-08-26,0.10962,0.11034,0.10444,0.10523,615156838
2024-08-27,0.10521,0.10655,0.09639,0.09873,657073357
2024-08-28,0.09874,0.1019,0.09682,0.09969,818620643
2024-08-29,0.09968,0.10262,0.09826,0.10041,572514236
2024-08-30,0.10035,0.10299,0.09697,0.10175,627112318
2024-08-31,0.10176,0.10237,0.10035,0.10127,424515197
2024-09-01,0.10127,0.10153,0.09394,0.09509,463950026
2024-09-02,0.09506,0.09992,0.0941,0.09907,516216894
2024-09-03,0.09903,0.10079,0.09643,0.09678,579587111
2024-09-04,0.09675,0.09951,0.09191,0.09802,611539397
2024-09-05,0.09805,0.09916,0.09599,0.09839,802922234
2024-09-06,0.09839,0.09941,0.08888,0.09253,802922234
2024-09-07,0.09252,0.0957,0.09172,0.09541,579740502
2024-09-08,0.09541,0.097,0.09383,0.09618,698093518
2024-09-09,0.09614,0.10495,0.09574,0.10375,815445366
2024-09-10,0.10377,0.10459,0.10151,0.10281,589489215
2024-09-11,0.10281,0.10306,0.09783,0.1013,587034439
2024-09-12,0.10132,0.10335,0.10044,0.10269,675630464
2024-09-13,0.10271,0.10856,0.10177,0.10705,727536909
2024-09-14,0.10706,0.1078,0.10423,0.10542,506600334
2024-09-15,0.1054,0.10644,0.10216,0.10279,428890116
2024-09-16,0.10279,0.10323,0.09833,0.09966,602452544
2024-09-17,0.09963,0.10264,0.09869,0.10115,508690910
2024-09-18,0.10112,0.10389,0.09934,0.10386,572193455
2024-09-19,0.10388,0.10715,0.10333,0.10498,713415823
2024-09-20,0.10501,0.10753,0.10361,0.10555,688001003
2024-09-21,0.10554,0.11052,0.10405,0.10995,528911617
2024-09-22,0.10991,0.10998,0.10378,0.1063,510279743
2024-09-23,0.10632,0.1092,0.10409,0.10804,714391994
2024-09-24,0.10805,0.11063,0.10677,0.10978,758368062
2024-09-25,0.10978,0.11117,0.10798,0.10848,786927652
2024-09-26,0.10851,0.12072,0.10696,0.11817,1452635668
2024-09-27,0.11818,0.12875,0.11702,0.12352,1657418682
2024-09-28,0.12356,0.13213,0.12009,0.12811,1632287696
2024-09-29,0.12813,0.13042,0.12432,0.12432,1019085498
2024-09-30,0.1244,0.12465,0.1132,0.1142,1086127896
2024-10-01,0.11418,0.11933,0.10255,0.10674,1414825028
2024-10-02,0.10679,0.10949,0.10222,0.10454,1040820593
2024-10-03,0.10451,0.10678,0.10107,0.10506,1049191609
2024-10-04,0.10507,0.11057,0.10477,0.10924,782166541
2024-10-05,0.10924,0.11025,0.10746,0.10939,460696343
2024-10-06,0.1094,0.11288,0.10839,0.11155,485322474
2024-10-07,0.11156,0.11547,0.1082,0.10839,937175905
2024-10-08,0.10838,0.1098,0.10516,0.1071,774952393
2024-10-09,0.10711,0.11143,0.10592,0.10785,696676893
2024-10-10,0.10782,0.10852,0.10299,0.10594,759845312
2024-10-11,0.10592,0.1114,0.10558,0.11072,651069376
2024-10-12,0.11073,0.11215,0.10932,0.11141,562194368
2024-10-13,0.11143,0.11211,0.10858,0.11138,573648913
2024-10-14,0.11139,0.11768,0.10927,0.11664,1038038455
2024-10-15,0.11666,0.11926,0.11012,0.11744,1424025134
2024-10-16,0.11744,0.13,0.11577,0.1257,2322250010
2024-10-17,0.1257,0.13091,0.12042,0.12962,1557107117
2024-10-18,0.12961,0.14085,0.12955,0.13716,2654498098
2024-10-19,0.13719,0.14702,0.13698,0.14406,1898579280
2024-10-20,0.14406,0.14571,0.13716,0.14209,1518114109
2024-10-21,0.14212,0.14966,0.13812,0.14362,2195676428
2024-10-22,0.14359,0.14841,0.13637,0.13961,1821441174
2024-10-23,0.13962,0.14086,0.13274,0.13989,1466980228
2024-10-24,0.13985,0.1437,0.13619,0.14182,1481782360
2024-10-25,0.14179,0.14265,0.12759,0.13135,1458877964
2024-10-26,0.13133,0.138,0.13045,0.1373,1190823762
2024-10-27,0.13729,0.1461,0.13591,0.1441,1129296560
2024-10-28,0.1441,0.16249,0.14097,0.16137,3115148691
2024-10-29,0.1613,0.17976,0.16038,0.1758,4796590426
2024-10-30,0.17579,0.1779,0.16439,0.16826,2875015423
2024-10-31,0.16822,0.17357,0.15614,0.16144,2292775163
2024-11-01,0.16143,0.16894,0.15403,0.15903,2829086709
2024-11-02,0.15908,0.16358,0.15542,0.15956,1580915420
2024-11-03,0.15955,0.15985,0.14208,0.15135,2295278054
2024-11-04,0.15135,0.16015,0.14807,0.15812,2807134045
2024-11-05,0.15813,0.17957,0.15787,0.17,4432628110
2024-11-06,0.17,0.2193,0.16903,0.19664,13704139001
2024-11-07,0.19664,0.20443,0.18534,0.1934,5468994439
2024-11-08,0.19341,0.20759,0.19059,0.20215,4284027483
2024-11-09,0.20215,0.22,0.19751,0.21908,4814464342
2024-11-10,0.21913,0.29877,0.21671,0.27796,14901681717
2024-11-11,0.27813,0.35189,0.27251,0.35185,22937800675
2024-11-12,0.35176,0.4395,0.32706,0.38028,43507703272
2024-11-13,0.38048,0.4346,0.35201,0.39976,33001898330
2024-11-14,0.39974,0.41646,0.3518,0.36264,26209965668
2024-11-15,0.36276,0.385,0.35141,0.38159,12904051202
2024-11-16,0.38171,0.39158,0.36,0.36433,10969371601
2024-11-17,0.36432,0.37558,0.33911,0.36706,9384773783
2024-11-18,0.36719,0.38268,0.35752,0.3715,9630053952
2024-11-19,0.37144,0.4204,0.36655,0.39124,14358287698
2024-11-20,0.3913,0.39731,0.365,0.37807,12669752035
2024-11-21,0.37811,0.39555,0.36918,0.38695,9431888160
2024-11-22,0.38701,0.42,0.38105,0.41318,13591947495
2024-11-23,0.41321,0.48078,0.40444,0.43069,21297981440
2024-11-24,0.43062,0.4554,0.4,0.43069,14514005481
2024-11-25,0.43071,0.43792,0.38023,0.3927,10343675432
2024-11-26,0.39266,0.40887,0.3646,0.38699,11325982395
2024-11-27,0.38688,0.40846,0.38002,0.40141,7538205306
2024-11-28,0.40141,0.42934,0.39116,0.40166,7218378308
2024-11-29,0.40168,0.43782,0.39947,0.42647,6768739922
2024-11-30,0.42646,0.43576,0.41374,0.42185,7347246159
2024-12-01,0.42188,0.45,0.41667,0.44055,8333397829
2024-12-02,0.44052,0.46395,0.40041,0.4247,15755770295
2024-12-03,0.42479,0.42975,0.38823,0.40659,9362620939
2024-12-04,0.40669,0.438,0.40027,0.43332,8065078709
2024-12-05,0.4333,0.46591,0.40765,0.42733,18708473856
2024-12-06,0.42738,0.4423,0.42039,0.4354,8736422451
2024-12-07,0.43541,0.46654,0.43123,0.45327,8127914572
2024-12-08,0.45327,0.48464,0.446,0.46682,10026646734
2024-12-09,0.46707,0.46795,0.38005,0.41402,11830538830
2024-12-10,0.41401,0.423,0.36522,0.39395,15319350531
2024-12-11,0.39409,0.41941,0.37537,0.41427,8615333048
2024-12-12,0.41427,0.42419,0.40089,0.40623,6872703919
2024-12-13,0.40611,0.41228,0.39924,0.40907,4626153070
2024-12-14,0.40903,0.41412,0.38734,0.39824,3825447398
2024-12-15,0.39831,0.4111,0.3922,0.40648,2973819090
2024-12-16,0.40652,0.41499,0.39222,0.40208,4959367727
2024-12-17,0.40208,0.41023,0.39109,0.39416,4012150614
2024-12-18,0.39409,0.39638,0.349,0.35816,5749656033
2024-12-19,0.35808,0.36719,0.30005,0.31403,9565836573
2024-12-20,0.31404,0.32869,0.2615,0.31776,12059154705
2024-12-21,0.31776,0.3499,0.31393,0.32025,7290921740
2024-12-22,0.32025,0.32435,0.30456,0.31234,4368182158
2024-12-23,0.31233,0.32841,0.30259,0.32456,4476532720
2024-12-24,0.32455,0.34027,0.31568,0.3369,3574180008
2024-12-25,0.33689,0.34191,0.32623,0.33413,2625450981
2024-12-26,0.33411,0.33774,0.30815,0.31236,2629025653
2024-12-27,0.31235,0.3245,0.30836,0.31143,2417925015
2024-12-28,0.31144,0.32689,0.31086,0.32386,1545805593
2024-12-29,0.32382,0.32916,0.31125,0.31369,1832922079
2024-12-30,0.31375,0.32277,0.30586,0.31337,2809407821
2024-12-31,0.31336,0.32873,0.30876,0.31536,2520417912
2025-01-01,0.31537,0.32686,0.31138,0.3244,1689453204
2025-01-02,0.32441,0.34458,0.3239,0.33858,3325308814
2025-01-03,0.3386,0.38932,0.33564,0.37969,4823481336
2025-01-04,0.37969,0.39879,0.37648,0.39478,5378078459
2025-01-05,0.39482,0.39781,0.37468,0.38223,3293478170
2025-01-06,0.3823,0.39549,0.3759,0.38797,3334598573
2025-01-07,0.38796,0.39846,0.34676,0.34798,5280516863
2025-01-08,0.34799,0.35552,0.32417,0.34218,4798261469
2025-01-09,0.34218,0.34676,0.31426,0.32104,3655175424
2025-01-10,0.32105,0.3398,0.32096,0.33381,3357989884
2025-01-11,0.33386,0.34809,0.3295,0.34106,1461005907
2025-01-12,0.34106,0.34342,0.32937,0.33575,1672989847
2025-01-13,0.33577,0.34589,0.31,0.33795,3713750868
2025-01-14,0.33799,0.362,0.33565,0.35579,3321495995
2025-01-15,0.35579,0.38782,0.34809,0.38527,4079184871
2025-01-16,0.38523,0.39016,0.36765,0.37642,4393268453
2025-01-17,0.37645,0.42205,0.37542,0.41549,6607273621
2025-01-18,0.41553,0.43434,0.38314,0.39597,7331618418
2025-01-19,0.39597,0.40963,0.34633,0.35791,9531626101
2025-01-20,0.35791,0.3861,0.34452,0.35413,10715784192
2025-01-21,0.35413,0.4016,0.33533,0.37189,10428388030
2025-01-22,0.37191,0.37384,0.35489,0.36255,2957300437
2025-01-23,0.36269,0.36437,0.34128,0.35218,3273581056
2025-01-24,0.3522,0.36469,0.34282,0.35086,2217471232
2025-01-25,0.35079,0.36154,0.3454,0.35347,1536728320
2025-01-26,0.35347,0.35728,0.33495,0.33591,1263299832
2025-01-27,0.33589,0.33705,0.305,0.33392,4672243712
2025-01-28,0.33403,0.33907,0.31483,0.31849,2019292120
2025-01-29,0.31857,0.33473,0.31662,0.32403,2084716544
2025-01-30,0.32406,0.33896,0.32203,0.33156,1440142080
2025-01-31,0.33155,0.34172,0.32329,0.32886,1796042122
2025-02-01,0.32877,0.33222,0.30323,0.30784,1577548524
2025-02-02,0.30784,0.31481,0.25,0.26802,5607210222
2025-02-03,0.26809,0.29331,0.20101,0.28515,11462565888
2025-02-04,0.28512,0.28926,0.25526,0.26352,4474626560
2025-02-05,0.26359,0.26925,0.2534,0.25612,2049237376
2025-02-06,0.25622,0.26607,0.24291,0.24789,1892595490
2025-02-07,0.24796,0.2618,0.23866,0.24657,2042225149
2025-02-08,0.24656,0.2542,0.24451,0.25301,1150155136
2025-02-09,0.253,0.26007,0.23971,0.249,1242077795
2025-02-10,0.24899,0.25649,0.24166,0.25542,1540952832
2025-02-11,0.2554,0.27012,0.24839,0.25306,1721245015
2025-02-12,0.25304,0.2673,0.2466,0.26422,1949247514
2025-02-13,0.26422,0.26724,0.25333,0.2625,1497154560
2025-02-14,0.2625,0.28684,0.2608,0.27184,2355486208
2025-02-15,0.27185,0.2833,0.26826,0.27166,1738268928
2025-02-16,0.27176,0.27431,0.26355,0.26557,969472255
2025-02-17,0.26555,0.26887,0.25373,0.25822,1369340298
2025-02-18,0.2582,0.25986,0.24193,0.25125,1601424562
2025-02-19,0.25123,0.2554,0.24879,0.25477,1007520306
2025-02-20,0.25482,0.25759,0.24991,0.25483,1124898432
2025-02-21,0.25483,0.26123,0.23412,0.23958,2024664109
2025-02-22,0.23959,0.24785,0.23796,0.2467,1129645184
2025-02-23,0.2467,0.24762,0.2404,0.24285,707579811
2025-02-24,0.24284,0.24394,0.20601,0.2104,2239353273
2025-02-25,0.21043,0.21455,0.19534,0.21147,3741717760
2025-02-26,0.21145,0.21383,0.19579,0.20321,2020964480
2025-02-27,0.20329,0.21134,0.20068,0.2066,1440882304
2025-02-28,0.20667,0.20707,0.18127,0.20172,2620914147
2025-03-01,0.20174,0.20896,0.19923,0.20669,1211021568
2025-03-02,0.20668,0.24229,0.20159,0.2394,3319886568
2025-03-03,0.23937,0.24063,0.19275,0.19901,2934880000
2025-03-04,0.19891,0.20236,0.18264,0.19906,2451260672
2025-03-05,0.199,0.20661,0.1963,0.20476,1461897600
2025-03-06,0.20476,0.22,0.19896,0.2015,1799078197
2025-03-07,0.20151,0.20868,0.19023,0.19834,1829178903
2025-03-08,0.19835,0.2008,0.19089,0.19229,1055876800
2025-03-09,0.19221,0.19419,0.16533,0.168,1797791194
2025-03-10,0.16802,0.18095,0.15032,0.15396,2233614080
2025-03-11,0.15398,0.16865,0.1427,0.16451,2456093952
2025-03-12,0.16453,0.17408,0.15947,0.17243,1618464957
2025-03-13,0.17239,0.17298,0.16163,0.16514,1463178496
2025-03-14,0.16519,0.17627,0.16455,0.17193,1068737088
2025-03-15,0.17193,0.17784,0.17118,0.17597,761413120
2025-03-16,0.176,0.17687,0.16573,0.16818,943928750
2025-03-17,0.1682,0.17621,0.16801,0.17333,1019131072
2025-03-18,0.17336,0.17349,0.16275,0.16799,1046683878
2025-03-19,0.16798,0.17885,0.1668,0.17808,1238919491
2025-03-20,0.17809,0.17924,0.16655,0.16934,1047703680
2025-03-21,0.16937,0.17151,0.16458,0.16721,750643456
2025-03-22,0.16714,0.16971,0.16659,0.16729,453395040
2025-03-23,0.16725,0.1726,0.16704,0.1726,564898047
2025-03-24,0.1726,0.1892,0.17067,0.18301,1472602266
2025-03-25,0.183,0.19371,0.18084,0.19074,1553679360
2025-03-26,0.19071,0.2058,0.18941,0.19489,2068603477
2025-03-27,0.19493,0.20063,0.1877,0.19045,1394244224
2025-03-28,0.1905,0.19292,0.17713,0.18015,1407200953
2025-03-29,0.18016,0.1825,0.16574,0.16948,1141672960
2025-03-30,0.16949,0.17277,0.16442,0.16651,831596449
2025-03-31,0.16652,0.16836,0.16006,0.16659,1374516864
2025-04-01,0.16657,0.17574,0.16593,0.17397,1149373221
2025-04-02,0.17399,0.18007,0.16191,0.1638,1734215164
2025-04-03,0.1638,0.16745,0.15532,0.16225,1547564416
2025-04-04,0.16227,0.17275,0.15995,0.17124,1645454216
2025-04-05,0.17126,0.17158,0.16605,0.16886,659483840
2025-04-06,0.16893,0.16994,0.14572,0.14915,1267445532
2025-04-07,0.14917,0.15405,0.12984,0.14951,3675828224
2025-04-08,0.14949,0.15702,0.141,0.1421,1893716864
2025-04-09,0.14213,0.16427,0.13637,0.16027,2265462273
2025-04-10,0.16024,0.1604,0.14876,0.15348,1840077824
2025-04-11,0.15343,0.16245,0.15318,0.15998,1227244160
2025-04-12,0.15997,0.16948,0.15763,0.16764,867802910
2025-04-13,0.16761,0.16863,0.16098,0.16255,913979904
2025-04-14,0.16255,0.16949,0.15734,0.15853,988651639
2025-04-15,0.15853,0.16131,0.15306,0.15355,777400544
2025-04-16,0.1535,0.15736,0.15019,0.15471,823568608
2025-04-17,0.1547,0.15947,0.15297,0.15589,586169227
2025-04-18,0.15592,0.15892,0.15356,0.15761,477534244
2025-04-19,0.1576,0.16088,0.15625,0.1573,477710096
2025-04-20,0.1573,0.15955,0.15249,0.15526,801002172
2025-04-21,0.15526,0.16357,0.155,0.1594,1038358279
2025-04-22,0.1594,0.18,0.15717,0.17866,1960495752
2025-04-23,0.17869,0.18554,0.17484,0.17875,1860794550
2025-04-24,0.17873,0.18396,0.16988,0.18267,1479272164
2025-04-25,0.18266,0.18637,0.17752,0.18175,2092681768
2025-04-26,0.1817,0.19313,0.18021,0.18198,1467785872
2025-04-27,0.18198,0.18362,0.17659,0.17943,1143340310
2025-04-28,0.17944,0.18282,0.17387,0.17912,1345897366
2025-04-29,0.17912,0.18079,0.17247,0.17471,966758883
2025-04-30,0.17469,0.17673,0.16667,0.17223,1033606027
2025-05-01,0.17226,0.18345,0.17208,0.18068,1107972659
2025-05-02,0.18076,0.1845,0.17927,0.18155,1008214455
2025-05-03,0.18156,0.18226,0.17496,0.1757,580150649
2025-05-04,0.17569,0.17743,0.17,0.17053,667159744
2025-05-05,0.17048,0.17466,0.16829,0.17057,689655044
2025-05-06,0.17058,0.17262,0.1642,0.17222,863253120
2025-05-07,0.17222,0.17447,0.16899,0.17204,819420752
2025-05-08,0.17209,0.1984,0.17169,0.19815,2025780736
2025-05-09,0.19814,0.21451,0.19293,0.20531,2387581238
2025-05-10,0.2053,0.25102,0.20342,0.25064,4163490816
2025-05-11,0.25058,0.25971,0.222,0.23188,3518175098
2025-05-12,0.23188,0.25338,0.2204,0.231,4829001607
2025-05-13,0.23104,0.24329,0.21727,0.24084,2734212256
2025-05-14,0.24083,0.24754,0.22813,0.23281,2249826077
2025-05-15,0.23284,0.23683,0.21379,0.21939,2807622554
2025-05-16,0.21948,0.23104,0.21796,0.22116,1934161280
2025-05-17,0.22115,0.22231,0.21081,0.21463,1499656753
2025-05-18,0.21469,0.23785,0.21412,0.23316,2908494561
2025-05-19,0.23324,0.23583,0.2139,0.22453,2222673864
2025-05-20,0.22456,0.23087,0.21774,0.22644,1936405575
2025-05-21,0.22645,0.23812,0.22278,0.23415,3413586537
2025-05-22,0.23414,0.24579,0.2339,0.24561,2953721980
2025-05-23,0.24565,0.2544,0.2231,0.22524,3466192197
2025-05-24,0.22524,0.23052,0.22362,0.22523,1232044106
2025-05-25,0.22525,0.22653,0.21575,0.22502,1528958070
2025-05-26,0.22501,0.23047,0.22255,0.22605,1528958070
2025-05-27,0.22608,0.23226,0.21974,0.22613,1406054690
2025-05-28,0.22614,0.22798,0.21687,0.22096,1406054690
2025-05-29,0.22095,0.22824,0.21406,0.21493,1850502528
2025-05-30,0.21485,0.21648,0.19068,0.19368,2466944860
2025-05-31,0.19365,0.19563,0.18556,0.19259,1529424800
2025-06-01,0.19264,0.195,0.18649,0.19373,940413184
2025-06-02,0.19376,0.19652,0.18857,0.19521,1125493969
2025-06-03,0.19524,0.20068,0.19147,0.19323,1062603805
2025-06-04,0.19319,0.19721,0.18713,0.1882,779255975
2025-06-05,0.18819,0.19258,0.16804,0.17114,1835950826
2025-06-06,0.17119,0.1846,0.1695,0.17896,1247591143
2025-06-07,0.17895,0.18879,0.17788,0.18522,836264651
2025-06-08,0.18516,0.1871,0.18056,0.1842,707206528
2025-06-09,0.1842,0.19622,0.1803,0.19499,1242360448
2025-06-10,0.19497,0.19859,0.18889,0.19853,1457891949
2025-06-11,0.19852,0.20664,0.19123,0.19296,1630500550
2025-06-12,0.19297,0.19373,0.18004,0.18123,1818890496
2025-06-13,0.18121,0.18154,0.17,0.18048,1883491191
2025-06-14,0.18051,0.18052,0.17467,0.17836,777784368
2025-06-15,0.17836,0.17879,0.1715,0.17555,899889408
2025-06-16,0.17557,0.18123,0.1722,0.1728,1338814336
2025-06-17,0.17276,0.17616,0.16394,0.16939,1273076742
2025-06-18,0.16941,0.17228,0.16411,0.17076,970407002
2025-06-19,0.17077,0.1721,0.16772,0.17101,552676672
2025-06-20,0.17102,0.172,0.15843,0.16239,1099193747
2025-06-21,0.16237,0.16438,0.15039,0.15458,1013028224
2025-06-22,0.15459,0.15778,0.14275,0.15134,1841758169
2025-06-23,0.15135,0.16544,0.14866,0.16388,1349019520
2025-06-24,0.16391,0.16776,0.16177,0.16581,1072291444
2025-06-25,0.16581,0.16779,0.16265,0.16468,916611999
2025-06-26,0.16465,0.16822,0.158,0.16011,916611999
2025-06-27,0.1601,0.16321,0.15713,0.16112,638328531
2025-06-28,0.16112,0.16512,0.16052,0.16378,543918306
2025-06-29,0.16379,0.17004,0.16267,0.16946,634990400
2025-06-30,0.16947,0.16995,0.16225,0.1652,838074434
2025-07-01,0.16522,0.16633,0.15677,0.15784,687516950
2025-07-02,0.15784,0.1727,0.15656,0.16877,1233415808
2025-07-03,0.16877,0.17544,0.16753,0.17207,1280276705
2025-07-04,0.17207,0.173,0.16133,0.16295,1005469062
2025-07-05,0.16296,0.16512,0.16203,0.16429,444944070
2025-07-06,0.16431,0.17522,0.16318,0.17197,1274856576
2025-07-07,0.17197,0.17715,0.1657,0.16794,1238654782
2025-07-08,0.16796,0.17198,0.1659,0.17099,1238654782
2025-07-09,0.17097,0.18657,0.16998,0.18058,1712452480
2025-07-10,0.18057,0.19638,0.1788,0.1951,1950730880
2025-07-11,0.19513,0.21374,0.19122,0.20109,3859031770
2025-07-12,0.20109,0.20665,0.19193,0.19747,1645230470
2025-07-13,0.19747,0.20422,0.19582,0.1986,1460860601
2025-07-14,0.19864,0.21089,0.19467,0.19749,2778425856
2025-07-15,0.19749,0.19935,0.18842,0.1992,2108544271
2025-07-16,0.19919,0.2207,0.19554,0.21278,2865490732
2025-07-17,0.2128,0.22246,0.20659,0.21845,3524415111
2025-07-18,0.21846,0.25445,0.21632,0.23598,6909551812
2025-07-19,0.23594,0.25785,0.23575,0.24151,4276687151
2025-07-20,0.24155,0.27843,0.24008,0.27386,6077966743
2025-07-21,0.27387,0.28764,0.2643,0.27158,19687033256
2025-07-22,0.2716,0.27516,0.2575,0.2709,11465663888
2025-07-23,0.27108,0.2712,0.23071,0.24087,4422461834
2025-07-24,0.24088,0.24689,0.2219,0.23225,4245820253
2025-07-25,0.23228,0.23704,0.22082,0.23678,3502127057
2025-07-26,0.2368,0.24033,0.23295,0.2355,1499470254
2025-07-27,0.23549,0.24379,0.23421,0.24075,1975404021
2025-07-28,0.24076,0.2486,0.22428,0.22615,2900653769
2025-07-29,0.22616,0.23276,0.21734,0.22389,2295849760
2025-07-30,0.22389,0.2266,0.20897,0.21997,2295849760
2025-07-31,0.2199,0.22566,0.20805,0.20976,3400021925
2025-08-01,0.20969,0.21247,0.19546,0.20092,3400021925
2025-08-02,0.20086,0.2034,0.18938,0.19097,2359038464
2025-08-03,0.191,0.20051,0.18858,0.19879,1383820507
2025-08-04,0.1988,0.21134,0.19851,0.21042,1808700824
2025-08-05,0.21043,0.21106,0.19596,0.19982,1808700824
2025-08-06,0.1998,0.2072,0.19561,0.20535,1606059547
2025-08-07,0.20532,0.22315,0.20336,0.22234,2621569792
2025-08-08,0.22232,0.23257,0.21964,0.23036,2813209061
2025-08-09,0.23041,0.24681,0.22976,0.23999,3294572288
2025-08-10,0.24002,0.24355,0.22931,0.23392,2414729728
2025-08-11,0.23389,0.24188,0.22115,0.22209,2818659723
2025-08-12,0.22208,0.23834,0.21873,0.23577,2972192768
2025-08-13,0.23567,0.25058,0.23128,0.24492,4411456000
2025-08-14,0.24494,0.25583,0.2175,0.22397,5430971906
2025-08-15,0.22402,0.23316,0.22016,0.22902,3284438866
2025-08-16,0.22898,0.2364,0.22538,0.23128,2012788849
2025-08-17,0.2313,0.24273,0.22855,0.23468,2308822296
2025-08-18,0.23467,0.23567,0.22,0.22272,3221260023
2025-08-19,0.22276,0.22579,0.20867,0.20943,2965240262
2025-08-20,0.20941,0.2229,0.20774,0.22172,3332092604
2025-08-21,0.2217,0.22447,0.21381,0.21468,2146370687
2025-08-22,0.21468,0.24227,0.20823,0.24047,4990423040
2025-08-23,0.24048,0.24081,0.22883,0.23624,2633509850
2025-08-24,0.2362,0.245,0.22762,0.23181,3537901568
2025-08-25,0.23184,0.23453,0.20592,0.20954,3601938683
2025-08-26,0.20952,0.22004,0.20711,0.21841,2273426712
2025-08-27,0.21842,0.22387,0.21604,0.21882,2354288384
2025-08-28,0.21883,0.22596,0.21667,0.22438,1900714656
2025-08-29,0.2244,0.22532,0.20977,0.21394,2575985418
2025-08-30,0.21394,0.2189,0.21131,0.21597,1092661803
2025-08-31,0.21598,0.22138,0.21323,0.21371,1247113984
2025-09-01,0.21367,0.21984,0.20479,0.21074,2726790335
2025-09-02,0.21076,0.21559,0.20657,0.21484,2083072411
2025-09-03,0.21486,0.22355,0.21243,0.22037,1806352077
2025-09-04,0.22037,0.22115,0.21051,0.21238,1600512717
2025-09-05,0.21239,0.22101,0.21185,0.21785,2429307965
2025-09-06,0.21784,0.21889,0.21228,0.21596,1195532222
2025-09-07,0.21598,0.22922,0.21576,0.22872,1913782985
2025-09-08,0.22884,0.2441,0.22648,0.24166,3729000010
2025-09-09,0.2417,0.24945,0.23358,0.24059,4216668251
2025-09-10,0.24054,0.24874,0.23618,0.24543,4216668251
2025-09-11,0.2454,0.25706,0.24255,0.25613,4065725952
2025-09-12,0.25615,0.2788,0.25494,0.27565,4808091136
2025-09-13,0.27568,0.30759,0.27282,0.28951,9263328256
2025-09-14,0.28952,0.29521,0.27278,0.27805,9024886352
2025-09-15,0.27804,0.28214,0.25877,0.26836,5721394577
2025-09-16,0.2684,0.27214,0.2568,0.27001,5721394577
2025-09-17,0.27006,0.28405,0.26079,0.2826,4837069879
2025-09-18,0.2827,0.28899,0.27564,0.27868,4837069879
2025-09-19,0.27865,0.28502,0.26323,0.26542,4420244724
2025-09-20,0.26541,0.26959,0.26315,0.26777,1791655632
2025-09-21,0.26776,0.2698,0.26037,0.26089,3079280640
2025-09-22,0.2608,0.26241,0.23,0.24144,5600811076
2025-09-23,0.24142,0.24402,0.23417,0.23714,2979805692
2025-09-24,0.2371,0.25076,0.23114,0.2412,3589299456
2025-09-25,0.24119,0.24206,0.22066,0.22298,4513449818
2025-09-26,0.22302,0.23351,0.22154,0.23257,3136341383
2025-09-27,0.23257,0.23443,0.22782,0.23085,1404236029
2025-09-28,0.23086,0.23775,0.22508,0.2374,1728770944
2025-09-29,0.23743,0.23907,0.22873,0.2349,2527479552
2025-09-30,0.2349,0.23609,0.22639,0.23291,2112968133
2025-10-01,0.23292,0.2493,0.23038,0.2492,3402663936
2025-10-02,0.24923,0.26423,0.24672,0.2622,3466616007
2025-10-03,0.26219,0.26549,0.25291,0.25832,3298102784
2025-10-04,0.25837,0.25995,0.24686,0.25096,2165610752
2025-10-05,0.25098,0.2655,0.2497,0.25286,3422890843
2025-10-06,0.25289,0.27055,0.25068,0.26613,3938750191
2025-10-07,0.26613,0.26841,0.2463,0.24695,4263519773
2025-10-08,0.24697,0.26118,0.24303,0.2557,3136056857
2025-10-09,0.25571,0.25597,0.24118,0.24864,3221293489
2025-10-10,0.24864,0.25412,0.15,0.19667,10628740096
2025-10-11,0.19666,0.20075,0.17834,0.18549,6948749972
2025-10-12,0.1855,0.21438,0.1809,0.20735,6948749972
2025-10-13,0.20737,0.21852,0.20218,0.21401,5183180935
2025-10-14,0.21399,0.2158,0.1935,0.20445,4841725506
2025-10-15,0.20442,0.2086,0.19442,0.19629,4841725506
2025-10-16,0.19632,0.20152,0.1848,0.18851,3498982322
2025-10-17,0.18851,0.19117,0.17549,0.18476,3317944601
2025-10-18,0.18478,0.19086,0.18433,0.18967,1238849111
2025-10-19,0.18966,0.19869,0.18608,0.19542,2159504384
2025-10-20,0.19541,0.20256,0.19175,0.20008,2148033213
2025-10-21,0.20007,0.20567,0.19214,0.19432,2783675973
2025-10-22,0.19433,0.19552,0.1848,0.18992,2573427089
2025-10-23,0.18993,0.19759,0.18962,0.19498,1769172845
2025-10-24,0.19498,0.20109,0.194,0.19779,1736760192
2025-10-25,0.19778,0.19986,0.19621,0.19654,1136645097
2025-10-26,0.19653,0.20736,0.19467,0.20581,1919160448
2025-10-27,0.20577,0.20957,0.199,0.20037,2809894306
2025-10-28,0.20037,0.20309,0.19037,0.19367,2809894306
2025-10-29,0.19366,0.19734,0.18713,0.19241,3112664146
2025-10-30,0.19242,0.19467,0.17635,0.18267,3112664146
2025-10-31,0.18269,0.18812,0.18226,0.18639,1579798665
2025-11-01,0.18637,0.18832,0.18502,0.18729,967206772
2025-11-02,0.18729,0.18877,0.18177,0.18635,967206772
2025-11-03,0.18635,0.18662,0.16,0.16733,4796083616
2025-11-04,0.16733,0.17103,0.15151,0.16221,4796083616
2025-11-05,0.16219,0.16888,0.15452,0.16719,2522587575
2025-11-06,0.16717,0.1678,0.15692,0.16158,2931787387
2025-11-07,0.16153,0.18157,0.15948,0.17866,2931787387
2025-11-08,0.17865,0.18326,0.17283,0.17601,2236137677
2025-11-09,0.17602,0.18156,0.17118,0.17929,2236137677
2025-11-10,0.17925,0.18571,0.1772,0.18173,2226818304
2025-11-11,0.18173,0.18626,0.17141,0.17195,2127003685
2025-11-12,0.17199,0.1785,0.16717,0.17015,2107396312
2025-11-13,0.17011,0.17761,0.15987,0.16373,2729846444
2025-11-14,0.16373,0.16617,0.15461,0.15753,3090051874
2025-11-15,0.15753,0.16467,0.15709,0.16306,1245164553
2025-11-16,0.16306,0.1655,0.15354,0.15845,1764383845
2025-11-17,0.15842,0.16491,0.15046,0.15199,2792290270
2025-11-18,0.15197,0.16286,0.14928,0.16164,2444487369
2025-11-19,0.16163,0.16238,0.14701,0.15434,2318052608
2025-11-20,0.15432,0.1596,0.14606,0.14875,2650706688
2025-11-21,0.14873,0.15089,0.13304,0.14017,3788412140
2025-11-22,0.14018,0.14227,0.13541,0.14018,1517483904
2025-11-23,0.14017,0.14769,0.13956,0.14494,1480393728
2025-11-24,0.14493,0.15392,0.14262,0.15172,1886500747
2025-11-25,0.15173,0.15499,0.14575,0.15293,1584986684
2025-11-26,0.15312,0.15674,0.1486,0.15466,1505665002
2025-11-27,0.15468,0.15557,0.15211,0.15261,922814784
2025-11-28,0.1526,0.1555,0.1482,0.15019,1319665536
2025-11-29,0.15019,0.15095,0.1473,0.1484,648320199
2025-11-30,0.1484,0.15063,0.1459,0.14597,1332056960
2025-12-01,0.14598,0.14637,0.13186,0.13545,1935250412
2025-12-02,0.13545,0.14781,0.13444,0.14589,1935250412
2025-12-03,0.1459,0.15335,0.14525,0.15166,1522255570
2025-12-04,0.15169,0.1532,0.14557,0.14737,1522255570
2025-12-05,0.1474,0.1484,0.13725,0.13958,1279447426
2025-12-06,0.13959,0.14076,0.13839,0.13979,1065448744
2025-12-07,0.13979,0.14291,0.13492,0.13869,1065448744
2025-12-08,0.1387,0.14501,0.13802,0.1426,1167700280
2025-12-09,0.1426,0.15317,0.1394,0.14797,1669844829
2025-12-10,0.14794,0.15035,0.14236,0.14334,1699228416
2025-12-11,0.14333,0.14362,0.13627,0.14034,1459697025
2025-12-12,0.14034,0.14153,0.13432,0.13694,1065894918
2025-12-13,0.13695,0.14002,0.13692,0.13907,519857549
2025-12-14,0.13907,0.13927,0.13269,0.13407,831077847
2025-12-15,0.13406,0.13848,0.12661,0.12976,1383279585
2025-12-16,0.12972,0.13304,0.12723,0.13174,1026120710
2025-12-17,0.13175,0.13627,0.12472,0.12628,1368935538
2025-12-18,0.1263,0.13062,0.11989,0.12199,1762583322
2025-12-19,0.122,0.13344,0.12048,0.13216,1479134848
2025-12-20,0.13214,0.1325,0.13059,0.1319,537943591
2025-12-21,0.1319,0.13336,0.12868,0.13107,662389637
2025-12-22,0.1311,0.13532,0.12948,0.1325,1123402771
2025-12-23,0.13246,0.13359,0.12785,0.12921,1123402771
2025-12-24,0.12923,0.13026,0.12641,0.12846,920201581
2025-12-25,0.12846,0.129,0.12291,0.12358,726734769
2025-12-26,0.12356,0.12746,0.12054,0.12202,1170409215
2025-12-27,0.12203,0.12486,0.12183,0.12427,481541479
2025-12-28,0.12428,0.12479,0.12269,0.12383,458322998
2025-12-29,0.12384,0.12792,0.12212,0.1227,1128737873
2025-12-30,0.1227,0.12516,0.12222,0.12321,915801292
2025-12-31,0.12319,0.12363,0.11592,0.11725,1083074816
2026-01-01,0.11726,0.12728,0.11722,0.12665,1453229056
2026-01-02,0.12666,0.14486,0.12575,0.14181,3222667520
2026-01-03,0.14179,0.14444,0.1391,0.14308,2023742056
2026-01-04,0.14308,0.15413,0.14269,0.14947,2329346323
2026-01-05,0.14946,0.15429,0.14571,0.15168,2329346323
2026-01-06,0.15168,0.15661,0.14342,0.15049,2233301980
2026-01-07,0.15048,0.15392,0.14476,0.14627,2233301980
2026-01-08,0.14627,0.14765,0.13783,0.14182,1645615672
2026-01-09,0.14182,0.14444,0.13812,0.14051,1302798478
2026-01-10,0.14051,0.14054,0.1389,0.13947,816409422
2026-01-11,0.13945,0.141,0.1356,0.13782,1050617536
2026-01-12,0.13781,0.14214,0.1347,0.13647,1732372910
2026-01-13,0.13645,0.15154,0.13611,0.14823,1778999507
2026-01-14,0.14823,0.15183,0.14551,0.14717,1778999507
2026-01-15,0.14718,0.14721,0.13878,0.13994,1541885031
2026-01-16,0.13994,0.14043,0.13506,0.13807,1398269621
2026-01-17,0.13807,0.13999,0.13677,0.13782,808975310
2026-01-18,0.13781,0.13829,0.13128,0.1316,1738607360
2026-01-19,0.13159,0.13159,0.121,0.12909,1914066465
2026-01-20,0.12907,0.12926,0.1218,0.12323,1400135680
2026-01-21,0.12322,0.12871,0.12019,0.12649,1594881270
2026-01-22,0.12651,0.1278,0.12311,0.12426,827497183
2026-01-23,0.12424,0.12772,0.1219,0.12462,904439765
2026-01-24,0.1246,0.12474,0.12274,0.12402,377237700
2026-01-25,0.12401,0.12416,0.11755,0.11932,1040862578
2026-01-26,0.1193,0.1237,0.11909,0.12222,1151054520
2026-01-27,0.12221,0.12646,0.1212,0.12604,1126245120
2026-01-28,0.12605,0.12754,0.12302,0.12484,1064072731
2026-01-29,0.12484,0.12503,0.11432,0.11709,1681357064
2026-01-30,0.1171,0.11853,0.11205,0.11562,1638538810
2026-01-31,0.11563,0.11575,0.09455,0.10414,2644125762
2026-02-01,0.10413,0.10674,0.10094,0.10416,2644125762
2026-02-02,0.10417,0.11047,0.09943,0.10783,1987430619
2026-02-03,0.10781,0.11044,0.10212,0.10589,1987430619
2026-02-04,0.10585,0.1093,0.10104,0.10361,1957004305
2026-02-05,0.10359,0.10453,0.08662,0.08832,3236639682
2026-02-06,0.08829,0.10207,0.07991,0.0984,3019798108
2026-02-07,0.09839,0.09938,0.09466,0.09816,1554578203
2026-02-08,0.0982,0.09896,0.09487,0.09655,813743324
2026-02-09,0.09656,0.09739,0.09233,0.09605,945795680
2026-02-10,0.09606,0.09653,0.09175,0.09274,840498107
2026-02-11,0.09273,0.09355,0.08786,0.09105,1032329246
2026-02-12,0.09107,0.0945,0.09062,0.0929,851954055
2026-02-13,0.09289,0.09758,0.09171,0.0966,879500779
2026-02-14,0.09661,0.11357,0.09625,0.11099,1609438576
2026-02-15,0.11097,0.11751,0.10149,0.10262,2563783568
2026-02-16,0.10261,0.10353,0.09845,0.10098,1222534498
2026-02-17,0.10099,0.10357,0.09834,0.10063,986666468
2026-02-18,0.10059,0.10227,0.09743,0.09849,742256640
2026-02-19,0.09851,0.0992,0.09553,0.09832,800628206
2026-02-20,0.0983,0.10241,0.09562,0.10009,1095490176
2026-02-21,0.1001,0.10095,0.09838,0.0984,500536224
2026-02-22,0.09839,0.09852,0.09455,0.09552,528956200
2026-02-23,0.09553,0.09761,0.09142,0.09263,1060468925
2026-02-24,0.09265,0.09357,0.08996,0.09136,1060468925
2026-02-25,0.09138,0.10622,0.09083,0.10095,1718365946
2026-02-26,0.10095,0.10168,0.09539,0.097,1718365946
2026-02-27,0.09702,0.09951,0.09195,0.09338,1000779753
2026-02-28,0.09339,0.095,0.08774,0.09407,1941543727
2026-03-01,0.09409,0.09788,0.09057,0.09186,1541167339
2026-03-02,0.09191,0.09772,0.09077,0.09356,1305707878
2026-03-03,0.09356,0.09384,0.08748,0.08998,1332806985
2026-03-04,0.08997,0.10435,0.08861,0.09895,2557379537
2026-03-05,0.09894,0.09923,0.09277,0.09357,2557379537
2026-03-06,0.09358,0.09437,0.09,0.09127,1016580083
2026-03-07,0.09128,0.09211,0.08928,0.08994,549955367
2026-03-08,0.08995,0.09134,0.08658,0.08916,902261216
2026-03-09,0.08914,0.09286,0.089,0.0905,1143463665
2026-03-10,0.09049,0.10045,0.09035,0.09456,2001286838
2026-03-11,0.09454,0.09488,0.09123,0.09289,1392246716
2026-03-12,0.0929,0.09586,0.09178,0.09475,1086419780
2026-03-13,0.09474,0.10199,0.09455,0.09597,2062953190
2026-03-14,0.09596,0.09644,0.09401,0.09607,796905714
2026-03-15,0.09608,0.0981,0.09449,0.09738,970107780
2026-03-16,0.0974,0.10375,0.09705,0.10306,2434118912
2026-03-17,0.10304,0.10446,0.09834,0.10021,1574300234
2026-03-18,0.1002,0.10192,0.09331,0.09526,1574300234
2026-03-19,0.09524,0.0961,0.09171,0.09353,959041027
2026-03-20,0.09353,0.0954,0.09285,0.09414,760919548
2026-03-21,0.09416,0.09496,0.09053,0.09134,938057621
2026-03-22,0.09132,0.09286,0.08919,0.09012,938057621
2026-03-23,0.09022,0.09575,0.08925,0.09417,1631634688
2026-03-24,0.09419,0.09556,0.0924,0.09505,1200850547
2026-03-25,0.09507,0.09793,0.09436,0.09617,1220182628
2026-03-26,0.09615,0.09626,0.09049,0.09198,1220182628
2026-03-27,0.09197,0.09265,0.08922,0.09002,979449553
2026-03-28,0.09004,0.09527,0.08963,0.09093,979449553
2026-03-29,0.09093,0.09158,0.08788,0.09035,736546723
2026-03-30,0.09037,0.09379,0.09018,0.09077,1173367524
2026-03-31,0.09079,0.09272,0.08928,0.09224,1084425209
2026-04-01,0.09222,0.09448,0.09152,0.09214,1208987058
2026-04-02,0.09214,0.09271,0.08893,0.09039,1039856118
2026-04-03,0.0904,0.09257,0.08989,0.09152,678899030
2026-04-04,0.09152,0.09312,0.09072,0.09205,659625530
2026-04-05,0.09204,0.0924,0.08969,0.09234,659625530
2026-04-06,0.09235,0.09357,0.08991,0.09051,1118708956
2026-04-07,0.0905,0.09603,0.09,0.0949,1483465291
2026-04-08,0.09492,0.09558,0.09215,0.09242,1483465291
2026-04-09,0.09241,0.09499,0.09093,0.09261,1472976981
2026-04-10,0.0926,0.09532,0.09195,0.09368,1303958868
2026-04-11,0.09372,0.09492,0.0923,0.09312,1023168856
2026-04-12,0.09311,0.09328,0.09034,0.09087,1255120519
2026-04-13,0.09087,0.0944,0.09072,0.09413,2377788953
2026-04-14,0.09415,0.09804,0.09243,0.09299,2377788953
2026-04-15,0.09301,0.09682,0.09265,0.0949,2821086478
2026-04-16,0.09491,0.09988,0.0945,0.09925,2899465984
2026-04-17,0.09933,0.10224,0.09674,0.09946,2821086478
2026-04-18,0.09945,0.09981,0.09429,0.09483,1874450943
2026-04-19,0.09484,0.09646,0.09261,0.09307,1874450943
2026-04-20,0.0931,0.09614,0.09295,0.09525,1874450943
2026-04-21,0.09526,0.09597,0.09358,0.09519,1646535784
2026-04-22,0.09521,0.09862,0.09489,0.09573,1770786688
2026-04-23,0.09571,0.09804,0.09518,0.09716,1646535784
2026-04-24,0.09719,0.09957,0.09684,0.09846,1600279263
2026-04-25,0.09846,0.09911,0.09741,0.098,1062539949
2026-04-26,0.09802,0.09995,0.09752,0.09924,1204857344
2026-04-27,0.09924,0.10088,0.09695,0.09894,1599145745
2026-04-28,0.09896,0.10096,0.09806,0.09933,1819885056
2026-04-29,0.09933,0.112,0.09922,0.10403,5079818240
2026-04-30,0.10413,0.10839,0.10392,0.10645,4576701689
2026-05-01,0.10643,0.11052,0.10637,0.10849,2242834148
2026-05-02,0.10851,0.10935,0.10712,0.10849,1161587200
2026-05-03,0.1085,0.10963,0.10711,0.10823,1622703360
2026-05-04,0.10822,0.11373,0.10765,0.11008,2664862403
2026-05-05,0.11008,0.11651,0.10996,0.11482,2419876400
2026-05-06,0.11484,0.11709,0.11137,0.11244,2419876400
2026-05-07,0.11246,0.11249,0.10671,0.10783,1654526434
2026-05-08,0.10784,0.1097,0.10612,0.10953,1287284889
2026-05-09,0.10955,0.11131,0.10808,0.10872,1381684972
2026-05-10,0.1087,0.11285,0.10638,0.11243,1664126336
2026-05-11,0.11244,0.11273,0.10838,0.11122,1467112252
2026-05-12,0.11121,0.11157,0.10747,0.11013,1467112252
2026-05-13,0.11013,0.11467,0.10961,0.11259,2144747392
2026-05-14,0.1126,0.1186,0.11192,0.11542,2701345396
2026-05-15,0.11542,0.11745,0.11072,0.11328,1734943099
2026-05-16,0.11327,0.11344,0.10772,0.10931,1049706048
2026-05-17,0.10934,0.11274,0.10561,0.10893,1188710272
2026-05-18,0.10892,0.10902,0.10246,0.10471,1572790953
2026-05-19,0.10471,0.10545,0.10256,0.10291,724764608
2026-05-20,0.1029,0.10488,0.10182,0.1036,718673911
2026-05-21,0.1036,0.10644,0.10356,0.10558,915330742
2026-05-22,0.10558,0.10666,0.10145,0.10225,879818274
2026-05-23,0.10224,0.10493,0.09722,0.103,1148990404
2026-05-24,0.10302,0.10382,0.1004,0.10215,576461248
2026-05-25,0.10216,0.10371,0.10156,0.10205,512202093
2026-05-26,0.10204,0.10374,0.10016,0.10092,794020531
2026-05-27,0.10091,0.10318,0.09921,0.10035,804090270
2026-05-28,0.10034,0.10069,0.09635,0.0995,965939870
2026-05-29,0.09951,0.10105,0.0973,0.09967,713308044
2026-05-30,0.09966,0.10168,0.09935,0.10047,573303190
2026-05-31,0.10047,0.10126,0.09895,0.10029,595290860
2026-06-01,0.10029,0.10141,0.09761,0.10098,1085202118
2026-06-02,0.10095,0.1011,0.09106,0.09262,1479233067
2026-06-03,0.09263,0.09441,0.09045,0.09126,1294919481
2026-06-04,0.09125,0.09173,0.08574,0.08834,1454997905
2026-06-05,0.08832,0.08867,0.07894,0.08145,2080864492
2026-06-06,0.08145,0.083,0.07764,0.0819,985385287
2026-06-07,0.08191,0.08756,0.08161,0.08625,870299834
2026-06-08,0.08622,0.08748,0.08432,0.08631,686410446
2026-06-09,0.08629,0.08668,0.08309,0.08475,760706416
2026-06-10,0.08475,0.0854,0.08175,0.08288,634856594
2026-06-11,0.08289,0.08698,0.08289,0.08598,643549549
2026-06-12,0.08599,0.09239,0.085,0.08594,1344804488
2026-06-13,0.08593,0.08877,0.08576,0.08785,599160829
2026-06-14,0.08781,0.08904,0.08565,0.08883,689593408
2026-06-15,0.08884,0.09085,0.08774,0.08806,1074947667
2026-06-16,0.08806,0.08903,0.08615,0.08708,695949486
2026-06-17,0.08709,0.08803,0.08459,0.08585,585907136
2026-06-18,0.08585,0.08649,0.08173,0.08345,557336000
2026-06-19,0.08344,0.08387,0.08181,0.08347,364426485
2026-06-20,0.08346,0.08423,0.08257,0.08361,357318788
2026-06-21,0.08363,0.08376,0.08201,0.08213,343184896
2026-06-22,0.08215,0.08498,0.0818,0.08233,468086336
2026-06-23,0.08233,0.08262,0.07821,0.0788,661419088
2026-06-24,0.0788,0.07968,0.07267,0.07608,964905152
2026-06-25,0.07605,0.07738,0.07133,0.07479,887557824
2026-06-26,0.07481,0.07601,0.07205,0.07568,775998512
2026-06-27,0.07568,0.07631,0.07398,0.0744,440414432
2026-06-28,0.07439,0.07459,0.07206,0.07301,477025312
2026-06-29,0.073,0.07415,0.07184,0.07335,632551100
2026-06-30,0.0733,0.07347,0.06937,0.07196,825082816
2026-07-01,0.07196,0.0739,0.0704,0.07215,641791040
2026-07-02,0.07213,0.07552,0.0716,0.07412,734248256
2026-07-03,0.07413,0.0784,0.07386,0.07747,700677184
2026-07-04,0.07747,0.0793,0.07655,0.07758,660477376
2026-07-05,0.07757,0.07874,0.07526,0.0778,576175431
2026-07-06,0.07781,0.0783,0.0743,0.07661,798247616
2026-07-07,0.07662,0.07696,0.07356,0.07413,638464512
2026-07-08,0.07414,0.07442,0.07096,0.07237,623046331
2026-07-09,0.07238,0.07352,0.07191,0.07283,504423552
2026-07-10,0.07286,0.07464,0.07261,0.07405,490630557
2026-07-11,0.07407,0.07553,0.07314,0.07318,471240032
2026-07-12,0.07317,0.07384,0.07224,0.07268,420688448
2026-07-13,0.07266,0.07412,0.07084,0.07191,482776650
2026-07-14,0.07194,0.07533,0.07136,0.0744,632478784
2026-07-15,0.07441,0.07518,0.07329,0.07401,643787478
2026-07-16,0.07404,0.07444,0.07207,0.07233,490838656
2026-07-17,0.07231,0.07293,0.07094,0.07252,481867256
2026-07-18,0.07253,0.07274,0.07191,0.07251,290014400
2026-07-19,0.07251,0.07278,0.07165,0.0723,342941568
2026-07-20,0.07234,0.07353,0.07103,0.07204,690918592
2026-07-21,0.07207,0.07376,0.07185,0.07335,569678720
2026-07-22,0.07335,0.07385,0.07205,0.07295,552784896
2026-07-23,0.07296,0.07319,0.06834,0.06916,857558912
2026-07-24,0.06916,0.07011,0.06817,0.06953,668668235
2026-07-25,0.0695,0.0736,0.06909,0.07166,728896448
2026-07-26,0.07167,0.07396,0.07152,0.07328,614864450
2026-07-27,0.07327,0.07346,0.07004,0.07031,613211904
2026-07-28,0.07034,0.07134,0.06917,0.07078,581610112
2026-07-29,0.0708,0.07116,0.06876,0.07008,593504603
2026-07-30,0.07009,0.07095,0.06954,0.07053,501937216
2026-07-31,0.07053,0.07094,0.06838,0.06953,566191793
2026-08-01,0.06954,0.07023,0.06762,0.0691,442377248
2026-08-02,0.0691,0.07138,0.06906,0.07077,422700048
2026-08-03,0.07075,0.07086,0.0689,0.07013,495540512
2026-08-04,0.07012,0.07062,0.06972,0.07,411384640
2026-08-05,0.07,0.07049,0.06923,0.06999,413765662
2026-08-06,0.06998,0.07012,0.06817,0.06902,409586272
2026-08-07,0.06903,0.07026,0.06876,0.06958,464798592
2026-08-08,0.06957,0.07151,0.06953,0.07036,404197024
2026-08-09,0.07036,0.07096,0.06917,0.06919,326352864
2026-08-10,0.06919,0.07019,0.06904,0.06964,369763045
2026-08-11,0.06964,0.07308,0.06954,0.07184,575863808
2026-08-12,0.07182,0.07246,0.06884,0.06958,500240544
2026-08-13,0.06958,0.07078,0.06945,0.07012,309518926
2026-08-14,0.07013,0.07031,0.06915,0.07001,254357872
2026-08-15,0.06999,0.07048,0.06939,0.06953,176737108
2026-08-16,0.06954,0.07011,0.06893,0.06951,228838128
2026-08-17,0.0695,0.07053,0.06938,0.07033,307049376
2026-08-18,0.07035,0.0705,0.06954,0.07019,290520298
2026-08-19,0.07022,0.07635,0.06981,0.07499,1009743552
2026-08-20,0.07499,0.08354,0.07439,0.08044,1651184256
2026-08-21,0.08046,0.09474,0.08028,0.09154,2357716224
2026-08-22,0.09158,0.10087,0.08245,0.09187,3404861007
2026-08-23,0.09186,0.0945,0.08872,0.09341,3404861007
2026-08-24,0.09341,0.09362,0.088,0.09009,1400487040
2026-08-25,0.09008,0.09307,0.08489,0.08566,1363440627
2026-08-26,0.08568,0.08782,0.08382,0.0877,1122888607
2026-08-27,0.08766,0.09002,0.08619,0.08916,876276416
2026-08-28,0.08917,0.09034,0.0838,0.08524,869184736
2026-08-29,0.08522,0.08569,0.08419,0.0853,357493504
2026-08-30,0.08526,0.08648,0.08082,0.08205,742897792
2026-08-31,0.08204,0.08395,0.08141,0.08283,527912032
