date,open,high,low,close,volume
2021-01-01,737.89,750.0,717.1,730.99,13652004358
2021-01-02,730.97,789.21,715.22,775.3,19740771179
2021-01-03,775.29,1015.14,770.0,980.44,45200463368
2021-01-04,980.44,1168.99,886.33,1042.38,56945985763
2021-01-05,1042.24,1136.93,975.0,1103.73,41535932781
2021-01-06,1103.71,1215.98,1058.32,1212.02,44699914188
2021-01-07,1212.68,1291.94,1140.0,1227.34,40468027280
2021-01-08,1227.55,1275.0,1063.18,1217.35,44334826666
2021-01-09,1217.31,1310.0,1172.86,1281.45,33233105361
2021-01-10,1281.25,1350.88,1153.0,1255.13,40616938053
2021-01-11,1255.1,1260.24,905.0,1088.79,60733630300
2021-01-12,1088.55,1150.0,1006.83,1049.79,37494601692
2021-01-13,1050.46,1137.75,980.0,1130.8,30109792795
2021-01-14,1130.79,1246.99,1087.05,1231.32,33410915929
2021-01-15,1231.59,1255.59,1065.0,1168.1,35972039310
2021-01-16,1169.04,1294.0,1152.3,1227.14,32319240157
2021-01-17,1227.76,1268.83,1165.78,1232.99,29258032819
2021-01-18,1232.6,1261.0,1181.9,1258.48,25817455560
2021-01-19,1258.55,1440.0,1252.01,1368.04,47195935190
2021-01-20,1367.7,1408.5,1234.01,1376.88,46784030909
2021-01-21,1377.15,1390.0,1081.0,1110.62,45932464754
2021-01-22,1110.61,1275.99,1039.62,1233.6,43918338506
2021-01-23,1233.42,1272.0,1196.74,1234.55,27253895441
2021-01-24,1234.47,1401.92,1221.66,1394.0,36418163554
2021-01-25,1394.04,1477.3,1293.65,1317.97,43565777745
2021-01-26,1317.98,1378.12,1245.0,1367.98,41572917750
2021-01-27,1367.97,1375.91,1206.05,1240.96,39394416990
2021-01-28,1240.62,1363.27,1220.08,1333.19,34637234789
2021-01-29,1333.61,1442.88,1286.56,1379.87,53611955259
2021-01-30,1380.04,1408.97,1327.0,1380.0,30616574234
2021-01-31,1380.0,1382.0,1283.0,1313.94,25198853581
2021-02-01,1313.95,1378.02,1271.31,1374.6,29210670920
2021-02-02,1374.55,1549.0,1360.27,1513.67,45437142801
2021-02-03,1513.85,1672.21,1509.48,1668.72,41874566399
2021-02-04,1668.71,1699.0,1556.0,1597.55,44396871836
2021-02-05,1597.34,1763.93,1589.17,1721.06,40108628454
2021-02-06,1721.06,1745.25,1646.7,1679.77,39873420648
2021-02-07,1679.76,1695.38,1493.28,1615.32,39889440151
2021-02-08,1615.51,1780.0,1565.98,1752.98,48012285956
2021-02-09,1752.98,1824.23,1710.01,1772.16,44180727529
2021-02-10,1771.91,1839.0,1680.0,1742.93,41916084617
2021-02-11,1742.51,1819.0,1704.23,1787.32,36021495262
2021-02-12,1787.33,1868.9,1741.29,1845.0,37905036865
2021-02-13,1844.78,1877.88,1766.15,1818.01,35359490535
2021-02-14,1817.85,1852.47,1785.07,1803.75,31439114900
2021-02-15,1803.25,1836.0,1659.93,1779.62,38955610883
2021-02-16,1780.59,1825.0,1725.0,1781.97,34269369268
2021-02-17,1782.14,1857.61,1733.87,1852.0,35955412703
2021-02-18,1851.9,1950.3,1851.47,1939.64,28255902969
2021-02-19,1939.64,1974.98,1890.0,1957.68,26268814253
2021-02-20,1957.9,2041.42,1811.25,1915.46,34696091102
2021-02-21,1915.01,1976.72,1885.0,1935.57,23626547717
2021-02-22,1935.67,1938.95,1507.34,1778.66,42409646036
2021-02-23,1778.33,1783.22,1356.0,1577.83,52029864713
2021-02-24,1577.84,1714.0,1500.28,1625.3,31329000537
2021-02-25,1625.27,1672.49,1458.5,1482.62,24481681873
2021-02-26,1482.05,1564.11,1400.01,1445.18,31435997881
2021-02-27,1445.09,1526.82,1420.0,1460.57,20742103233
2021-02-28,1460.49,1469.96,1292.76,1422.02,27637026080
2021-03-01,1421.8,1574.28,1412.61,1571.82,24032838645
2021-03-02,1571.87,1605.89,1455.86,1488.34,22523669722
2021-03-03,1488.34,1657.91,1476.72,1567.86,22674780680
2021-03-04,1568.4,1625.0,1504.06,1539.69,22906118718
2021-03-05,1539.53,1551.19,1442.32,1528.82,21067146937
2021-03-06,1528.82,1673.02,1512.45,1651.83,22746262366
2021-03-07,1651.75,1735.0,1631.07,1728.22,23809935410
2021-03-08,1727.95,1843.99,1664.08,1834.58,27630991158
2021-03-09,1834.88,1872.26,1800.0,1871.99,23461244507
2021-03-10,1871.93,1879.0,1756.29,1795.37,25154173185
2021-03-11,1795.55,1847.0,1725.0,1827.04,24013132909
2021-03-12,1826.53,1841.96,1721.15,1767.79,22435821312
2021-03-13,1766.76,1944.0,1728.3,1921.61,25014689475
2021-03-14,1921.76,1931.97,1836.61,1848.9,19344589211
2021-03-15,1848.56,1893.75,1734.87,1795.07,26244738810
2021-03-16,1794.08,1819.2,1706.25,1806.03,23828509590
2021-03-17,1805.7,1841.13,1742.0,1824.74,24512917348
2021-03-18,1824.45,1850.0,1758.4,1776.4,23263845504
2021-03-19,1776.4,1840.69,1734.29,1809.38,21249297710
2021-03-20,1808.95,1869.0,1800.55,1806.47,22677674970
2021-03-21,1806.04,1818.86,1748.25,1784.0,22977404620
2021-03-22,1784.11,1806.39,1657.17,1681.02,23599296129
2021-03-23,1681.4,1723.61,1651.58,1668.09,21998237965
2021-03-24,1668.37,1740.91,1545.77,1581.79,31228051473
2021-03-25,1581.97,1622.27,1548.69,1587.08,29650328701
2021-03-26,1587.01,1700.7,1586.81,1700.1,22548516548
2021-03-27,1699.97,1732.85,1666.4,1713.88,18102277710
2021-03-28,1713.96,1725.71,1662.0,1686.92,16599472938
2021-03-29,1686.92,1841.88,1675.28,1815.73,22796570548
2021-03-30,1815.73,1860.0,1785.77,1841.16,22512781703
2021-03-31,1841.03,1948.0,1771.94,1920.0,30226902621
2021-04-01,1919.99,1982.21,1886.11,1968.38,30914259795
2021-04-02,1968.74,2145.0,1948.67,2134.68,34862511022
2021-04-03,2134.38,2139.33,2000.0,2009.25,32011518871
2021-04-04,2008.97,2093.07,1980.0,2076.36,26006501902
2021-04-05,2076.31,2131.27,2003.1,2106.98,28889391170
2021-04-06,2107.45,2151.0,2046.08,2113.0,29222865881
2021-04-07,2113.55,2128.99,1929.69,1964.23,36116271935
2021-04-08,1964.69,2084.54,1949.34,2081.29,25312956529
2021-04-09,2081.29,2100.0,2048.41,2066.03,19812472092
2021-04-10,2066.5,2195.0,2057.2,2133.08,24986243611
2021-04-11,2133.07,2163.18,2112.58,2150.54,19692836132
2021-04-12,2150.54,2199.11,2102.55,2138.03,21727936609
2021-04-13,2138.02,2317.3,2135.9,2299.92,29456642939
2021-04-14,2300.01,2446.91,2283.26,2432.54,35592822986
2021-04-15,2432.16,2546.82,2401.25,2517.03,32325606817
2021-04-16,2517.03,2548.0,2305.0,2426.64,36196928256
2021-04-17,2426.64,2497.84,2305.55,2318.7,32349808978
2021-04-18,2319.11,2341.0,2000.0,2241.46,50696368718
2021-04-19,2241.67,2282.6,2050.0,2163.82,34060654971
2021-04-20,2163.69,2349.5,2054.25,2332.6,39433483315
2021-04-21,2332.18,2471.72,2237.02,2357.21,38899067643
2021-04-22,2357.74,2646.2,2304.0,2399.99,53575904724
2021-04-23,2399.21,2442.29,2040.0,2370.05,55413933925
2021-04-24,2369.8,2371.18,2158.36,2216.72,31854226936
2021-04-25,2216.18,2358.22,2166.0,2322.16,31814355546
2021-04-26,2322.43,2542.04,2306.03,2534.0,35208325408
2021-04-27,2533.99,2683.0,2484.56,2667.86,32275969215
2021-04-28,2667.86,2762.59,2551.0,2751.59,34269031076
2021-04-29,2751.56,2800.0,2672.0,2758.92,32578127990
2021-04-30,2758.92,2800.0,2727.0,2776.45,29777179889
2021-05-01,2776.76,2955.9,2757.28,2948.92,28726205272
2021-05-02,2948.92,2986.0,2855.29,2952.09,28032013047
2021-05-03,2952.21,3457.75,2952.08,3433.99,49174290212
2021-05-04,3433.99,3534.5,3166.12,3240.01,62402045158
2021-05-05,3239.61,3550.0,3201.33,3529.97,48334198383
2021-05-06,3529.96,3610.91,3381.11,3492.75,44300394788
2021-05-07,3492.33,3595.07,3356.69,3484.7,39607240515
2021-05-08,3484.69,3962.44,3455.0,3917.26,50208491286
2021-05-09,3917.26,3984.0,3726.29,3928.44,50568290278
2021-05-10,3928.41,4213.85,3650.01,3949.45,62691789007
2021-05-11,3949.45,4183.25,3760.0,4179.76,52679737865
2021-05-12,4179.77,4384.43,3700.0,3826.37,69023382175
2021-05-13,3826.37,4055.62,3525.62,3719.23,78398214539
2021-05-14,3719.22,4177.77,3695.0,4080.51,48174271215
2021-05-15,4080.51,4138.0,3632.0,3649.54,42422321751
2021-05-16,3648.16,3878.23,3334.88,3585.62,47359478734
2021-05-17,3584.79,3590.0,3101.0,3283.32,54061732774
2021-05-18,3283.32,3567.4,3241.06,3375.96,40416525218
2021-05-19,3376.98,3444.96,1860.0,2443.91,84482912776
2021-05-20,2443.91,2999.99,2156.0,2775.07,67610826680
2021-05-21,2775.06,2950.0,2105.0,2434.86,53774070802
2021-05-22,2434.86,2486.29,2156.0,2297.19,42089937660
2021-05-23,2296.68,2382.0,1728.0,2099.58,56005721977
2021-05-24,2100.07,2678.25,2072.15,2651.24,53697121740
2021-05-25,2651.57,2768.0,2383.39,2707.56,49558333256
2021-05-26,2707.75,2913.68,2647.21,2889.84,42499766020
2021-05-27,2889.43,2893.96,2639.32,2745.51,33373635283
2021-05-28,2745.25,2762.91,2329.2,2413.81,39999114805
2021-05-29,2413.28,2574.86,2207.74,2280.72,33773720220
2021-05-30,2280.78,2480.69,2182.2,2387.66,25876619428
2021-05-31,2387.65,2720.0,2275.22,2707.12,31007383150
2021-06-01,2707.87,2748.0,2527.88,2634.42,27363223090
2021-06-02,2634.46,2803.0,2552.28,2706.64,27723267359
2021-06-03,2706.87,2890.0,2663.02,2856.68,30038207402
2021-06-04,2856.73,2859.85,2554.39,2690.68,34173841611
2021-06-05,2691.13,2816.92,2552.18,2629.75,30496672724
2021-06-06,2629.45,2745.36,2615.0,2710.97,25311639414
2021-06-07,2710.97,2849.15,2575.0,2592.47,30600111277
2021-06-08,2592.47,2621.91,2306.52,2509.11,41909736778
2021-06-09,2509.1,2628.16,2406.33,2611.27,36075832186
2021-06-10,2611.4,2625.0,2428.16,2471.59,28753626390
2021-06-11,2471.59,2499.34,2322.16,2355.27,24832564195
2021-06-12,2355.11,2452.58,2257.07,2371.49,25724364410
2021-06-13,2371.85,2550.0,2309.67,2510.23,27092945370
2021-06-14,2510.22,2609.02,2461.63,2582.86,26964576331
2021-06-15,2582.45,2640.0,2506.23,2543.58,29005279219
2021-06-16,2543.57,2555.0,2351.01,2367.73,24101926180
2021-06-17,2368.24,2459.53,2306.35,2373.33,21871633186
2021-06-18,2373.33,2377.8,2125.12,2234.47,22752818388
2021-06-19,2234.8,2279.0,2162.72,2164.72,18765854896
2021-06-20,2165.13,2275.78,2042.5,2242.9,22535930423
2021-06-21,2242.89,2259.1,1864.5,1885.67,33745173825
2021-06-22,1885.49,1996.67,1700.0,1881.65,35547251725
2021-06-23,1881.24,2045.0,1823.97,1968.37,28408659206
2021-06-24,1968.36,2035.39,1884.77,1988.81,20272845769
2021-06-25,1988.81,2019.39,1792.0,1809.07,22774334998
2021-06-26,1809.07,1851.97,1717.41,1829.17,20637542361
2021-06-27,1829.0,1988.62,1807.89,1984.71,19885474742
2021-06-28,1984.84,2143.67,1957.24,2083.79,25514602841
2021-06-29,2083.99,2247.03,2074.53,2166.18,24815124419
2021-06-30,2165.64,2288.0,2089.16,2276.72,25828056268
2021-07-01,2276.74,2277.44,2072.06,2107.01,29061701793
2021-07-02,2107.75,2159.43,2017.07,2156.0,31796212554
2021-07-03,2156.0,2239.69,2113.18,2226.95,17433361641
2021-07-04,2227.46,2389.22,2190.56,2323.15,18787107473
2021-07-05,2323.27,2324.44,2160.0,2197.34,20103794829
2021-07-06,2197.34,2350.0,2195.02,2321.84,20891861314
2021-07-07,2322.2,2411.19,2294.16,2316.82,22398345285
2021-07-08,2317.64,2325.46,2084.0,2116.95,23188123689
2021-07-09,2116.3,2189.28,2050.0,2147.38,23029574602
2021-07-10,2147.38,2192.98,2075.0,2110.55,17581542471
2021-07-11,2110.56,2173.37,2081.51,2140.82,14705386138
2021-07-12,2141.45,2169.0,2002.0,2030.72,17768129077
2021-07-13,2030.74,2047.72,1917.4,1940.76,16621628658
2021-07-14,1940.34,2019.9,1865.5,1994.11,17342819679
2021-07-15,1994.12,2039.99,1880.0,1918.07,15688092552
2021-07-16,1918.99,1965.35,1850.15,1877.22,14884569147
2021-07-17,1877.22,1919.0,1847.0,1899.75,13364282076
2021-07-18,1899.75,1994.4,1878.67,1891.46,13791868728
2021-07-19,1891.46,1918.65,1805.47,1818.44,14157735481
2021-07-20,1818.45,1840.79,1718.41,1786.46,17368597636
2021-07-21,1786.51,2033.16,1754.27,1996.18,21253359756
2021-07-22,1996.21,2046.74,1948.68,2024.75,17495480331
2021-07-23,2024.75,2131.51,1995.0,2125.81,16200392492
2021-07-24,2125.82,2200.0,2107.13,2185.95,16057446601
2021-07-25,2186.76,2197.05,2108.08,2193.03,14566483636
2021-07-26,2192.38,2437.99,2172.99,2228.26,29614324233
2021-07-27,2228.71,2321.0,2152.0,2300.59,23067480378
2021-07-28,2300.28,2347.88,2245.1,2300.42,18991302378
2021-07-29,2300.76,2399.99,2267.78,2383.32,16313373113
2021-07-30,2383.47,2474.82,2317.51,2463.9,20212848934
2021-07-31,2463.88,2555.0,2422.31,2533.74,18001710283
2021-08-01,2533.54,2699.0,2511.5,2555.43,22697987055
2021-08-02,2555.99,2666.36,2503.7,2608.12,22162754104
2021-08-03,2608.12,2633.0,2445.58,2508.31,22696753413
2021-08-04,2508.16,2771.42,2455.94,2724.71,25038698173
2021-08-05,2724.71,2845.0,2530.69,2829.35,31057928075
2021-08-06,2829.49,2949.21,2721.0,2892.98,26528577879
2021-08-07,2892.83,3173.72,2866.58,3163.09,33081467129
2021-08-08,3163.09,3191.99,2948.76,3014.13,28433638008
2021-08-09,3014.12,3190.0,2892.5,3162.34,31983260936
2021-08-10,3162.33,3235.1,3051.0,3142.09,27605221710
2021-08-11,3142.18,3275.0,3122.22,3162.61,26729035052
2021-08-12,3162.16,3239.69,2980.0,3047.21,25403699845
2021-08-13,3047.21,3330.0,3034.52,3324.51,23868866254
2021-08-14,3324.51,3333.0,3206.96,3266.52,19860862133
2021-08-15,3266.52,3323.54,3112.96,3310.93,22166205051
2021-08-16,3311.02,3341.47,3135.0,3146.6,23080039949
2021-08-17,3146.6,3293.15,2992.15,3011.01,25509056745
2021-08-18,3011.77,3126.51,2951.0,3014.38,21539248425
2021-08-19,3014.38,3187.48,2960.0,3184.21,19546290360
2021-08-20,3184.32,3300.0,3178.65,3286.58,20885619828
2021-08-21,3286.82,3311.0,3206.96,3226.73,18113977628
2021-08-22,3226.38,3275.0,3128.82,3241.42,15983278460
2021-08-23,3241.41,3378.6,3233.19,3323.12,20511110509
2021-08-24,3322.76,3360.0,3133.45,3171.52,20131028906
2021-08-25,3170.94,3249.0,3079.92,3228.51,18902728235
2021-08-26,3228.51,3251.05,3056.0,3093.2,17405668117
2021-08-27,3092.71,3283.26,3050.0,3274.67,18489602004
2021-08-28,3275.32,3290.51,3212.01,3247.99,13709633698
2021-08-29,3247.99,3287.73,3153.75,3226.46,13296586731
2021-08-30,3226.45,3349.0,3145.45,3229.01,19306924485
2021-08-31,3229.02,3486.8,3190.56,3430.23,27280502987
2021-09-01,3430.0,3843.12,3384.24,3829.39,30070890104
2021-09-02,3829.29,3838.28,3722.65,3787.97,24387397330
2021-09-03,3788.2,4030.35,3710.59,3940.06,26207765094
2021-09-04,3940.06,3970.0,3834.57,3887.53,20806963328
2021-09-05,3887.58,3982.64,3835.7,3952.17,18371468576
2021-09-06,3951.68,3973.27,3868.0,3928.89,18674691198
2021-09-07,3928.72,3948.0,3009.0,3436.96,39131346397
2021-09-08,3436.75,3562.98,3216.0,3500.34,31738430771
2021-09-09,3499.54,3568.59,3393.17,3424.95,24118055831
2021-09-10,3424.32,3514.37,3142.67,3209.82,22355974097
2021-09-11,3209.29,3349.43,3199.88,3266.77,18627122934
2021-09-12,3266.97,3472.99,3231.75,3403.75,16810411424
2021-09-13,3403.81,3430.0,3111.14,3286.2,22721552948
2021-09-14,3285.66,3439.15,3270.74,3436.29,19125420848
2021-09-15,3436.29,3621.15,3359.96,3615.65,17548551804
2021-09-16,3615.68,3675.92,3482.97,3568.66,20093903064
2021-09-17,3568.77,3595.0,3350.06,3400.0,17722363229
2021-09-18,3400.0,3543.0,3369.53,3436.31,15995220233
2021-09-19,3436.59,3457.22,3278.0,3328.59,14257609743
2021-09-20,3328.7,3346.58,2911.81,2976.48,27371684581
2021-09-21,2976.36,3104.82,2651.0,2765.69,30405062665
2021-09-22,2765.33,3090.83,2738.24,3078.43,23742102645
2021-09-23,3078.42,3182.34,3035.83,3154.62,18516291047
2021-09-24,3154.42,3160.48,2735.0,2930.61,25595422789
2021-09-25,2930.59,2968.85,2800.01,2924.01,18932786754
2021-09-26,2923.91,3117.48,2741.34,3060.71,21172766310
2021-09-27,3059.92,3168.03,2925.0,2925.27,19164053681
2021-09-28,2926.27,2971.16,2782.6,2805.65,16895079070
2021-09-29,2805.64,2950.6,2781.99,2850.14,15763456158
2021-09-30,2849.71,3048.58,2836.21,3000.46,17661065099
2021-10-01,3001.14,3337.15,2967.41,3311.16,22307625573
2021-10-02,3311.2,3469.95,3258.94,3387.82,19202671704
2021-10-03,3388.67,3489.18,3343.36,3420.07,15516566862
2021-10-04,3419.63,3438.91,3269.67,3387.2,17747154101
2021-10-05,3386.9,3547.88,3365.34,3515.3,16632591670
2021-10-06,3517.26,3632.44,3342.16,3575.85,21855226591
2021-10-07,3576.45,3655.02,3471.52,3588.51,19090322927
2021-10-08,3588.83,3670.0,3535.0,3563.96,16222029488
2021-10-09,3563.96,3634.13,3538.61,3575.83,12707036942
2021-10-10,3575.2,3605.49,3406.44,3415.0,16171746693
2021-10-11,3414.75,3625.0,3373.45,3542.37,18579189588
2021-10-12,3542.2,3549.0,3403.51,3490.61,18109578443
2021-10-13,3490.17,3614.48,3412.45,3608.21,16211275589
2021-10-14,3608.43,3828.84,3588.55,3791.66,19443499909
2021-10-15,3791.06,3900.0,3734.44,3869.73,20966841512
2021-10-16,3869.73,3968.49,3802.0,3829.66,16578095629
2021-10-17,3829.7,3919.0,3643.0,3847.18,15908090346
2021-10-18,3847.38,3894.7,3676.35,3745.48,17386204158
2021-10-19,3745.13,3890.36,3700.0,3878.17,15998757133
2021-10-20,3878.35,4169.0,3829.59,4161.94,20338319988
2021-10-21,4161.83,4374.95,4010.22,4053.9,28220661820
2021-10-22,4053.97,4169.72,3885.25,3971.55,19432937968
2021-10-23,3971.89,4172.04,3935.92,4168.56,14781537792
2021-10-24,4168.53,4188.42,3962.05,4082.64,14978083638
2021-10-25,4082.09,4236.27,4069.22,4220.93,15995727040
2021-10-26,4221.16,4297.0,4091.31,4131.47,17157714562
2021-10-27,4132.19,4314.63,3911.0,3923.94,26219530404
2021-10-28,3925.26,4299.0,3889.05,4288.26,25958154575
2021-10-29,4288.25,4461.96,4266.91,4421.23,22967641914
2021-10-30,4421.23,4435.0,4236.99,4324.67,14615490626
2021-10-31,4325.55,4395.99,4168.1,4290.16,17498160238
2021-11-01,4290.31,4385.16,4151.0,4322.89,17985288261
2021-11-02,4322.89,4604.99,4287.32,4595.01,20794448222
2021-11-03,4594.27,4671.0,4456.0,4606.07,21220463155
2021-11-04,4606.07,4610.24,4423.01,4537.15,18415244464
2021-11-05,4537.14,4574.0,4446.01,4479.47,15086003586
2021-11-06,4479.47,4534.43,4329.21,4523.16,14429076700
2021-11-07,4523.73,4639.8,4506.99,4617.02,13541376033
2021-11-08,4617.27,4825.0,4616.5,4811.9,19290896267
2021-11-09,4811.89,4842.54,4697.9,4731.59,20834172627
2021-11-10,4731.58,4867.81,4460.0,4632.22,22748160545
2021-11-11,4632.23,4783.05,4578.05,4721.87,17933201129
2021-11-12,4721.07,4809.27,4508.42,4667.34,18316060208
2021-11-13,4667.79,4708.6,4586.8,4644.44,14457436261
2021-11-14,4644.43,4695.07,4516.05,4627.03,12172962219
2021-11-15,4626.61,4770.0,4541.0,4565.06,16275851299
2021-11-16,4564.34,4564.98,4108.0,4209.5,27417502801
2021-11-17,4209.89,4300.01,4068.24,4289.4,22183461850
2021-11-18,4289.4,4346.42,3960.0,3997.93,21383250893
2021-11-19,3998.57,4314.82,3975.24,4299.55,20626269711
2021-11-20,4299.55,4438.96,4206.03,4416.69,15448261277
2021-11-21,4416.36,4427.72,4246.07,4262.99,14094831413
2021-11-22,4263.04,4322.86,4024.45,4089.16,19752218877
2021-11-23,4089.17,4389.95,4062.28,4341.62,22133497059
2021-11-24,4341.58,4359.88,4168.99,4270.74,21838037128
2021-11-25,4270.93,4555.11,4250.0,4525.87,18705358318
2021-11-26,4527.03,4555.53,3915.0,4043.67,26281795488
2021-11-27,4043.62,4186.97,4031.56,4098.31,16515693874
2021-11-28,4098.53,4303.35,3950.0,4298.38,15953126340
2021-11-29,4298.38,4466.0,4282.07,4449.42,19086475837
2021-11-30,4449.42,4759.0,4350.91,4634.95,28626354111
2021-12-01,4636.43,4784.5,4526.94,4586.95,27634826695
2021-12-02,4586.87,4637.39,4435.0,4514.59,21502671027
2021-12-03,4514.54,4662.75,4035.0,4216.93,25879591528
2021-12-04,4216.3,4240.0,3575.0,4123.13,38478999182
2021-12-05,4123.13,4257.0,4038.13,4203.22,25533062707
2021-12-06,4203.22,4380.8,3913.0,4354.22,28229518513
2021-12-07,4354.09,4433.99,4260.0,4310.19,22366213354
2021-12-08,4310.21,4456.36,4226.88,4440.51,18704315119
2021-12-09,4440.94,4490.72,4076.15,4106.06,22296131874
2021-12-10,4105.99,4232.38,3889.42,3900.91,28014595631
2021-12-11,3899.97,4099.87,3835.0,4091.18,19131502454
2021-12-12,4091.17,4186.16,3989.41,4132.92,14057603914
2021-12-13,4132.91,4146.1,3660.0,3783.81,23999841386
2021-12-14,3784.0,3884.08,3686.49,3860.74,23836759957
2021-12-15,3860.72,4097.0,3643.43,4021.53,26411188833
2021-12-16,4021.41,4116.39,3952.81,3957.28,19825531254
2021-12-17,3957.12,3994.81,3699.0,3876.02,23143541098
2021-12-18,3876.37,3999.0,3768.14,3961.92,19530895889
2021-12-19,3961.93,4039.73,3886.03,3925.79,16167785597
2021-12-20,3925.78,3984.08,3754.8,3946.16,21589690675
2021-12-21,3946.59,4063.89,3908.13,4017.11,16388555198
2021-12-22,4017.35,4075.0,3933.74,3981.12,13921756199
2021-12-23,3980.82,4157.82,3895.7,4113.08,18007273742
2021-12-24,4113.64,4138.71,4005.0,4049.65,12769090623
2021-12-25,4049.81,4143.13,4021.31,4097.43,10894785525
2021-12-26,4098.67,4106.5,4008.01,4065.91,11197244172
2021-12-27,4066.14,4128.9,4027.56,4038.64,11424360002
2021-12-28,4038.18,4038.68,3760.01,3793.67,17299472803
2021-12-29,3793.66,3828.18,3603.0,3630.59,15722555672
2021-12-30,3630.18,3769.99,3585.85,3710.02,12925377999
2021-12-31,3710.01,3815.04,3619.78,3675.8,14157285268
2022-01-01,3675.81,3777.82,3674.02,3765.72,9776191466
2022-01-02,3765.98,3855.77,3718.2,3828.87,9881471548
2022-01-03,3828.93,3851.66,3681.62,3766.04,12080777893
2022-01-04,3766.01,3894.12,3714.22,3785.0,14030925983
2022-01-05,3785.0,3848.2,3414.88,3539.0,18061338502
2022-01-06,3539.0,3550.02,3300.0,3406.03,24293791313
2022-01-07,3405.66,3415.52,3065.0,3198.82,24494179209
2022-01-08,3198.96,3247.89,3000.0,3080.48,16037732700
2022-01-09,3080.92,3212.46,3057.82,3151.66,12334683863
2022-01-10,3151.65,3180.29,2928.69,3083.51,19535744145
2022-01-11,3083.51,3265.98,3052.19,3240.83,15211447193
2022-01-12,3240.83,3420.08,3206.72,3373.64,16662871689
2022-01-13,3373.25,3413.36,3233.67,3241.88,15294466275
2022-01-14,3241.6,3346.81,3188.34,3310.45,13562957230
2022-01-15,3309.98,3373.56,3260.0,3328.12,9619999078
2022-01-16,3327.81,3394.45,3275.0,3349.46,9505934874
2022-01-17,3349.88,3360.07,3142.39,3210.98,12344309617
2022-01-18,3211.08,3246.2,3083.68,3160.81,13024154091
2022-01-19,3160.78,3176.81,3047.0,3085.27,13187424144
2022-01-20,3084.49,3273.32,2986.0,3000.94,10645922764
2022-01-21,3000.99,3034.7,2467.11,2569.01,26796291874
2022-01-22,2568.12,2628.36,2301.6,2411.9,27369692036
2022-01-23,2411.91,2551.3,2371.58,2541.19,16481489511
2022-01-24,2541.19,2541.74,2159.0,2441.74,28220804648
2022-01-25,2441.6,2509.87,2351.18,2460.68,16179776932
2022-01-26,2460.4,2724.0,2400.0,2465.0,21229909340
2022-01-27,2464.99,2521.96,2315.72,2425.82,16126522783
2022-01-28,2425.01,2559.55,2358.63,2546.84,14666227351
2022-01-29,2546.84,2640.0,2521.72,2603.74,11172062661
2022-01-30,2603.39,2642.0,2542.66,2602.89,9501221177
2022-01-31,2602.63,2708.98,2478.31,2689.72,13778234614
2022-02-01,2689.87,2815.49,2675.99,2789.66,13194846235
2022-02-02,2789.62,2814.1,2613.42,2682.66,13876301217
2022-02-03,2683.09,2729.01,2572.66,2697.59,12755505065
2022-02-04,2697.59,2999.0,2672.84,2998.19,18987223729
2022-02-05,2997.63,3063.48,2957.98,3014.5,13102093957
2022-02-06,3014.83,3076.25,2950.26,3058.22,9466018022
2022-02-07,3058.21,3199.08,2995.22,3141.89,15197063785
2022-02-08,3141.84,3234.67,3027.56,3119.57,17136080906
2022-02-09,3119.91,3274.0,3057.16,3246.22,13951308490
2022-02-10,3246.28,3284.75,3057.81,3074.85,18629485080
2022-02-11,3074.84,3140.86,2879.34,2929.08,16043881065
2022-02-12,2929.09,2987.62,2857.11,2919.99,11254355757
2022-02-13,2919.86,2955.65,2836.47,2872.84,9054963563
2022-02-14,2872.83,2966.53,2830.01,2931.01,12164552172
2022-02-15,2931.17,3199.0,2911.87,3186.24,13921257873
2022-02-16,3186.24,3190.0,3043.41,3124.45,12352406833
2022-02-17,3124.44,3162.35,2853.0,2893.56,15860206214
2022-02-18,2894.52,2945.98,2752.67,2780.08,15748173433
2022-02-19,2780.05,2833.3,2696.39,2764.44,9774183169
2022-02-20,2764.53,2765.24,2575.75,2622.47,11641437834
2022-02-21,2622.47,2760.71,2559.77,2569.0,18646392740
2022-02-22,2569.6,2667.28,2500.74,2637.98,16360200507
2022-02-23,2638.2,2756.9,2576.69,2580.97,13382637240
2022-02-24,2580.54,2750.0,2300.0,2597.42,29312342666
2022-02-25,2597.39,2837.23,2572.23,2769.52,17208902048
2022-02-26,2769.24,2880.0,2728.53,2780.71,11724648351
2022-02-27,2780.76,2836.26,2558.48,2618.01,16150857254
2022-02-28,2617.79,2960.25,2570.0,2923.08,19266124733
2022-03-01,2922.87,3040.7,2855.29,2977.72,18757425786
2022-03-02,2977.72,3045.0,2914.9,2948.56,16636517503
2022-03-03,2948.58,2972.07,2785.01,2833.66,13091199728
2022-03-04,2833.71,2835.95,2575.0,2623.07,14496939024
2022-03-05,2623.08,2685.93,2589.93,2665.77,8072368396
2022-03-06,2665.94,2677.0,2536.4,2550.77,8872976607
2022-03-07,2550.46,2649.81,2445.0,2491.58,14594098731
2022-03-08,2491.29,2626.16,2480.33,2576.72,13922922903
2022-03-09,2577.11,2774.26,2567.98,2727.6,14173665398
2022-03-10,2727.86,2734.33,2553.42,2608.22,13292477213
2022-03-11,2608.46,2679.56,2523.28,2556.42,12382419582
2022-03-12,2556.39,2617.83,2552.52,2569.3,6532996574
2022-03-13,2569.09,2603.56,2492.98,2516.41,8632000379
2022-03-14,2516.42,2609.56,2499.0,2590.23,11244398839
2022-03-15,2590.12,2670.53,2508.05,2619.15,12861105614
2022-03-16,2619.01,2789.58,2604.32,2774.89,17915109769
2022-03-17,2775.16,2839.59,2747.77,2814.67,12685265194
2022-03-18,2814.62,2987.0,2768.25,2939.17,15830879093
2022-03-19,2939.18,2988.89,2895.37,2952.16,11576463120
2022-03-20,2952.35,2965.94,2819.18,2862.44,12684727326
2022-03-21,2862.44,2965.26,2832.97,2891.08,15206116098
2022-03-22,2890.78,3053.98,2887.79,2970.51,16830539230
2022-03-23,2970.51,3046.99,2920.64,3038.93,16008767658
2022-03-24,3037.82,3130.41,3003.51,3112.52,18070503166
2022-03-25,3112.95,3195.0,3076.18,3104.15,17030503831
2022-03-26,3103.91,3154.47,3086.2,3146.22,8876420740
2022-03-27,3146.33,3299.99,3127.74,3296.29,13431866834
2022-03-28,3296.24,3437.24,3275.57,3334.47,20620450770
2022-03-29,3334.19,3483.87,3331.23,3401.71,19533323636
2022-03-30,3401.7,3448.62,3333.87,3386.68,15302506131
2022-03-31,3386.69,3447.03,3260.99,3283.08,17685495686
2022-04-01,3283.08,3482.42,3211.66,3456.48,20982988937
2022-04-02,3456.25,3532.85,3433.31,3445.38,23571556215
2022-04-03,3445.25,3581.6,3413.66,3522.78,15333808649
2022-04-04,3522.51,3548.51,3405.79,3520.66,18209969743
2022-04-05,3520.5,3555.48,3395.8,3407.0,16681503199
2022-04-06,3406.99,3408.0,3161.64,3168.52,25632563639
2022-04-07,3168.1,3269.56,3143.07,3227.56,16745496605
2022-04-08,3227.26,3313.79,3173.48,3192.54,17557050669
2022-04-09,3192.54,3269.74,3181.8,3258.99,9908112156
2022-04-10,3259.45,3309.28,3189.92,3203.05,10427054790
2022-04-11,3203.05,3214.88,2950.0,2979.55,21891804831
2022-04-12,2979.32,3089.87,2950.35,3027.82,20235707410
2022-04-13,3028.27,3129.92,2997.5,3119.0,16088473629
2022-04-14,3119.01,3145.19,2976.0,3021.78,15821419931
2022-04-15,3021.68,3058.99,2993.29,3040.19,11256651536
2022-04-16,3040.41,3086.83,3010.67,3060.35,8766710365
2022-04-17,3060.35,3082.96,2981.52,2988.4,10463091281
2022-04-18,2988.09,3071.26,2880.0,3056.19,18629381299
2022-04-19,3055.86,3132.47,3029.58,3102.26,14156035096
2022-04-20,3102.44,3169.29,3032.72,3077.06,15547362265
2022-04-21,3077.16,3179.74,2940.0,2983.94,20783591093
2022-04-22,2983.72,3033.76,2933.13,2963.05,16782795477
2022-04-23,2963.03,2979.57,2917.34,2933.44,9116955609
2022-04-24,2933.45,2968.31,2911.9,2921.96,9696829579
2022-04-25,2921.7,3026.93,2797.51,3007.22,22332690614
2022-04-26,3007.24,3038.6,2766.77,2809.26,19052045399
2022-04-27,2809.5,2920.0,2794.23,2889.78,17419284041
2022-04-28,2889.78,2980.36,2853.83,2935.91,18443524633
2022-04-29,2935.97,2946.68,2775.51,2816.94,18771041399
2022-04-30,2816.77,2842.08,2716.4,2726.59,13520941867
2022-05-01,2726.37,2849.0,2716.79,2824.86,15332730152
2022-05-02,2824.79,2883.0,2776.26,2856.21,18609741545
2022-05-03,2856.3,2861.73,2753.66,2780.34,13026093219
2022-05-04,2780.35,2969.86,2770.02,2939.98,18186749944
2022-05-05,2939.98,2953.73,2687.88,2747.43,22642925048
2022-05-06,2747.46,2757.78,2631.97,2691.72,21027599270
2022-05-07,2691.89,2703.61,2585.79,2634.8,13369276367
2022-05-08,2634.57,2641.4,2482.0,2519.1,20802269935
2022-05-09,2518.82,2529.47,2222.22,2228.5,36333567678
2022-05-10,2227.74,2458.09,2198.24,2340.51,38202099639
2022-05-11,2340.66,2451.12,2000.0,2075.93,45743399154
2022-05-12,2075.55,2188.14,1701.0,1954.39,42463486402
2022-05-13,1954.27,2145.56,1934.61,2005.48,24816096567
2022-05-14,2005.69,2066.4,1941.57,2053.33,15457044616
2022-05-15,2053.43,2164.17,1997.44,2142.69,14846088335
2022-05-16,2142.74,2142.82,1976.22,2020.58,21459552191
2022-05-17,2020.57,2120.0,2005.0,2088.96,18509929297
2022-05-18,2088.95,2108.8,1905.24,1911.98,17740965589
2022-05-19,1912.04,2039.52,1900.1,2017.57,18734247914
2022-05-20,2017.36,2062.45,1919.56,1956.58,15892482289
2022-05-21,1956.57,1988.3,1935.0,1972.64,8546822406
2022-05-22,1972.64,2054.01,1963.4,2040.92,10941123403
2022-05-23,2040.91,2087.6,1954.4,1971.06,16434529708
2022-05-24,1970.85,1991.51,1909.51,1978.15,13057109007
2022-05-25,1977.94,2020.0,1932.12,1940.83,13364545730
2022-05-26,1940.48,1963.68,1734.5,1790.65,23458681818
2022-05-27,1790.08,1820.84,1702.53,1724.83,25470760032
2022-05-28,1724.8,1807.68,1719.76,1790.23,23214777872
2022-05-29,1790.22,1825.22,1760.32,1811.1,10642556101
2022-05-30,1811.27,2013.0,1801.21,1998.3,19580808705
2022-05-31,1998.29,2015.54,1924.17,1940.59,18363115560
2022-06-01,1940.49,1972.5,1761.59,1816.05,21037797760
2022-06-02,1816.06,1852.01,1780.0,1832.45,17065041354
2022-06-03,1832.62,1842.43,1735.79,1773.25,14878001811
2022-06-04,1773.11,1814.4,1746.6,1803.35,8677951273
2022-06-05,1803.47,1829.16,1771.77,1804.7,8850385937
2022-06-06,1804.78,1918.47,1802.52,1858.21,16518471852
2022-06-07,1858.44,1872.82,1725.0,1811.89,24020076750
2022-06-08,1812.17,1838.0,1763.69,1790.72,18041476023
2022-06-09,1790.63,1832.31,1775.67,1787.55,12013083393
2022-06-10,1787.44,1802.85,1654.15,1660.78,18504740451
2022-06-11,1660.77,1680.43,1499.79,1531.09,21127089064
2022-06-12,1531.23,1545.5,1423.0,1433.19,23465074882
2022-06-13,1432.97,1452.97,1163.31,1207.82,45162788786
2022-06-14,1207.9,1266.34,1074.64,1207.58,33327826525
2022-06-15,1207.58,1247.0,1012.72,1236.45,37539999450
2022-06-16,1236.45,1257.04,1050.39,1066.87,18907671369
2022-06-17,1067.07,1117.43,1049.19,1085.76,14591486540
2022-06-18,1085.65,1096.64,879.8,993.64,21655406608
2022-06-19,993.64,1156.99,933.6,1126.9,21795481981
2022-06-20,1126.97,1168.18,1051.3,1126.84,19739691429
2022-06-21,1127.04,1193.0,1107.87,1124.85,15632089439
2022-06-22,1124.9,1126.44,1042.36,1048.96,15010593493
2022-06-23,1048.93,1153.01,1043.68,1144.0,14657862919
2022-06-24,1144.01,1244.78,1131.02,1224.47,16981552654
2022-06-25,1224.26,1255.0,1178.77,1241.33,12481946184
2022-06-26,1241.14,1280.0,1194.01,1197.13,12096607824
2022-06-27,1196.99,1237.83,1171.88,1191.27,12492225250
2022-06-28,1191.27,1236.21,1134.9,1142.65,14023205651
2022-06-29,1142.47,1155.21,1085.41,1099.15,15386286815
2022-06-30,1099.09,1105.61,997.02,1070.08,16350755497
2022-07-01,1070.08,1115.0,1031.86,1057.57,17499453625
2022-07-02,1058.3,1077.5,1025.95,1065.61,9935603640
2022-07-03,1065.58,1087.33,1039.55,1072.88,8557248150
2022-07-04,1072.9,1160.0,1043.47,1149.98,13670889311
2022-07-05,1149.98,1172.38,1075.7,1131.26,16195518291
2022-07-06,1131.16,1203.2,1110.56,1185.61,15373536703
2022-07-07,1185.61,1254.04,1162.32,1237.13,14230795894
2022-07-08,1237.55,1275.51,1192.16,1213.19,16315929082
2022-07-09,1213.38,1233.54,1203.7,1216.78,8821353104
2022-07-10,1216.78,1219.41,1153.15,1167.68,10984558039
2022-07-11,1167.66,1170.47,1079.8,1095.56,12064180410
2022-07-12,1095.48,1097.35,1031.92,1037.34,12583282453
2022-07-13,1037.5,1118.0,1005.25,1114.26,18302588147
2022-07-14,1114.06,1213.26,1071.1,1192.7,16688640823
2022-07-15,1192.67,1288.88,1180.16,1231.1,17411448225
2022-07-16,1231.07,1423.31,1190.9,1355.7,18364013796
2022-07-17,1355.5,1386.55,1318.79,1338.2,16079711737
2022-07-18,1338.03,1597.58,1335.35,1581.34,27440420623
2022-07-19,1581.09,1631.32,1492.66,1542.63,27753529276
2022-07-20,1542.6,1621.44,1485.17,1522.12,22942708340
2022-07-21,1521.88,1606.42,1463.26,1575.68,20009556587
2022-07-22,1575.44,1646.13,1516.75,1535.84,18926100582
2022-07-23,1535.68,1596.87,1487.14,1549.15,14998811383
2022-07-24,1549.16,1664.41,1546.7,1597.72,17217849557
2022-07-25,1598.12,1610.0,1433.91,1440.75,20585056021
2022-07-26,1440.63,1454.56,1356.3,1449.63,18238563509
2022-07-27,1449.6,1645.46,1420.66,1636.4,23007524016
2022-07-28,1636.53,1792.55,1592.36,1725.19,27231399966
2022-07-29,1725.19,1766.56,1655.47,1722.25,23249531113
2022-07-30,1722.46,1745.05,1674.05,1698.01,15576977870
2022-07-31,1698.02,1754.25,1667.7,1679.31,14200735370
2022-08-01,1679.31,1705.0,1606.9,1630.82,16191371176
2022-08-02,1630.81,1679.28,1560.0,1631.28,20426082309
2022-08-03,1631.1,1685.87,1590.0,1618.82,16786218830
2022-08-04,1618.78,1663.35,1580.5,1608.16,14467440626
2022-08-05,1608.16,1742.52,1605.55,1736.79,18546491876
2022-08-06,1737.12,1750.0,1685.99,1690.81,11757911705
2022-08-07,1691.18,1730.26,1668.87,1700.42,10252090340
2022-08-08,1700.52,1818.25,1693.41,1777.36,16841424404
2022-08-09,1777.36,1791.33,1668.8,1703.35,16368619692
2022-08-10,1703.35,1886.36,1656.0,1854.12,23512477984
2022-08-11,1854.42,1946.21,1850.95,1881.04,23826986482
2022-08-12,1880.96,1966.89,1850.51,1959.91,17168141904
2022-08-13,1959.94,2020.73,1947.19,1984.75,16038975216
2022-08-14,1984.72,2031.39,1906.51,1935.85,14062754456
2022-08-15,1936.0,2013.47,1866.51,1899.39,20349931313
2022-08-16,1899.05,1915.51,1852.85,1876.57,15637578930
2022-08-17,1877.06,1957.59,1815.0,1834.61,20308508124
2022-08-18,1834.52,1883.35,1821.02,1845.9,14999352229
2022-08-19,1846.15,1848.29,1602.28,1608.72,25906358731
2022-08-20,1608.64,1658.14,1523.54,1575.76,18334580263
2022-08-21,1575.76,1646.69,1562.27,1617.84,15849221752
2022-08-22,1617.88,1629.61,1528.93,1624.78,18557078599
2022-08-23,1624.89,1674.12,1563.29,1665.93,18322041914
2022-08-24,1665.95,1694.89,1604.6,1656.74,16780932907
2022-08-25,1656.54,1722.18,1653.57,1695.27,14818795695
2022-08-26,1695.16,1706.41,1485.94,1508.02,26713710143
2022-08-27,1508.04,1519.11,1446.62,1491.22,18120831899
2022-08-28,1490.87,1511.12,1423.85,1426.63,12823572918
2022-08-29,1426.29,1560.37,1420.74,1551.65,17965837488
2022-08-30,1551.51,1606.34,1474.14,1524.81,21835784470
2022-08-31,1524.61,1619.99,1524.12,1554.0,20591680941
2022-09-01,1554.25,1599.51,1512.83,1586.23,16434276817
2022-09-02,1586.1,1650.0,1546.2,1575.69,17708478709
2022-09-03,1575.81,1582.69,1534.54,1557.7,9516825994
2022-09-04,1557.55,1583.52,1540.59,1579.04,8884144998
2022-09-05,1578.97,1631.44,1557.04,1618.01,13060541168
2022-09-06,1617.87,1686.82,1554.03,1559.28,22946059125
2022-09-07,1558.92,1657.68,1489.98,1629.92,19560363854
2022-09-08,1629.61,1664.52,1594.31,1635.73,17621046717
2022-09-09,1635.72,1746.87,1630.51,1719.21,20242323690
2022-09-10,1719.38,1789.86,1706.94,1774.69,13130928217
2022-09-11,1774.73,1789.98,1719.01,1766.95,12464301922
2022-09-12,1766.97,1783.56,1692.45,1716.71,17688391310
2022-09-13,1716.65,1761.04,1561.06,1574.71,23066821734
2022-09-14,1574.4,1649.44,1552.88,1639.14,17897150206
2022-09-15,1639.12,1655.55,1457.69,1472.68,26946275878
2022-09-16,1472.85,1483.21,1404.31,1433.73,16764804299
2022-09-17,1433.64,1476.22,1408.79,1468.97,10798098671
2022-09-18,1468.9,1470.15,1325.48,1334.72,15762284723
2022-09-19,1334.71,1392.94,1279.0,1376.17,18712714223
2022-09-20,1376.23,1385.0,1312.4,1322.8,14722317220
2022-09-21,1322.74,1412.0,1220.0,1245.65,20643507800
2022-09-22,1245.36,1348.87,1237.0,1326.43,18461527259
2022-09-23,1326.14,1359.99,1261.9,1326.82,18771106339
2022-09-24,1327.24,1349.31,1306.29,1317.25,12098209717
2022-09-25,1317.49,1337.26,1269.41,1294.63,11802651633
2022-09-26,1294.65,1341.0,1278.24,1336.61,16034549271
2022-09-27,1336.45,1400.51,1303.66,1327.92,17870598937
2022-09-28,1327.87,1355.34,1253.65,1336.93,18994979566
2022-09-29,1336.92,1351.85,1288.12,1336.02,13796915736
2022-09-30,1336.04,1373.46,1315.0,1328.95,14250100093
2022-10-01,1328.74,1333.99,1302.65,1311.76,6227961237
2022-10-02,1311.79,1318.0,1269.69,1277.02,7578351650
2022-10-03,1276.84,1330.24,1262.45,1323.31,10153070907
2022-10-04,1323.44,1370.43,1318.82,1362.06,10139774963
2022-10-05,1362.1,1364.93,1316.54,1352.48,9774451820
2022-10-06,1352.37,1384.41,1345.0,1352.24,12033514861
2022-10-07,1352.18,1362.14,1317.54,1331.14,10061619355
2022-10-08,1331.12,1337.61,1303.76,1315.71,5804676208
2022-10-09,1315.71,1329.33,1307.21,1323.41,5486230123
2022-10-10,1323.27,1338.41,1287.66,1290.06,8794491050
2022-10-11,1289.94,1297.95,1267.0,1279.94,9274845260
2022-10-12,1279.87,1306.72,1274.73,1294.33,8355638578
2022-10-13,1294.21,1301.85,1190.0,1286.96,17499038202
2022-10-14,1286.89,1344.4,1283.26,1296.36,13113767755
2022-10-15,1296.42,1302.14,1263.6,1275.09,6798512624
2022-10-16,1275.16,1315.62,1274.61,1306.04,7491625206
2022-10-17,1305.89,1338.69,1295.36,1331.49,9401189650
2022-10-18,1331.57,1342.28,1286.67,1310.78,10416747806
2022-10-19,1310.79,1313.8,1280.02,1284.76,8350692785
2022-10-20,1284.92,1311.1,1270.34,1282.6,9009111996
2022-10-21,1282.59,1307.18,1254.0,1299.83,10412565245
2022-10-22,1299.94,1320.56,1294.17,1313.88,7175324564
2022-10-23,1313.82,1370.66,1299.47,1364.06,9909510925
2022-10-24,1363.93,1370.9,1324.04,1343.71,13092820173
2022-10-25,1343.74,1525.38,1335.12,1460.34,25367291294
2022-10-26,1460.34,1595.44,1457.41,1566.37,32705548427
2022-10-27,1566.46,1580.0,1502.8,1514.09,22813499245
2022-10-28,1514.2,1577.89,1479.41,1554.83,19974623205
2022-10-29,1554.81,1664.29,1547.79,1620.09,21618154775
2022-10-30,1620.18,1640.41,1576.24,1590.89,13930073427
2022-10-31,1590.88,1635.7,1546.31,1572.67,19306919714
2022-11-01,1572.58,1612.74,1563.05,1578.24,14507311208
2022-11-02,1578.35,1622.24,1502.0,1518.04,23254218281
2022-11-03,1518.15,1558.95,1515.0,1530.81,14248351007
2022-11-04,1530.81,1677.0,1528.01,1644.61,20806964347
2022-11-05,1644.84,1667.03,1621.05,1627.0,11006973190
2022-11-06,1627.17,1638.72,1564.17,1568.34,11632744705
2022-11-07,1568.27,1608.66,1545.97,1568.34,15279963349
2022-11-08,1568.45,1580.0,1227.4,1334.25,42048003440
2022-11-09,1333.97,1337.49,1071.11,1099.9,38864492427
2022-11-10,1099.9,1347.62,1083.95,1295.36,28581002122
2022-11-11,1295.55,1307.36,1197.9,1285.29,20920539099
2022-11-12,1285.57,1289.16,1235.53,1255.14,10964962767
2022-11-13,1254.98,1272.0,1198.99,1219.43,10717455214
2022-11-14,1219.4,1289.17,1169.4,1241.56,15028035663
2022-11-15,1241.58,1289.78,1232.56,1251.74,11798011594
2022-11-16,1251.95,1266.99,1185.2,1215.21,11939561598
2022-11-17,1215.2,1227.34,1181.02,1199.44,9723646871
2022-11-18,1199.39,1232.37,1198.01,1210.93,7979913378
2022-11-19,1210.73,1231.62,1196.27,1216.12,5978745776
2022-11-20,1216.31,1225.26,1130.2,1140.07,9651002684
2022-11-21,1140.04,1145.0,1080.0,1105.91,14080099208
2022-11-22,1105.68,1141.26,1073.42,1138.17,12040670755
2022-11-23,1138.25,1189.51,1126.22,1183.53,11242676044
2022-11-24,1183.55,1216.1,1179.1,1202.81,9706372376
2022-11-25,1202.78,1206.84,1170.17,1198.66,5483308196
2022-11-26,1198.65,1234.97,1195.54,1204.8,5074160558
2022-11-27,1204.89,1222.81,1188.31,1193.3,4486976868
2022-11-28,1193.46,1198.87,1150.09,1167.24,7275411870
2022-11-29,1167.22,1227.08,1157.37,1215.91,7639405818
2022-11-30,1216.04,1311.76,1212.0,1294.77,9836925304
2022-12-01,1294.68,1302.0,1262.85,1276.48,6857935276
2022-12-02,1276.48,1297.57,1265.56,1295.63,6213645709
2022-12-03,1295.63,1308.89,1236.42,1240.91,5672609405
2022-12-04,1240.91,1287.44,1240.27,1279.68,5174128454
2022-12-05,1279.67,1305.75,1246.73,1259.23,6120359523
2022-12-06,1259.32,1274.57,1241.83,1271.19,5089212680
2022-12-07,1271.36,1277.49,1215.0,1231.56,5752205180
2022-12-08,1231.49,1292.58,1221.72,1280.33,6227269815
2022-12-09,1280.15,1296.55,1255.61,1262.95,5706183865
2022-12-10,1262.75,1283.4,1259.59,1266.45,3282499999
2022-12-11,1266.45,1284.68,1255.7,1262.92,3362005848
2022-12-12,1263.08,1279.22,1240.0,1275.72,5151109364
2022-12-13,1275.74,1351.05,1255.67,1320.47,8812883119
2022-12-14,1320.47,1351.87,1300.85,1307.47,7830915428
2022-12-15,1307.42,1311.5,1259.37,1266.48,6032859783
2022-12-16,1266.48,1279.99,1155.55,1166.98,9297811507
2022-12-17,1166.98,1190.0,1161.83,1187.06,5077258586
2022-12-18,1187.17,1196.6,1172.43,1183.32,3350092519
2022-12-19,1183.37,1195.34,1150.34,1167.6,4943628091
2022-12-20,1167.59,1231.28,1163.02,1216.69,6684951715
2022-12-21,1216.76,1222.99,1203.06,1213.7,4217182733
2022-12-22,1213.7,1238.76,1182.43,1217.5,5297471739
2022-12-23,1217.48,1231.7,1210.6,1219.92,4835831923
2022-12-24,1219.99,1227.47,1213.7,1220.51,2626153345
2022-12-25,1220.49,1224.1,1193.17,1218.37,3942720070
2022-12-26,1218.41,1230.92,1209.0,1227.58,3282098400
2022-12-27,1227.66,1233.75,1199.58,1210.99,4091530737
2022-12-28,1211.06,1215.38,1180.04,1189.24,4991669631
2022-12-29,1189.33,1206.07,1186.13,1199.74,4132233940
2022-12-30,1199.73,1201.64,1180.44,1199.1,4055668253
2022-12-31,1199.19,1208.0,1191.01,1195.25,3018513333
2023-01-01,1195.25,1204.17,1190.03,1199.92,2399674550
2023-01-02,1199.97,1224.59,1192.41,1213.69,3765758498
2023-01-03,1213.77,1219.79,1204.04,1214.21,3392972131
2023-01-04,1214.21,1272.01,1212.17,1256.34,6404416893
2023-01-05,1256.35,1259.77,1239.97,1250.88,4001786456
2023-01-06,1250.87,1276.6,1234.2,1268.84,4977252792
2023-01-07,1268.94,1270.83,1260.75,1263.94,2565213548
2023-01-08,1263.84,1295.38,1257.34,1289.92,3495088905
2023-01-09,1289.73,1345.87,1285.0,1320.02,7990438824
2023-01-10,1320.0,1348.19,1316.63,1335.56,5830173253
2023-01-11,1335.69,1397.98,1319.81,1389.24,6314904311
2023-01-12,1389.21,1438.55,1361.39,1416.05,12230193038
2023-01-13,1416.05,1466.0,1400.75,1451.78,7684148212
2023-01-14,1451.7,1597.99,1449.38,1550.06,15444626014
2023-01-15,1550.06,1567.37,1516.06,1552.89,6774614499
2023-01-16,1552.83,1603.91,1521.01,1576.85,8454485431
2023-01-17,1577.01,1608.65,1540.49,1565.68,7599462786
2023-01-18,1565.52,1612.66,1500.32,1510.83,10354880595
2023-01-19,1510.9,1564.61,1508.87,1550.98,6432638856
2023-01-20,1550.96,1668.0,1541.94,1658.25,8528894754
2023-01-21,1658.36,1680.0,1617.29,1626.8,8859250310
2023-01-22,1626.83,1664.42,1603.39,1627.88,7517988734
2023-01-23,1628.01,1648.56,1584.43,1626.55,8264507375
2023-01-24,1626.71,1641.72,1528.95,1556.09,8180274691
2023-01-25,1556.1,1640.92,1513.77,1612.54,10598973448
2023-01-26,1612.64,1633.55,1577.61,1601.1,8395315241
2023-01-27,1601.14,1622.32,1550.0,1598.18,8124465373
2023-01-28,1598.14,1606.99,1556.21,1572.3,5803653357
2023-01-29,1572.4,1661.0,1566.61,1644.89,8801292300
2023-01-30,1644.79,1647.73,1534.71,1566.23,9180418120
2023-01-31,1566.23,1605.01,1561.43,1585.39,6585191019
2023-02-01,1585.32,1647.75,1556.83,1642.05,8116969489
2023-02-02,1642.06,1714.83,1625.86,1643.19,10558081069
2023-02-03,1643.14,1676.53,1625.0,1663.69,8169519805
2023-02-04,1663.63,1695.0,1645.33,1666.83,5843302512
2023-02-05,1666.83,1673.81,1608.91,1629.37,6926696531
2023-02-06,1629.44,1658.41,1605.0,1614.5,6919871886
2023-02-07,1614.57,1678.57,1613.26,1671.28,8030277434
2023-02-08,1671.27,1699.66,1630.33,1650.65,7806089579
2023-02-09,1650.65,1656.02,1524.31,1545.54,10524969124
2023-02-10,1545.64,1554.89,1491.44,1513.04,8397387897
2023-02-11,1513.04,1543.61,1505.05,1538.86,5064007416
2023-02-12,1538.85,1548.2,1493.77,1515.25,5319698775
2023-02-13,1515.24,1526.64,1462.0,1506.29,9363855114
2023-02-14,1506.29,1569.16,1490.23,1556.67,9249575045
2023-02-15,1556.52,1682.45,1540.85,1674.88,10015035156
2023-02-16,1674.8,1742.5,1633.63,1637.83,12704861676
2023-02-17,1637.88,1722.07,1630.2,1694.37,9802443159
2023-02-18,1694.32,1713.75,1680.14,1691.82,5491437195
2023-02-19,1691.81,1727.0,1666.67,1680.23,6959144003
2023-02-20,1680.42,1720.02,1650.72,1703.63,7703604237
2023-02-21,1703.62,1716.82,1636.42,1659.76,8721608198
2023-02-22,1659.76,1667.14,1594.84,1642.95,9189387004
2023-02-23,1642.99,1679.03,1629.3,1650.62,9013236167
2023-02-24,1650.62,1664.65,1575.44,1607.57,8909129423
2023-02-25,1607.64,1609.05,1557.89,1594.51,5657686235
2023-02-26,1594.5,1651.6,1587.64,1641.41,5727967432
2023-02-27,1641.34,1665.29,1608.23,1633.26,7239824677
2023-02-28,1633.22,1647.6,1597.32,1605.4,6323676957
2023-03-01,1605.59,1669.9,1595.0,1665.2,7701847224
2023-03-02,1665.2,1678.14,1619.0,1647.87,7080950926
2023-03-03,1647.82,1649.28,1547.54,1569.54,9922240199
2023-03-04,1569.55,1577.6,1550.0,1566.72,4389045367
2023-03-05,1566.72,1588.35,1553.5,1564.81,5020886238
2023-03-06,1564.8,1583.19,1554.8,1565.85,5245153345
2023-03-07,1565.82,1584.23,1535.7,1561.67,6854058349
2023-03-08,1561.61,1570.77,1522.73,1532.17,7130327525
2023-03-09,1532.11,1546.09,1407.0,1437.41,9457897583
2023-03-10,1437.39,1438.7,1369.79,1432.15,12665194936
2023-03-11,1432.15,1499.0,1416.98,1483.68,14917080154
2023-03-12,1483.62,1612.0,1459.79,1592.31,11480965122
2023-03-13,1592.04,1702.6,1571.0,1681.93,15711468959
2023-03-14,1681.93,1787.74,1650.45,1704.95,16159781303
2023-03-15,1704.9,1722.79,1613.7,1656.8,12715339905
2023-03-16,1656.7,1696.0,1637.72,1677.24,9364980166
2023-03-17,1677.36,1803.73,1666.16,1793.66,12467445117
2023-03-18,1793.61,1846.0,1752.52,1763.68,10317822213
2023-03-19,1763.88,1846.77,1762.62,1786.4,9170565472
2023-03-20,1786.37,1809.1,1728.52,1739.42,10978325507
2023-03-21,1739.28,1839.99,1724.37,1807.23,10758627746
2023-03-22,1806.79,1823.8,1715.17,1739.18,12484103560
2023-03-23,1738.99,1861.67,1733.77,1817.49,11012966854
2023-03-24,1817.27,1822.55,1728.27,1751.93,10913669383
2023-03-25,1751.79,1764.93,1715.23,1743.8,6614309912
2023-03-26,1743.69,1801.02,1741.01,1775.86,6990313307
2023-03-27,1775.85,1782.19,1688.0,1716.42,8585750760
2023-03-28,1716.13,1795.54,1701.81,1773.7,8346890042
2023-03-29,1773.82,1827.7,1772.99,1793.41,9136176952
2023-03-30,1793.4,1829.82,1762.94,1793.68,9724496987
2023-03-31,1793.68,1847.12,1779.47,1822.01,9149379763
2023-04-01,1822.11,1843.0,1809.12,1821.73,5556443606
2023-04-02,1821.69,1825.97,1773.25,1795.37,6199721188
2023-04-03,1795.41,1839.99,1763.58,1810.92,9643826401
2023-04-04,1810.91,1892.1,1802.76,1871.36,10398322335
2023-04-05,1871.19,1943.64,1865.24,1908.9,10319231689
2023-04-06,1908.89,1910.59,1854.06,1873.29,8263191830
2023-04-07,1873.28,1883.35,1842.25,1865.02,8356130492
2023-04-08,1865.02,1880.56,1848.21,1850.06,5016362733
2023-04-09,1849.83,1874.78,1823.11,1859.84,6361497715
2023-04-10,1859.85,1920.0,1847.5,1911.23,8380134275
2023-04-11,1911.22,1938.85,1883.24,1891.82,8877222956
2023-04-12,1891.78,1934.08,1855.79,1918.91,11010714187
2023-04-13,1918.9,2025.0,1901.12,2013.98,12546950499
2023-04-14,2014.12,2131.2,2011.2,2101.85,16298099411
2023-04-15,2101.81,2112.88,2073.79,2092.45,8036468153
2023-04-16,2092.44,2142.85,2074.32,2120.07,7898126856
2023-04-17,2120.01,2122.02,2058.0,2075.63,9648882546
2023-04-18,2075.63,2125.0,2052.52,2104.61,9134015143
2023-04-19,2104.54,2105.9,1923.33,1934.8,13779745451
2023-04-20,1934.63,1983.34,1914.16,1943.16,11324135406
2023-04-21,1942.91,1956.81,1824.67,1848.16,12044274581
2023-04-22,1848.21,1887.88,1842.11,1874.48,6970642726
2023-04-23,1874.48,1882.6,1837.3,1861.9,6607451862
2023-04-24,1861.91,1890.0,1805.38,1842.17,8438191338
2023-04-25,1842.11,1878.16,1801.46,1866.23,8677255481
2023-04-26,1866.22,1965.04,1785.51,1866.73,14356524696
2023-04-27,1866.73,1939.56,1862.08,1908.92,14008145806
2023-04-28,1908.92,1924.79,1875.0,1892.54,7691759733
2023-04-29,1892.43,1919.15,1884.58,1908.96,4796651246
2023-04-30,1908.96,1939.76,1866.5,1870.76,6539641957
2023-05-01,1870.67,1887.12,1805.95,1831.41,8625783201
2023-05-02,1831.36,1882.55,1823.21,1871.26,7536785767
2023-05-03,1871.27,1917.16,1843.52,1905.89,8306390869
2023-05-04,1905.89,1918.34,1867.71,1878.01,6578438233
2023-05-05,1878.25,2000.0,1876.36,1995.76,9498261360
2023-05-06,1995.77,2020.0,1864.06,1900.12,9623243037
2023-05-07,1900.12,1936.45,1870.61,1873.27,6883942236
2023-05-08,1873.28,1886.87,1810.0,1849.11,9895102899
2023-05-09,1849.11,1862.57,1832.0,1847.7,6129516088
2023-05-10,1847.5,1888.97,1789.75,1842.47,9945549603
2023-05-11,1842.33,1843.62,1772.26,1795.24,8353828312
2023-05-12,1795.22,1817.25,1737.76,1808.35,9047198660
2023-05-13,1808.24,1817.32,1786.44,1795.99,4647630864
2023-05-14,1796.01,1824.67,1790.49,1800.03,4711210241
2023-05-15,1800.0,1848.05,1785.52,1816.79,6748889346
2023-05-16,1816.8,1833.25,1796.86,1824.64,5595959668
2023-05-17,1824.57,1837.15,1783.59,1822.49,6352161579
2023-05-18,1822.46,1831.84,1770.88,1800.61,5673124255
2023-05-19,1800.61,1830.0,1797.08,1812.84,4796110259
2023-05-20,1812.84,1829.85,1807.26,1819.96,2951655969
2023-05-21,1819.9,1829.53,1797.19,1805.28,3386768865
2023-05-22,1805.35,1829.51,1791.99,1817.76,4534841049
2023-05-23,1817.76,1873.7,1815.59,1854.41,6820047160
2023-05-24,1854.42,1854.75,1774.56,1799.75,7101647419
2023-05-25,1799.79,1818.94,1759.45,1805.83,6321689859
2023-05-26,1805.76,1838.96,1796.75,1828.43,5451414258
2023-05-27,1828.32,1837.0,1812.92,1830.67,3216737652
2023-05-28,1830.6,1921.0,1823.86,1909.25,6359610561
2023-05-29,1909.1,1928.51,1874.14,1893.2,5884674572
2023-05-30,1893.18,1917.61,1881.93,1901.11,5363439784
2023-05-31,1901.1,1908.04,1847.61,1874.04,5984512548
2023-06-01,1874.08,1889.29,1839.72,1862.43,5640027197
2023-06-02,1862.33,1911.31,1847.66,1907.41,6097746022
2023-06-03,1907.44,1909.63,1882.42,1892.62,3472274607
2023-06-04,1892.62,1914.83,1884.72,1890.23,3747042696
2023-06-05,1890.22,1891.34,1777.25,1811.21,9246593033
2023-06-06,1811.21,1898.25,1796.52,1884.95,8704411776
2023-06-07,1884.93,1898.0,1820.0,1832.49,7919894455
2023-06-08,1832.43,1861.59,1828.63,1845.99,4536041931
2023-06-09,1846.21,1855.44,1826.92,1840.46,4610831509
2023-06-10,1840.46,1845.19,1716.24,1752.32,10788500406
2023-06-11,1752.32,1778.65,1739.0,1753.1,4559112981
2023-06-12,1753.1,1759.58,1719.74,1742.66,6031384958
2023-06-13,1742.69,1766.23,1723.68,1739.54,6214125203
2023-06-14,1739.51,1749.85,1630.0,1650.84,7462905534
2023-06-15,1650.84,1678.91,1620.15,1665.28,7328564880
2023-06-16,1665.17,1727.8,1648.29,1716.8,6281023479
2023-06-17,1716.71,1769.08,1712.96,1727.09,4875187477
2023-06-18,1727.15,1747.4,1712.61,1720.43,3820038842
2023-06-19,1720.4,1750.71,1698.53,1736.58,5210480121
2023-06-20,1736.45,1797.24,1713.79,1792.86,7171072578
2023-06-21,1792.71,1901.86,1787.4,1889.57,11731457711
2023-06-22,1889.46,1933.72,1866.57,1872.13,8477657143
2023-06-23,1872.13,1936.68,1861.37,1893.66,8290615074
2023-06-24,1893.74,1906.86,1865.64,1875.87,5026191704
2023-06-25,1875.88,1930.66,1869.88,1899.73,6937581709
2023-06-26,1899.8,1908.95,1836.25,1859.19,8619702292
2023-06-27,1859.19,1912.6,1855.41,1889.82,7686042202
2023-06-28,1889.77,1890.49,1816.0,1827.37,7135265016
2023-06-29,1827.3,1879.6,1826.43,1852.11,5677228612
2023-06-30,1851.98,1946.75,1823.2,1933.57,12895131248
2023-07-01,1933.7,1944.32,1908.65,1924.14,5136809625
2023-07-02,1924.14,1959.7,1885.33,1937.26,6343966490
2023-07-03,1937.28,1976.99,1933.46,1955.76,7858509087
2023-07-04,1955.76,1967.07,1931.7,1936.42,5683423776
2023-07-05,1936.44,1942.66,1894.18,1910.14,6034088075
2023-07-06,1910.15,1957.76,1845.7,1845.8,8905008384
2023-07-07,1846.04,1878.09,1825.38,1870.93,6468885150
2023-07-08,1870.9,1873.23,1842.57,1865.56,4299007854
2023-07-09,1865.56,1879.35,1856.62,1863.01,4392863807
2023-07-10,1862.99,1905.83,1846.99,1880.62,6336468234
2023-07-11,1880.62,1891.7,1862.23,1878.66,4905225892
2023-07-12,1878.58,1905.0,1864.17,1871.65,6379007000
2023-07-13,1871.65,2014.26,1862.44,2005.95,11114853969
2023-07-14,2005.95,2029.34,1898.88,1938.91,10627449471
2023-07-15,1938.99,1947.04,1926.92,1931.9,4380084234
2023-07-16,1931.89,1944.15,1914.75,1923.38,4329306566
2023-07-17,1923.21,1936.93,1873.61,1911.38,6678090758
2023-07-18,1911.26,1917.49,1876.01,1897.72,5814708445
2023-07-19,1897.72,1922.33,1882.15,1888.73,6018487800
2023-07-20,1888.65,1929.03,1877.77,1891.72,7366830684
2023-07-21,1891.76,1905.41,1884.43,1891.92,4668158260
2023-07-22,1891.92,1897.62,1851.35,1866.69,4101305643
2023-07-23,1866.61,1905.24,1858.19,1888.65,4480604100
2023-07-24,1888.64,1890.93,1832.83,1849.69,6344373569
2023-07-25,1849.68,1868.14,1844.69,1857.28,4163381707
2023-07-26,1857.29,1887.75,1848.03,1871.92,5781548155
2023-07-27,1871.92,1886.15,1854.39,1860.88,4291339248
2023-07-28,1860.87,1882.77,1856.18,1874.05,3800973336
2023-07-29,1874.01,1886.26,1869.1,1880.71,2497302218
2023-07-30,1880.88,1885.46,1848.81,1861.65,4003005547
2023-07-31,1861.65,1876.82,1850.55,1856.0,4391613314
2023-08-01,1856.09,1874.88,1812.0,1872.89,7634860636
2023-08-02,1872.78,1878.86,1820.1,1838.92,6448512422
2023-08-03,1838.91,1857.6,1824.0,1834.34,4710581074
2023-08-04,1834.34,1849.99,1813.45,1827.3,4861242484
2023-08-05,1827.3,1837.16,1824.45,1834.66,2866049749
2023-08-06,1834.66,1836.92,1823.7,1827.5,2963395076
2023-08-07,1827.49,1844.11,1800.0,1826.9,5837881974
2023-08-08,1826.9,1876.1,1824.0,1855.71,5812855406
2023-08-09,1855.71,1870.85,1843.35,1854.09,5870081833
2023-08-10,1854.09,1864.35,1844.07,1850.38,3760304518
2023-08-11,1850.38,1855.54,1836.41,1846.76,3353025102
2023-08-12,1846.77,1852.7,1844.93,1849.09,2291124840
2023-08-13,1849.08,1859.99,1833.03,1838.98,3054625661
2023-08-14,1838.98,1854.19,1833.27,1844.01,4083364724
2023-08-15,1844.0,1845.65,1811.34,1827.19,4483923893
2023-08-16,1827.19,1829.39,1795.15,1805.51,4976573383
2023-08-17,1805.51,1808.18,1540.0,1681.42,14208462072
2023-08-18,1681.46,1699.33,1640.18,1661.4,9645084584
2023-08-19,1661.28,1696.0,1653.84,1669.65,4871231360
2023-08-20,1669.65,1694.48,1661.83,1685.39,4105056995
2023-08-21,1685.36,1688.1,1648.65,1667.2,5077248383
2023-08-22,1667.2,1669.11,1579.34,1634.33,7244623133
2023-08-23,1634.32,1700.46,1628.81,1679.22,7191868448
2023-08-24,1679.21,1683.16,1634.73,1660.36,5104531920
2023-08-25,1660.41,1676.19,1634.54,1652.75,5396997823
2023-08-26,1652.77,1654.74,1643.0,1646.25,2423247747
2023-08-27,1646.26,1659.43,1645.38,1657.51,2624065031
2023-08-28,1657.5,1662.7,1621.04,1651.94,4855588534
2023-08-29,1651.93,1745.88,1639.04,1729.34,11304916729
2023-08-30,1729.26,1730.96,1694.98,1705.47,5023904190
2023-08-31,1705.46,1726.16,1629.76,1645.58,6593153505
2023-09-01,1645.58,1654.27,1601.69,1628.46,6104510092
2023-09-02,1628.46,1644.64,1627.43,1636.83,2943590996
2023-09-03,1636.83,1646.97,1624.93,1635.68,3151878318
2023-09-04,1635.65,1644.57,1615.85,1629.75,3887968912
2023-09-05,1629.75,1646.66,1608.85,1633.85,4417491902
2023-09-06,1633.85,1669.0,1608.17,1632.08,4987397046
2023-09-07,1632.09,1659.1,1622.41,1647.44,4907290296
2023-09-08,1647.44,1658.29,1615.65,1635.94,4598495496
2023-09-09,1635.94,1637.14,1629.32,1635.14,2081625742
2023-09-10,1635.15,1635.66,1596.78,1616.65,4339499949
2023-09-11,1616.68,1618.61,1530.6,1551.36,7693700923
2023-09-12,1551.33,1624.99,1549.21,1593.07,6813819740
2023-09-13,1592.92,1618.56,1581.65,1608.06,4979469106
2023-09-14,1608.06,1644.4,1607.48,1627.18,5538958553
2023-09-15,1627.17,1653.52,1611.52,1641.49,4348584771
2023-09-16,1641.48,1652.54,1631.88,1634.87,2819575929
2023-09-17,1634.87,1635.66,1612.35,1622.83,3032716258
2023-09-18,1622.93,1669.43,1603.55,1636.94,5916674789
2023-09-19,1636.93,1661.05,1626.77,1643.42,4405868861
2023-09-20,1643.41,1649.57,1604.91,1622.27,5156431986
2023-09-21,1622.26,1625.23,1567.81,1583.86,5191732312
2023-09-22,1583.86,1602.43,1576.52,1593.03,3460791634
2023-09-23,1593.04,1598.19,1587.97,1593.85,2101436678
2023-09-24,1593.84,1600.89,1570.35,1580.64,3086456944
2023-09-25,1580.59,1597.12,1563.0,1587.75,4394930984
2023-09-26,1587.75,1598.84,1579.47,1593.28,3544861160
2023-09-27,1593.19,1632.94,1582.38,1597.65,5533036096
2023-09-28,1597.65,1668.55,1596.93,1652.94,6658092168
2023-09-29,1652.94,1688.16,1648.33,1667.21,5529687537
2023-09-30,1667.2,1694.25,1665.98,1670.84,3155292192
2023-10-01,1670.84,1755.2,1668.51,1733.4,5054880180
2023-10-02,1733.42,1743.84,1637.82,1662.62,8420552922
2023-10-03,1662.62,1670.61,1643.56,1656.91,4742827302
2023-10-04,1656.91,1657.91,1626.01,1646.58,5127524863
2023-10-05,1646.58,1655.28,1608.0,1611.63,5403759057
2023-10-06,1611.83,1662.23,1611.78,1645.95,4941208729
2023-10-07,1645.9,1648.7,1631.01,1634.65,2578994988
2023-10-08,1634.64,1642.33,1617.31,1633.78,3315554175
2023-10-09,1633.77,1636.51,1548.22,1580.13,7020801716
2023-10-10,1580.13,1595.15,1550.18,1567.63,5254966125
2023-10-11,1567.63,1578.53,1545.5,1566.46,5416504273
2023-10-12,1566.45,1568.05,1520.85,1539.25,5003930677
2023-10-13,1539.26,1574.66,1537.31,1552.04,4575141511
2023-10-14,1552.03,1561.53,1544.65,1554.87,2429214718
2023-10-15,1554.98,1566.92,1548.3,1558.01,2923337883
2023-10-16,1558.01,1641.41,1555.2,1600.02,8846928526
2023-10-17,1600.03,1601.44,1552.74,1565.24,5032686973
2023-10-18,1565.25,1586.27,1556.01,1563.67,4354138855
2023-10-19,1563.66,1576.25,1542.36,1567.48,5035110867
2023-10-20,1567.5,1632.11,1562.0,1604.96,6747486127
2023-10-21,1604.94,1644.77,1593.06,1629.38,4212179634
2023-10-22,1629.37,1668.28,1622.36,1664.43,5248406817
2023-10-23,1664.43,1799.55,1657.95,1766.27,14362295879
2023-10-24,1766.24,1854.62,1725.79,1785.28,15888690475
2023-10-25,1785.06,1818.29,1760.2,1787.58,9439066475
2023-10-26,1787.58,1865.86,1762.67,1803.57,11196672635
2023-10-27,1803.56,1804.29,1745.05,1779.81,7493399771
2023-10-28,1779.78,1803.48,1770.8,1776.48,4226112731
2023-10-29,1776.48,1811.68,1763.25,1795.74,4358528382
2023-10-30,1795.63,1830.64,1778.24,1809.69,7534051038
2023-10-31,1809.67,1820.0,1781.62,1815.14,6477922747
2023-11-01,1815.14,1859.0,1783.48,1847.74,10628825648
2023-11-02,1847.74,1875.0,1785.03,1801.31,9004197724
2023-11-03,1801.31,1836.16,1777.0,1833.76,7622864055
2023-11-04,1833.64,1870.32,1825.11,1857.23,4845080427
2023-11-05,1857.17,1913.57,1847.46,1893.16,8867152645
2023-11-06,1893.13,1916.13,1870.64,1901.68,8104122602
2023-11-07,1901.67,1908.07,1851.01,1885.93,9203228152
2023-11-08,1885.93,1905.3,1873.55,1888.84,6751627017
2023-11-09,1888.86,2131.91,1882.84,2121.3,24709695029
2023-11-10,2120.88,2136.53,2066.0,2078.57,14740624457
2023-11-11,2078.57,2091.61,2032.14,2053.83,10228351203
2023-11-12,2053.94,2066.93,2013.5,2046.06,7951011698
2023-11-13,2046.06,2118.65,2029.28,2053.99,14322027970
2023-11-14,2054.31,2065.48,1933.0,1979.61,13087862495
2023-11-15,1979.45,2063.58,1967.19,2059.38,12626326991
2023-11-16,2059.46,2100.0,1909.37,1961.76,14651619483
2023-11-17,1961.66,1991.25,1906.15,1961.57,11881648738
2023-11-18,1961.53,1972.38,1917.96,1963.76,8064677046
2023-11-19,1963.75,2016.6,1944.65,2012.29,7716048818
2023-11-20,2012.68,2067.79,1993.59,2022.55,12866464824
2023-11-21,2022.56,2035.77,1930.86,1933.45,13653500841
2023-11-22,1933.52,2092.66,1929.26,2063.94,13372200584
2023-11-23,2063.95,2089.18,2040.23,2062.78,7828437946
2023-11-24,2062.51,2134.16,2059.7,2082.61,12141148820
2023-11-25,2082.74,2091.72,2067.11,2084.02,5362623390
2023-11-26,2084.0,2095.16,2037.8,2063.09,8054814154
2023-11-27,2063.13,2072.0,1985.72,2027.47,10574810069
2023-11-28,2027.46,2076.0,1995.29,2049.08,9910633038
2023-11-29,2048.94,2075.84,2019.63,2029.11,8945151861
2023-11-30,2029.14,2055.74,2020.96,2053.1,8107789163
2023-12-01,2053.08,2112.09,2045.99,2088.4,10866891430
2023-12-02,2088.43,2190.48,2086.97,2165.76,9130124831
2023-12-03,2165.85,2217.78,2150.3,2194.13,8278465782
2023-12-04,2194.12,2274.95,2192.41,2243.29,16149367134
2023-12-05,2243.25,2309.82,2187.97,2293.97,15383072559
2023-12-06,2293.96,2312.75,2219.61,2232.8,12790612571
2023-12-07,2233.08,2384.0,2222.58,2356.57,14766891042
2023-12-08,2356.4,2392.35,2338.25,2358.59,12543458699
2023-12-09,2359.01,2403.37,2329.35,2341.28,10613312823
2023-12-10,2341.48,2377.61,2322.53,2352.29,7369608905
2023-12-11,2352.71,2354.99,2127.36,2224.06,17989249470
2023-12-12,2224.15,2243.23,2164.82,2202.34,11391132228
2023-12-13,2202.39,2284.98,2144.52,2260.69,12576395493
2023-12-14,2260.69,2332.39,2229.9,2315.95,12608711052
2023-12-15,2315.81,2318.39,2199.76,2220.31,10259157898
2023-12-16,2220.44,2262.0,2209.68,2227.29,6866555430
2023-12-17,2227.19,2247.08,2189.89,2194.75,7410453853
2023-12-18,2194.45,2223.31,2115.22,2218.71,10366536490
2023-12-19,2218.58,2254.14,2134.43,2177.27,10619179629
2023-12-20,2177.32,2264.85,2156.96,2202.0,12652290807
2023-12-21,2201.93,2279.65,2182.83,2239.92,12616530536
2023-12-22,2239.92,2344.26,2230.66,2326.35,16137246310
2023-12-23,2326.49,2332.69,2266.79,2309.58,7995772945
2023-12-24,2309.51,2327.66,2244.79,2265.33,9450799236
2023-12-25,2265.45,2304.93,2253.96,2271.53,8036302656
2023-12-26,2271.42,2275.2,2148.1,2230.91,10668581464
2023-12-27,2230.93,2393.39,2212.12,2380.66,14161342927
2023-12-28,2380.54,2448.25,2336.7,2344.94,15660799060
2023-12-29,2345.08,2386.99,2255.78,2299.37,12536968996
2023-12-30,2299.17,2322.86,2267.63,2291.15,6888195427
2023-12-31,2291.51,2320.48,2259.1,2281.07,6871481744
2024-01-01,2281.03,2353.33,2264.86,2352.76,6906765990
2024-01-02,2352.8,2433.19,2342.19,2356.16,12910543630
2024-01-03,2356.27,2385.66,2100.0,2210.49,19332933581
2024-01-04,2210.49,2297.64,2203.1,2269.47,11044564896
2024-01-05,2269.48,2278.84,2207.6,2270.35,10860953290
2024-01-06,2270.29,2271.72,2217.0,2241.87,5970741680
2024-01-07,2241.81,2258.57,2206.66,2222.69,6490053615
2024-01-08,2222.86,2360.81,2167.68,2332.51,13830287095
2024-01-09,2332.52,2376.1,2228.42,2344.93,14891130716
2024-01-10,2344.97,2644.42,2340.77,2584.77,29042100476
2024-01-11,2584.85,2691.07,2567.08,2618.31,22575246883
2024-01-12,2618.37,2717.89,2455.0,2522.03,23623839263
2024-01-13,2522.02,2589.97,2496.41,2578.12,12250316867
2024-01-14,2578.13,2578.96,2467.97,2470.66,9405587417
2024-01-15,2470.65,2551.77,2468.6,2509.94,9700630000
2024-01-16,2509.85,2614.04,2498.25,2586.83,11063317095
2024-01-17,2586.46,2592.5,2505.19,2527.94,10441017520
2024-01-18,2528.02,2547.67,2423.43,2468.82,11900028080
2024-01-19,2468.82,2502.14,2412.4,2490.13,11405278376
2024-01-20,2489.98,2489.98,2452.02,2470.44,5297826161
2024-01-21,2470.51,2480.69,2451.26,2455.52,4578471955
2024-01-22,2455.09,2464.33,2301.0,2311.34,13923771728
2024-01-23,2311.52,2349.07,2165.01,2240.81,16182147521
2024-01-24,2241.1,2262.88,2195.32,2234.06,10134722960
2024-01-25,2234.34,2241.35,2169.47,2217.3,9302247037
2024-01-26,2217.29,2281.72,2194.88,2267.34,9975117607
2024-01-27,2267.47,2282.54,2250.9,2268.07,5144367230
2024-01-28,2268.12,2307.97,2239.3,2256.51,7296214994
2024-01-29,2256.47,2322.55,2233.15,2317.42,8948195551
2024-01-30,2317.63,2391.91,2296.86,2342.96,10173440062
2024-01-31,2342.96,2352.17,2262.47,2281.6,10807883277
2024-02-01,2281.55,2310.97,2239.04,2303.61,8895583113
2024-02-02,2303.66,2323.4,2280.43,2308.03,7186143091
2024-02-03,2308.06,2328.42,2292.29,2295.97,4647754021
2024-02-04,2295.97,2309.45,2266.14,2288.82,5438100035
2024-02-05,2288.82,2336.1,2268.0,2298.91,7277068110
2024-02-06,2298.93,2392.65,2295.79,2372.09,9520885493
2024-02-07,2372.09,2446.9,2352.34,2424.55,9660628536
2024-02-08,2424.71,2462.69,2410.77,2419.78,9941841732
2024-02-09,2419.78,2524.11,2418.79,2487.84,13634203177
2024-02-10,2487.87,2518.02,2473.32,2501.08,6474444159
2024-02-11,2501.08,2540.57,2494.42,2508.11,7347245813
2024-02-12,2508.49,2666.66,2472.17,2661.03,13022696866
2024-02-13,2661.13,2687.13,2590.41,2641.63,18271237044
2024-02-14,2641.84,2788.95,2619.36,2777.56,21448973822
2024-02-15,2777.37,2868.68,2761.9,2825.94,23734481937
2024-02-16,2825.88,2860.28,2745.48,2803.89,17057114638
2024-02-17,2804.09,2806.8,2719.73,2786.83,17932379943
2024-02-18,2787.12,2896.74,2765.55,2882.06,23355830478
2024-02-19,2881.91,2985.0,2857.33,2945.43,15163110589
2024-02-20,2944.94,3033.53,2873.82,3015.56,20341598470
2024-02-21,3015.53,3017.99,2868.32,2968.37,18897136867
2024-02-22,2968.37,3035.84,2906.13,2969.77,18058908246
2024-02-23,2969.75,2991.94,2905.71,2921.79,12822717059
2024-02-24,2921.76,3005.28,2906.2,2992.66,10701688842
2024-02-25,2992.41,3121.04,2983.45,3113.17,14620450464
2024-02-26,3113.37,3198.77,3036.62,3178.34,17504464351
2024-02-27,3178.28,3291.36,3167.8,3243.84,21090315368
2024-02-28,3244.35,3492.31,3185.0,3386.64,32885894265
2024-02-29,3386.64,3521.99,3302.1,3341.78,28469171094
2024-03-01,3341.78,3454.95,3340.15,3436.0,16880101987
2024-03-02,3436.37,3462.0,3398.14,3424.04,12024340617
2024-03-03,3423.77,3493.78,3363.59,3489.53,13643324467
2024-03-04,3489.95,3650.0,3430.0,3633.23,26772963830
2024-03-05,3632.92,3829.93,3205.0,3557.41,47706899137
2024-03-06,3557.42,3903.42,3502.0,3821.82,34938642613
2024-03-07,3822.1,3941.57,3736.5,3875.28,22457177587
2024-03-08,3875.42,4000.0,3826.37,3892.6,26135487051
2024-03-09,3892.62,3951.37,3880.0,3913.55,11926623780
2024-03-10,3913.84,3972.17,3800.01,3881.96,15783924355
2024-03-11,3882.48,4091.67,3730.72,4066.21,28806262507
2024-03-12,4066.95,4093.88,3828.83,3980.34,26917010932
2024-03-13,3980.31,4085.57,3934.52,4007.7,22028114691
2024-03-14,4007.79,4013.25,3714.53,3880.45,25434810823
2024-03-15,3880.45,3932.39,3566.38,3742.95,33505075433
2024-03-16,3743.29,3781.4,3466.55,3520.1,20199855932
2024-03-17,3520.24,3676.76,3410.78,3641.02,19938757095
2024-03-18,3641.51,3642.56,3454.3,3520.66,21162220224
2024-03-19,3520.52,3547.97,3147.81,3156.97,34166976701
2024-03-20,3156.94,3536.72,3057.5,3516.68,36605316331
2024-03-21,3517.02,3586.59,3410.45,3491.78,22213647922
2024-03-22,3491.78,3542.56,3250.33,3337.41,20574952329
2024-03-23,3337.38,3436.39,3271.47,3330.05,13242137554
2024-03-24,3330.28,3471.22,3300.0,3454.67,12156660941
2024-03-25,3454.88,3661.7,3418.61,3591.02,18603921705
2024-03-26,3590.61,3681.9,3544.0,3587.67,18505553577
2024-03-27,3587.5,3665.95,3458.0,3499.56,18753082145
2024-03-28,3499.62,3612.3,3462.44,3561.1,16419674157
2024-03-29,3561.12,3584.9,3473.42,3511.08,12712701619
2024-03-30,3511.21,3568.13,3488.08,3507.51,9389066783
2024-03-31,3507.31,3654.87,3505.76,3645.48,10499881424
2024-04-01,3645.55,3646.38,3413.86,3505.85,16002098681
2024-04-02,3505.95,3507.69,3211.41,3279.64,22076539151
2024-04-03,3279.71,3369.43,3202.8,3312.43,16010734587
2024-04-04,3312.42,3444.95,3251.91,3329.39,14476330517
2024-04-05,3329.41,3348.33,3210.99,3319.26,15214447092
2024-04-06,3319.1,3398.8,3308.7,3352.66,8956926798
2024-04-07,3352.87,3459.52,3345.36,3453.67,9931108526
2024-04-08,3453.69,3729.16,3406.93,3694.56,19055143129
2024-04-09,3694.26,3726.79,3450.6,3504.58,18279773833
2024-04-10,3504.24,3562.51,3411.59,3546.0,16872482726
2024-04-11,3546.07,3617.97,3473.6,3503.06,14076734489
2024-04-12,3503.06,3553.03,3100.0,3239.31,22104869556
2024-04-13,3238.98,3302.32,2850.0,3011.39,29930408174
2024-04-14,3012.01,3175.72,2911.23,3158.06,25486284994
2024-04-15,3158.2,3281.21,3025.0,3103.13,21925843181
2024-04-16,3103.4,3128.28,2990.0,3085.25,19441391169
2024-04-17,3085.41,3124.03,2914.01,2984.98,17711869375
2024-04-18,2984.9,3100.8,2952.53,3065.82,15183777035
2024-04-19,3065.8,3128.99,2865.71,3057.93,20399982867
2024-04-20,3057.9,3172.3,3019.11,3157.01,9918642130
2024-04-21,3156.62,3198.46,3117.46,3148.1,9394387894
2024-04-22,3148.06,3237.41,3129.68,3201.46,12063858733
2024-04-23,3201.67,3266.4,3153.41,3219.49,11054442653
2024-04-24,3219.42,3293.4,3102.62,3138.91,14000234760
2024-04-25,3139.27,3191.94,3071.79,3155.36,13989030260
2024-04-26,3155.27,3166.66,3101.01,3130.0,10622333862
2024-04-27,3130.04,3281.92,3067.27,3253.04,11820785577
2024-04-28,3253.04,3356.31,3239.72,3262.6,11379192678
2024-04-29,3262.99,3287.15,3114.56,3215.53,15032246816
2024-04-30,3215.89,3249.66,2916.34,3011.4,18266894653
2024-05-01,3011.24,3020.26,2814.12,2968.12,20005057445
2024-05-02,2968.18,3016.07,2890.28,2986.32,13163903903
2024-05-03,2986.12,3128.04,2958.55,3103.27,12862183229
2024-05-04,3104.11,3167.85,3093.87,3117.41,8283229638
2024-05-05,3117.52,3171.64,3073.7,3136.95,8783447639
2024-05-06,3136.77,3221.41,3045.59,3062.69,13008587255
2024-05-07,3062.69,3129.9,3000.0,3005.78,11743187337
2024-05-08,3006.09,3038.17,2937.09,2972.82,11791662158
2024-05-09,2972.81,3058.43,2949.52,3035.92,10861947179
2024-05-10,3035.92,3053.53,2878.38,2909.43,12278653601
2024-05-11,2909.38,2943.64,2885.8,2911.75,6795916454
2024-05-12,2911.77,2954.16,2900.59,2927.75,5908941395
2024-05-13,2927.72,2994.74,2864.35,2950.21,13352264795
2024-05-14,2950.09,2988.0,2858.76,2880.4,12444516140
2024-05-15,2880.39,3041.53,2862.36,3033.2,14666902956
2024-05-16,3033.23,3041.71,2923.73,2945.11,13035465176
2024-05-17,2944.86,3122.08,2932.68,3093.39,14449438097
2024-05-18,3093.2,3148.0,3085.07,3123.99,9407051320
2024-05-19,3123.76,3137.64,3053.74,3070.9,8747800800
2024-05-20,3070.83,3695.0,3048.58,3661.52,31228143948
2024-05-21,3661.51,3841.24,3625.58,3789.37,37643853967
2024-05-22,3789.41,3813.25,3653.11,3735.99,25155809461
2024-05-23,3736.02,3947.0,3521.24,3780.83,45623656317
2024-05-24,3780.42,3827.99,3627.53,3726.89,22257061429
2024-05-25,3726.87,3777.78,3707.41,3749.06,10000027764
2024-05-26,3749.23,3882.82,3731.03,3823.83,14650794791
2024-05-27,3823.55,3973.9,3821.01,3890.72,18949181813
2024-05-28,3890.72,3926.6,3769.47,3839.98,19846044324
2024-05-29,3840.18,3884.24,3740.75,3762.11,17411416736
2024-05-30,3762.07,3824.07,3700.4,3746.74,15065849797
2024-05-31,3746.64,3846.0,3720.52,3758.44,15290700646
2024-06-01,3758.44,3829.99,3748.31,3812.48,8661024535
2024-06-02,3812.49,3835.0,3750.59,3778.88,11126903059
2024-06-03,3778.88,3850.06,3757.32,3766.09,14082454300
2024-06-04,3766.12,3832.56,3730.56,3810.29,13331489271
2024-06-05,3810.24,3888.9,3777.25,3866.57,15480034434
2024-06-06,3866.42,3879.15,3758.19,3812.09,13606583873
2024-06-07,3812.04,3839.71,3575.23,3676.35,18220286186
2024-06-08,3676.31,3707.99,3658.0,3680.84,9096091805
2024-06-09,3680.89,3721.16,3666.2,3706.27,7910768788
2024-06-10,3706.4,3712.6,3643.02,3665.86,10377300126
2024-06-11,3665.86,3671.47,3381.0,3497.31,19184721538
2024-06-12,3497.27,3657.05,3461.52,3559.14,17142905351
2024-06-13,3559.14,3560.6,3425.87,3467.65,14472382154
2024-06-14,3467.9,3529.83,3360.62,3479.53,15793876596
2024-06-15,3479.53,3591.87,3470.96,3566.69,12733651076
2024-06-16,3566.82,3651.51,3538.74,3622.1,9878388158
2024-06-17,3622.53,3640.0,3463.38,3509.55,17838856988
2024-06-18,3509.81,3515.87,3351.0,3482.06,21022514455
2024-06-19,3482.07,3585.77,3464.44,3559.14,15275373778
2024-06-20,3559.24,3624.28,3483.5,3510.73,16115123753
2024-06-21,3510.73,3545.99,3444.7,3517.19,15933353456
2024-06-22,3517.18,3520.03,3473.78,3494.09,7423703673
2024-06-23,3494.09,3519.79,3405.07,3418.42,9418141333
2024-06-24,3418.42,3432.5,3233.75,3350.59,23137744903
2024-06-25,3350.6,3430.6,3334.79,3393.6,13235546063
2024-06-26,3393.59,3425.44,3323.0,3369.31,11694054195
2024-06-27,3369.76,3474.12,3359.23,3445.58,11771834016
2024-06-28,3445.57,3484.72,3360.01,3373.62,12861158844
2024-06-29,3373.75,3403.09,3366.21,3373.26,6584792001
2024-06-30,3373.34,3453.93,3347.21,3432.37,8396416013
2024-07-01,3432.37,3518.85,3420.5,3438.59,12281551839
2024-07-02,3438.59,3460.56,3396.76,3416.17,9421757718
2024-07-03,3416.17,3427.04,3248.0,3291.73,16121324440
2024-07-04,3291.88,3309.58,3050.0,3058.89,20252514386
2024-07-05,3059.08,3108.7,2809.41,2981.74,31131942647
2024-07-06,2981.74,3082.05,2955.67,3067.39,11586293705
2024-07-07,3067.38,3073.49,2921.13,2930.78,10857947538
2024-07-08,2930.78,3095.94,2822.64,3018.48,22627377457
2024-07-09,3018.47,3113.5,3003.55,3066.51,15269945822
2024-07-10,3066.35,3150.72,3023.8,3100.3,14578679176
2024-07-11,3100.35,3220.48,3055.0,3099.29,15230095766
2024-07-12,3099.35,3158.3,3045.8,3135.05,12751638331
2024-07-13,3134.84,3203.05,3114.15,3176.71,8565105946
2024-07-14,3176.61,3270.12,3164.66,3246.38,10517709666
2024-07-15,3246.38,3496.03,3233.86,3485.87,18305490390
2024-07-16,3485.35,3499.99,3348.0,3446.67,20446664416
2024-07-17,3446.67,3518.38,3376.92,3387.45,16739123962
2024-07-18,3387.1,3490.0,3367.65,3425.58,15035622003
2024-07-19,3425.58,3541.85,3375.99,3505.75,17705629736
2024-07-20,3505.83,3540.79,3482.03,3519.06,10360198325
2024-07-21,3518.99,3547.57,3413.01,3536.2,13845913681
2024-07-22,3536.21,3563.02,3423.94,3441.1,18723199034
2024-07-23,3441.09,3541.2,3390.0,3482.9,24468405650
2024-07-24,3482.89,3488.05,3299.16,3334.99,16040945448
2024-07-25,3335.0,3342.07,3086.13,3174.3,25293745810
2024-07-26,3174.3,3286.65,3169.59,3274.95,15993893521
2024-07-27,3274.84,3327.6,3190.57,3249.25,15198233287
2024-07-28,3249.24,3283.98,3198.23,3269.98,8959236446
2024-07-29,3270.15,3396.61,3256.68,3317.55,18334852719
2024-07-30,3317.42,3365.68,3232.55,3278.27,14045773047
2024-07-31,3278.42,3348.0,3213.0,3231.81,16135380637
2024-08-01,3231.81,3242.14,3077.17,3200.54,20217639556
2024-08-02,3200.53,3215.75,2964.01,2985.84,21400241741
2024-08-03,2985.88,3016.19,2857.35,2901.72,17844091431
2024-08-04,2901.98,2933.13,2626.17,2688.31,21139601426
2024-08-05,2688.38,2696.41,2116.02,2420.37,67668132244
2024-08-06,2420.79,2556.62,2415.69,2462.52,26041995921
2024-08-07,2462.26,2552.77,2308.94,2343.66,24264218606
2024-08-08,2342.82,2725.35,2321.07,2683.59,23468291180
2024-08-09,2683.33,2708.87,2553.08,2599.94,17907141655
2024-08-10,2600.1,2645.74,2577.61,2610.69,13595441987
2024-08-11,2610.38,2720.0,2539.86,2555.58,21653090666
2024-08-12,2555.09,2750.0,2509.58,2723.0,21653090666
2024-08-13,2723.23,2739.0,2611.59,2703.49,16383053029
2024-08-14,2703.49,2782.61,2633.76,2661.67,16345801912
2024-08-15,2661.98,2675.79,2516.07,2570.5,16345801912
2024-08-16,2570.22,2631.06,2551.29,2593.75,13275561555
2024-08-17,2593.75,2627.67,2588.17,2614.64,9207267415
2024-08-18,2614.64,2687.92,2594.34,2612.68,11968963282
2024-08-19,2612.33,2648.71,2563.98,2637.15,13249483464
2024-08-20,2637.63,2697.11,2555.26,2573.04,13249483464
2024-08-21,2572.69,2664.7,2536.49,2631.14,12766015263
2024-08-22,2631.18,2645.42,2584.59,2623.3,16857181970
2024-08-23,2623.26,2800.89,2621.38,2764.73,16857181970
2024-08-24,2764.89,2820.86,2732.75,2769.0,14681344529
2024-08-25,2768.95,2793.09,2734.52,2747.57,12282035835
2024-08-26,2747.06,2763.51,2667.25,2680.77,18028996056
2024-08-27,2680.75,2700.29,2393.38,2458.22,20359545410
2024-08-28,2457.84,2555.23,2418.63,2528.51,24029014792
2024-08-29,2528.76,2597.0,2503.09,2527.71,15526218255
2024-08-30,2527.76,2551.26,2430.25,2525.74,15994970734
2024-08-31,2525.7,2533.92,2492.03,2512.62,11800443265
2024-09-01,2512.49,2516.27,2399.2,2425.9,12520444224
2024-09-02,2425.78,2564.02,2423.56,2537.81,13698895845
2024-09-03,2537.99,2553.75,2410.52,2424.18,16709600747
2024-09-04,2424.16,2490.21,2307.12,2450.46,17206384014
2024-09-05,2450.26,2465.98,2347.19,2367.8,25825618367
2024-09-06,2367.5,2409.19,2150.0,2224.46,25825618367
2024-09-07,2224.55,2311.27,2221.01,2272.88,15121618371
2024-09-08,2273.03,2334.03,2240.82,2297.47,15887712451
2024-09-09,2297.35,2381.46,2273.0,2360.1,16076294144
2024-09-10,2359.71,2399.99,2320.91,2388.26,15355180967
2024-09-11,2388.71,2389.58,2276.66,2340.54,15958592512
2024-09-12,2340.24,2392.13,2314.76,2361.63,13759640866
2024-09-13,2361.75,2466.49,2336.57,2440.96,13759640866
2024-09-14,2440.99,2442.56,2378.8,2418.19,10155470375
2024-09-15,2418.3,2430.91,2285.0,2316.37,10155470375
2024-09-16,2316.01,2335.18,2251.99,2295.21,18044776448
2024-09-17,2295.35,2394.0,2263.05,2342.1,15474716672
2024-09-18,2342.09,2376.26,2277.05,2374.59,18159056422
2024-09-19,2374.78,2495.27,2372.73,2465.84,19503161592
2024-09-20,2465.79,2573.26,2437.49,2562.02,20553236141
2024-09-21,2562.1,2623.26,2528.75,2613.16,10797825021
2024-09-22,2612.77,2632.92,2525.0,2580.92,13180663011
2024-09-23,2580.93,2704.62,2539.64,2646.72,20654448640
2024-09-24,2646.93,2671.85,2591.67,2653.31,16658812503
2024-09-25,2653.53,2673.77,2553.93,2579.25,14647872512
2024-09-26,2579.84,2667.81,2558.84,2632.53,17336033595
2024-09-27,2632.63,2729.39,2615.45,2695.37,17579257856
2024-09-28,2695.37,2705.26,2650.16,2675.79,10513823744
2024-09-29,2675.88,2683.77,2634.38,2657.89,11126215671
2024-09-30,2657.9,2663.97,2573.89,2601.27,17826446789
2024-10-01,2601.33,2657.98,2413.11,2447.55,25482371785
2024-10-02,2447.54,2498.47,2351.92,2363.76,21821919562
2024-10-03,2363.51,2403.08,2309.17,2349.97,21303459772
2024-10-04,2349.73,2440.96,2338.96,2414.43,15803725009
2024-10-05,2414.43,2428.22,2389.68,2414.51,8240653312
2024-10-06,2414.89,2457.57,2406.0,2439.84,8458690205
2024-10-07,2439.36,2520.39,2402.32,2421.68,17414044416
2024-10-08,2421.68,2464.51,2399.24,2439.48,14838761472
2024-10-09,2439.47,2472.09,2349.63,2368.66,14954047093
2024-10-10,2368.35,2418.41,2327.83,2384.32,16515703808
2024-10-11,2384.42,2471.1,2379.84,2438.77,13496258560
2024-10-12,2439.15,2489.67,2433.43,2475.79,9910636544
2024-10-13,2475.79,2484.44,2435.88,2467.67,9189490605
2024-10-14,2467.95,2653.03,2442.42,2628.74,21434687898
2024-10-15,2628.75,2687.63,2536.47,2606.63,22003780898
2024-10-16,2606.73,2646.91,2588.05,2610.54,17835870208
2024-10-17,2610.56,2647.43,2574.29,2604.91,15150712321
2024-10-18,2604.9,2676.07,2594.79,2641.98,17043738652
2024-10-19,2642.0,2662.99,2630.82,2647.97,8945602560
2024-10-20,2647.97,2758.08,2635.16,2746.22,14559296242
2024-10-21,2745.91,2768.22,2653.94,2665.35,19787337728
2024-10-22,2665.25,2670.37,2603.37,2620.84,16460230522
2024-10-23,2620.84,2626.29,2448.36,2521.94,17876984551
2024-10-24,2521.91,2559.24,2504.7,2533.99,18058878933
2024-10-25,2534.0,2564.84,2379.35,2436.01,22560233078
2024-10-26,2435.81,2503.73,2425.54,2479.49,17569978196
2024-10-27,2479.49,2524.39,2460.47,2504.69,9801434566
2024-10-28,2504.72,2588.0,2468.81,2565.66,18971841402
2024-10-29,2565.66,2681.78,2559.3,2637.85,24031707998
2024-10-30,2638.11,2721.09,2598.87,2658.16,22806117350
2024-10-31,2658.15,2668.12,2500.0,2514.84,20858856468
2024-11-01,2514.74,2585.26,2464.83,2510.27,20842510336
2024-11-02,2510.27,2522.48,2469.7,2493.44,10438882304
2024-11-03,2493.5,2496.01,2409.53,2456.57,15667779706
2024-11-04,2456.15,2489.44,2355.43,2397.0,17110200696
2024-11-05,2396.62,2479.58,2379.3,2422.24,20100966956
2024-11-06,2422.24,2746.83,2420.14,2724.27,41887574364
2024-11-07,2724.27,2920.62,2701.52,2897.65,36155599937
2024-11-08,2897.65,2986.13,2888.99,2964.09,36311788939
2024-11-09,2964.09,3158.83,2956.8,3127.97,30347269442
2024-11-10,3127.96,3251.25,3069.19,3186.07,47418730187
2024-11-11,3186.03,3391.61,3108.1,3375.78,58075655698
2024-11-12,3375.79,3446.98,3210.57,3247.21,62874562560
2024-11-13,3247.54,3339.0,3120.8,3191.45,52434964922
2024-11-14,3191.34,3242.75,3028.32,3059.04,39983827898
2024-11-15,3058.89,3131.68,3012.94,3090.76,32950417557
2024-11-16,3090.76,3220.0,3072.9,3134.25,29398642123
2024-11-17,3134.48,3161.96,3036.64,3076.79,28348163224
2024-11-18,3076.79,3226.8,3050.83,3209.21,36238941444
2024-11-19,3209.42,3222.83,3070.0,3111.7,33789567421
2024-11-20,3111.63,3161.97,3031.38,3072.24,30969458877
2024-11-21,3072.33,3390.35,3034.15,3359.9,55826962853
2024-11-22,3360.11,3429.69,3260.78,3331.77,51618967552
2024-11-23,3332.16,3500.0,3316.55,3397.51,39014674432
2024-11-24,3397.51,3453.9,3286.25,3365.16,31886138762
2024-11-25,3365.17,3546.99,3304.11,3414.72,51544793988
2024-11-26,3414.64,3462.89,3252.6,3323.67,48121901080
2024-11-27,3323.67,3688.54,3300.76,3657.63,44700361441
2024-11-28,3657.2,3665.28,3530.02,3579.11,41695004506
2024-11-29,3579.48,3650.0,3536.44,3593.67,29196067192
2024-11-30,3593.38,3740.63,3569.63,3706.35,30850999112
2024-12-01,3706.35,3748.29,3661.12,3710.24,28568004465
2024-12-02,3710.08,3762.72,3556.03,3644.52,47557480448
2024-12-03,3644.51,3671.71,3502.29,3617.59,42107463222
2024-12-04,3617.82,3899.21,3616.92,3843.33,56799745752
2024-12-05,3843.84,3960.0,3681.0,3788.93,65366405120
2024-12-06,3789.07,4096.0,3781.2,4004.83,58117980160
2024-12-07,4005.37,4030.27,3973.19,4000.01,31981281811
2024-12-08,4000.02,4018.5,3926.45,4006.75,20943378971
2024-12-09,4007.38,4008.8,3501.0,3713.57,57029832059
2024-12-10,3713.56,3782.0,3516.0,3630.34,66785325056
2024-12-11,3630.37,3851.87,3564.36,3835.08,42089890030
2024-12-12,3835.08,3989.22,3799.19,3882.68,42971675764
2024-12-13,3882.62,3969.32,3854.0,3907.87,37248205034
2024-12-14,3907.7,3945.29,3824.44,3869.25,28885275538
2024-12-15,3869.5,3973.71,3831.09,3957.7,25069616984
2024-12-16,3957.7,4109.0,3881.93,3987.6,48317423616
2024-12-17,3987.59,4041.76,3848.76,3893.54,37922320688
2024-12-18,3893.44,3907.71,3615.79,3624.84,48946681636
2024-12-19,3624.92,3718.3,3322.19,3414.35,59774595072
2024-12-20,3414.35,3497.29,3095.65,3470.47,90674968836
2024-12-21,3470.47,3553.49,3291.31,3337.09,48115528629
2024-12-22,3337.05,3400.23,3217.84,3278.6,24856842240
2024-12-23,3278.69,3462.14,3213.85,3418.12,34497449984
2024-12-24,3418.12,3537.52,3353.08,3491.13,26983544213
2024-12-25,3491.13,3543.83,3437.42,3493.95,19491546560
2024-12-26,3494.36,3512.49,3301.06,3330.86,22247726776
2024-12-27,3331.17,3437.87,3301.27,3328.6,25197293020
2024-12-28,3328.34,3421.11,3317.12,3397.87,15181472381
2024-12-29,3397.86,3408.32,3320.0,3350.23,13440907792
2024-12-30,3350.24,3430.0,3293.1,3355.66,26981583962
2024-12-31,3355.44,3447.0,3310.0,3330.32,24661174258
2025-01-01,3330.52,3366.83,3308.2,3353.32,14195410493
2025-01-02,3353.32,3506.11,3347.19,3452.39,23327064264
2025-01-03,3452.39,3629.9,3420.62,3607.68,21881030656
2025-01-04,3607.68,3670.34,3571.29,3656.4,19381126331
2025-01-05,3656.4,3674.92,3593.46,3635.46,13073972014
2025-01-06,3635.48,3746.0,3609.58,3688.74,23977975457
2025-01-07,3688.73,3702.24,3356.0,3380.29,32235312545
2025-01-08,3380.32,3414.59,3206.95,3326.29,37533783024
2025-01-09,3326.51,3356.78,3157.0,3218.81,28815726276
2025-01-10,3219.2,3321.91,3194.4,3266.53,28432481428
2025-01-11,3266.37,3318.91,3217.61,3282.01,11772144561
2025-01-12,3282.0,3298.2,3223.07,3266.02,11647743556
2025-01-13,3266.09,3336.26,2913.75,3136.08,39911742769
2025-01-14,3136.65,3256.46,3124.2,3223.97,38793671798
2025-01-15,3224.35,3475.14,3185.25,3451.58,25991614661
2025-01-16,3451.57,3460.6,3262.69,3307.73,27588218880
2025-01-17,3307.83,3527.0,3307.09,3475.47,28886511616
2025-01-18,3475.54,3496.48,3224.29,3304.07,32918221360
2025-01-19,3304.09,3445.0,3125.45,3210.03,57242875399
2025-01-20,3211.85,3448.0,3139.61,3280.4,66486389095
2025-01-21,3280.43,3368.0,3200.98,3327.57,33974362536
2025-01-22,3327.56,3366.1,3220.01,3241.35,22489632768
2025-01-23,3241.35,3349.15,3181.94,3338.67,32419520084
2025-01-24,3339.26,3428.25,3275.41,3309.72,31437794482
2025-01-25,3309.83,3350.27,3269.06,3318.37,15424596990
2025-01-26,3318.38,3361.16,3227.68,3231.48,14471528757
2025-01-27,3231.31,3253.54,3008.04,3181.93,40671891456
2025-01-28,3182.06,3223.56,3037.75,3076.06,20718206194
2025-01-29,3076.05,3181.99,3053.94,3114.03,24107769856
2025-01-30,3114.03,3283.5,3090.89,3247.48,21035571200
2025-01-31,3247.32,3438.96,3213.36,3299.99,30128115902
2025-02-01,3300.0,3330.9,3101.28,3116.78,19917507079
2025-02-02,3116.44,3162.35,2750.0,2869.25,42060930305
2025-02-03,2869.69,2924.6,2150.0,2883.62,94516412416
2025-02-04,2883.1,2891.9,2633.67,2732.07,49706471424
2025-02-05,2732.07,2827.94,2699.6,2788.3,34398834688
2025-02-06,2788.56,2858.92,2656.53,2687.1,30075670528
2025-02-07,2687.18,2799.59,2563.0,2622.95,29526663418
2025-02-08,2623.02,2668.11,2588.13,2632.62,20434712576
2025-02-09,2633.12,2698.72,2522.16,2627.87,17517088276
2025-02-10,2627.82,2694.49,2560.35,2661.87,23190816768
2025-02-11,2661.84,2725.74,2560.49,2602.03,21156550492
2025-02-12,2602.08,2796.89,2548.0,2738.58,26919387954
2025-02-13,2738.84,2758.18,2613.25,2676.09,21233758208
2025-02-14,2676.29,2793.44,2664.64,2726.32,17732289901
2025-02-15,2726.36,2739.55,2664.22,2693.58,10922592256
2025-02-16,2693.58,2726.58,2652.55,2661.51,10593602117
2025-02-17,2661.51,2849.53,2638.43,2744.1,24170425078
2025-02-18,2744.11,2756.5,2604.48,2670.59,23047782400
2025-02-19,2670.57,2736.29,2654.68,2715.27,15648891904
2025-02-20,2715.3,2771.9,2707.15,2738.65,15917259320
2025-02-21,2738.64,2846.53,2614.08,2661.69,31441524621
2025-02-22,2661.68,2797.81,2652.08,2763.5,19022573568
2025-02-23,2763.53,2855.23,2745.5,2819.63,20493767269
2025-02-24,2819.77,2839.81,2471.74,2513.35,29127380459
2025-02-25,2513.33,2530.99,2319.86,2492.37,42707324928
2025-02-26,2492.54,2504.18,2251.01,2332.93,28815111323
2025-02-27,2332.98,2379.47,2227.04,2305.21,25521733632
2025-02-28,2305.41,2312.05,2073.34,2236.36,36027060224
2025-03-01,2236.74,2280.48,2142.04,2216.51,16566902784
2025-03-02,2216.82,2551.49,2172.59,2518.39,34854193845
2025-03-03,2518.4,2523.84,2094.27,2147.53,32543367168
2025-03-04,2147.64,2222.15,1991.21,2170.92,34712354816
2025-03-05,2171.0,2273.29,2154.64,2241.53,22828236800
2025-03-06,2241.63,2320.0,2176.0,2202.42,18718976000
2025-03-07,2202.03,2258.02,2102.21,2140.81,22425792863
2025-03-08,2140.81,2234.05,2104.67,2203.03,11745247232
2025-03-09,2203.03,2211.66,1988.3,2020.02,16103964994
2025-03-10,2020.02,2152.48,1809.49,1864.12,35005066442
2025-03-11,1864.52,1962.83,1754.13,1923.08,34583068672
2025-03-12,1923.02,1956.15,1829.49,1907.93,22898872951
2025-03-13,1907.88,1922.09,1820.86,1863.81,18266185728
2025-03-14,1863.8,1946.0,1860.46,1911.65,12765612032
2025-03-15,1911.55,1957.51,1903.69,1937.61,6701252096
2025-03-16,1937.4,1940.96,1860.49,1886.8,9292997638
2025-03-17,1886.79,1952.24,1879.8,1926.28,10729023488
2025-03-18,1926.2,1935.7,1871.64,1931.25,10170844746
2025-03-19,1931.24,2070.6,1927.63,2057.06,20065206266
2025-03-20,2056.93,2068.58,1951.12,1982.67,13773270016
2025-03-21,1982.45,1995.27,1936.0,1964.98,9834227712
2025-03-22,1965.04,2005.99,1963.76,1980.35,6177316352
2025-03-23,1980.43,2020.54,1976.6,2005.97,7522339707
2025-03-24,2006.14,2104.21,1977.42,2081.62,14725538816
2025-03-25,2081.61,2098.11,2037.39,2066.78,11735658914
2025-03-26,2066.75,2079.35,1981.4,2009.72,13178523590
2025-03-27,2009.65,2037.61,1986.83,2003.32,11781075968
2025-03-28,2003.18,2015.78,1860.86,1896.23,18160526498
2025-03-29,1896.21,1912.8,1797.51,1827.39,12310434816
2025-03-30,1827.43,1848.27,1767.1,1807.31,9854857162
2025-03-31,1807.51,1854.2,1776.43,1822.03,16544695296
2025-04-01,1822.05,1928.2,1817.71,1905.13,15001220420
2025-04-02,1905.13,1956.55,1781.21,1794.7,22593742104
2025-04-03,1794.77,1845.09,1750.0,1816.36,23588552704
2025-04-04,1816.33,1835.49,1758.5,1816.39,18354227200
2025-04-05,1816.34,1826.71,1764.1,1805.09,6374712479
2025-04-06,1805.16,1816.28,1535.06,1579.77,22154445576
2025-04-07,1579.8,1638.82,1411.0,1552.64,51913494528
2025-04-08,1552.37,1618.25,1444.37,1471.94,21315312919
2025-04-09,1472.11,1688.99,1383.26,1669.27,39252195855
2025-04-10,1669.15,1669.52,1471.63,1521.51,32255907840
2025-04-11,1521.08,1590.84,1504.0,1566.13,21620842496
2025-04-12,1565.95,1668.88,1544.36,1643.85,12110995013
2025-04-13,1643.82,1649.37,1562.0,1597.04,13909890792
2025-04-14,1597.04,1691.0,1595.06,1624.03,16518325094
2025-04-15,1623.61,1660.98,1583.15,1588.64,13175452875
2025-04-16,1588.48,1613.22,1538.02,1577.27,15339621551
2025-04-17,1577.3,1616.85,1562.35,1583.83,11312160796
2025-04-18,1583.86,1600.74,1573.7,1588.57,7123507323
2025-04-19,1588.61,1630.98,1585.02,1612.87,7168138700
2025-04-20,1612.97,1619.14,1565.64,1587.32,9250402118
2025-04-21,1587.42,1658.55,1563.06,1579.55,15403785611
2025-04-22,1579.54,1778.92,1538.75,1757.0,25555942463
2025-04-23,1757.09,1835.74,1746.09,1795.92,25607557120
2025-04-24,1795.81,1803.33,1723.01,1770.41,15207402759
2025-04-25,1770.42,1828.9,1740.0,1785.95,17459399281
2025-04-26,1785.8,1841.66,1779.84,1821.6,12241761280
2025-04-27,1821.77,1857.85,1782.9,1791.88,11321944113
2025-04-28,1791.89,1829.0,1744.9,1800.26,17043640437
2025-04-29,1800.31,1843.28,1780.6,1798.21,14734257744
2025-04-30,1798.2,1817.43,1732.44,1793.79,14810431362
2025-05-01,1793.92,1874.48,1792.67,1838.82,15861442721
2025-05-02,1838.78,1871.95,1813.43,1842.98,13570171872
2025-05-03,1842.98,1849.27,1810.38,1834.03,8691058688
2025-05-04,1834.11,1850.21,1803.01,1809.0,9906238464
2025-05-05,1808.82,1833.51,1781.7,1820.15,11389336489
2025-05-06,1820.2,1820.64,1751.45,1817.06,15051938816
2025-05-07,1817.06,1850.94,1787.01,1811.35,50540755039
2025-05-08,1811.36,2225.52,1808.61,2207.09,38018102184
2025-05-09,2206.84,2490.66,2184.39,2345.29,43766026875
2025-05-10,2345.42,2600.6,2317.73,2583.8,33925958578
2025-05-11,2583.09,2609.0,2436.47,2514.79,26496368543
2025-05-12,2514.79,2625.0,2407.41,2495.83,32121858921
2025-05-13,2495.61,2739.05,2415.65,2679.88,35127854266
2025-05-14,2679.82,2725.0,2547.75,2610.31,26602676588
2025-05-15,2610.47,2647.1,2475.0,2548.84,26637688883
2025-05-16,2549.16,2648.88,2530.31,2538.02,22511446730
2025-05-17,2537.9,2539.48,2446.89,2476.11,18830706230
2025-05-18,2476.11,2588.25,2323.0,2498.24,27160420278
2025-05-19,2498.63,2547.73,2349.73,2528.71,27351331811
2025-05-20,2529.28,2588.58,2444.4,2525.05,23453322578
2025-05-21,2525.05,2617.15,2452.79,2551.73,36115876498
2025-05-22,2552.12,2692.99,2545.4,2665.39,29503489833
2025-05-23,2665.59,2734.04,2500.0,2527.02,30536501878
2025-05-24,2526.83,2577.57,2515.72,2530.99,11496913096
2025-05-25,2531.34,2555.3,2463.37,2552.32,14556431364
2025-05-26,2552.44,2600.8,2526.98,2564.32,15067735040
2025-05-27,2564.71,2713.78,2510.54,2662.04,26537236313
2025-05-28,2662.18,2690.33,2609.9,2682.16,26264200536
2025-05-29,2682.44,2789.5,2618.88,2631.68,27567479811
2025-05-30,2631.41,2649.91,2507.8,2531.94,27567479811
2025-05-31,2531.92,2551.67,2476.84,2529.31,13992843765
2025-06-01,2529.31,2550.0,2470.5,2540.38,13287852482
2025-06-02,2540.4,2616.87,2476.13,2609.29,19915411456
2025-06-03,2609.29,2657.74,2575.75,2595.03,18621211035
2025-06-04,2595.03,2681.0,2584.05,2609.07,26194462737
2025-06-05,2609.19,2642.53,2392.16,2415.34,27790366217
2025-06-06,2415.31,2533.09,2384.0,2478.24,19407449565
2025-06-07,2478.38,2545.0,2457.88,2526.14,12097170203
2025-06-08,2525.94,2549.57,2492.84,2510.78,12124068864
2025-06-09,2510.77,2695.2,2479.09,2681.29,24731857847
2025-06-10,2681.25,2827.18,2657.11,2816.5,35555755055
2025-06-11,2816.69,2880.0,2743.0,2772.39,30705408054
2025-06-12,2772.39,2785.93,2615.0,2643.8,37000867840
2025-06-13,2643.81,2646.79,2439.17,2580.21,37986747138
2025-06-14,2580.25,2580.86,2490.0,2531.97,14285000473
2025-06-15,2531.98,2559.94,2492.42,2548.03,15047344128
2025-06-16,2547.95,2681.97,2515.23,2545.27,25650012160
2025-06-17,2545.41,2619.44,2454.0,2510.7,25653232897
2025-06-18,2510.64,2548.52,2466.38,2525.54,20719546368
2025-06-19,2525.49,2548.35,2485.37,2521.52,12782730709
2025-06-20,2521.79,2569.2,2367.58,2407.2,22799226880
2025-06-21,2407.2,2449.05,2217.06,2297.28,21343752192
2025-06-22,2297.26,2315.15,2113.0,2228.46,28458151601
2025-06-23,2228.46,2440.0,2189.11,2413.0,26247439429
2025-06-24,2412.81,2483.38,2377.79,2449.87,19539047009
2025-06-25,2449.74,2470.19,2391.15,2420.09,18300413888
2025-06-26,2420.09,2521.67,2395.0,2417.4,18300413888
2025-06-27,2417.21,2464.69,2381.26,2424.2,15309834970
2025-06-28,2424.24,2448.97,2407.03,2437.08,12500580479
2025-06-29,2437.08,2526.27,2413.36,2500.69,14084662272
2025-06-30,2500.7,2524.85,2433.97,2486.15,17100768256
2025-07-01,2486.16,2501.45,2386.96,2405.32,16403154944
2025-07-02,2405.41,2619.98,2372.62,2571.13,24563265536
2025-07-03,2571.13,2637.96,2557.21,2592.13,20873559425
2025-07-04,2592.14,2603.7,2475.0,2508.8,17222740209
2025-07-05,2508.79,2530.42,2488.4,2517.01,9289382302
2025-07-06,2517.02,2605.38,2504.27,2570.84,13211244544
2025-07-07,2570.81,2591.15,2512.76,2542.38,18575962112
2025-07-08,2542.39,2628.95,2523.58,2616.52,17537487206
2025-07-09,2616.35,2797.83,2590.47,2769.83,27783268352
2025-07-10,2769.83,3000.0,2756.22,2951.22,34918207488
2025-07-11,2951.87,3040.8,2913.58,2959.12,36226558863
2025-07-12,2959.22,2981.01,2905.29,2944.37,16317198254
2025-07-13,2944.48,3022.0,2937.0,2973.38,17361753131
2025-07-14,2973.48,3083.52,2964.2,3014.53,37076746240
2025-07-15,3014.41,3144.81,2933.0,3138.01,39013656112
2025-07-16,3138.79,3425.89,3101.25,3373.12,48027222016
2025-07-17,3373.2,3526.73,3311.01,3479.77,52646535168
2025-07-18,3479.78,3677.4,3461.68,3549.67,59198465810
2025-07-19,3549.66,3610.85,3508.66,3594.3,27180736512
2025-07-20,3594.31,3825.36,3581.22,3758.6,45975502848
2025-07-21,3758.66,3860.8,3703.76,3763.75,50403019472
2025-07-22,3763.75,3801.63,3617.47,3748.62,45248868820
2025-07-23,3748.62,3766.79,3528.43,3630.34,41283228953
2025-07-24,3630.41,3775.0,3507.78,3708.6,42264509577
2025-07-25,3708.88,3747.76,3574.39,3725.84,42264509577
2025-07-26,3725.84,3795.0,3699.02,3743.06,24635287361
2025-07-27,3743.05,3880.23,3731.71,3873.92,28897450394
2025-07-28,3873.92,3941.86,3753.15,3799.46,35831336149
2025-07-29,3799.44,3886.01,3715.14,3793.4,35540435995
2025-07-30,3793.5,3833.68,3676.67,3810.44,34392494235
2025-07-31,3810.45,3878.32,3680.01,3698.07,46261558200
2025-08-01,3697.85,3724.7,3429.44,3486.39,46261558200
2025-08-02,3486.29,3536.77,3368.03,3392.8,31086198784
2025-08-03,3392.81,3521.96,3354.56,3497.31,21442060288
2025-08-04,3497.31,3737.27,3491.5,3720.87,30905749658
2025-08-05,3720.86,3721.53,3546.05,3611.57,32778742296
2025-08-06,3611.79,3699.81,3563.44,3683.8,26924415763
2025-08-07,3683.78,3928.65,3647.87,3911.28,39707627520
2025-08-08,3910.92,4071.21,3880.19,4011.0,45460293892
2025-08-09,4010.72,4326.34,4007.14,4262.46,47006531584
2025-08-10,4262.45,4333.13,4161.16,4251.91,36687507456
2025-08-11,4251.89,4365.97,4165.86,4224.48,49989853803
2025-08-12,4224.45,4638.0,4219.92,4589.88,61487837184
2025-08-13,4589.71,4786.36,4562.87,4751.46,63793324032
2025-08-14,4751.54,4792.0,4446.15,4550.59,76642615296
2025-08-15,4550.83,4671.6,4370.0,4442.56,55445715824
2025-08-16,4442.55,4495.15,4376.02,4425.13,26816931514
2025-08-17,4425.49,4577.71,4397.65,4475.47,31348101438
2025-08-18,4475.47,4484.57,4227.01,4315.37,53518423360
2025-08-19,4315.95,4356.88,4066.2,4075.89,50440367102
2025-08-20,4075.13,4378.23,4062.24,4336.41,49577862965
2025-08-21,4336.42,4340.41,4203.81,4224.43,33618359942
2025-08-22,4224.17,4886.1,4204.86,4831.24,78810472448
2025-08-23,4830.18,4830.91,4660.55,4776.73,36503623278
2025-08-24,4776.73,4955.9,4710.0,4779.87,54601814016
2025-08-25,4779.52,4797.7,4335.66,4377.02,66285420544
2025-08-26,4377.02,4634.71,4311.68,4601.64,53829747706
2025-08-27,4601.63,4664.43,4481.39,4506.95,43509902322
2025-08-28,4506.95,4635.0,4428.0,4511.3,36045274078
2025-08-29,4511.3,4516.95,4268.0,4360.2,46899991962
2025-08-30,4360.21,4415.29,4257.17,4374.58,25883112278
2025-08-31,4374.48,4498.95,4373.06,4391.91,27973488640
2025-09-01,4391.9,4490.0,4209.01,4314.76,37530746508
2025-09-02,4314.87,4417.24,4256.27,4326.57,39884692334
2025-09-03,4326.52,4495.45,4283.09,4452.4,36096045056
2025-09-04,4452.39,4484.7,4265.3,4298.37,34919798552
2025-09-05,4298.09,4490.0,4253.0,4307.65,44163736676
2025-09-06,4307.65,4328.69,4237.13,4274.15,18108246446
2025-09-07,4274.24,4336.44,4270.13,4305.56,18108246446
2025-09-08,4305.01,4384.24,4278.78,4305.84,32277142378
2025-09-09,4305.85,4382.03,4276.33,4309.93,32953833472
2025-09-10,4309.94,4454.5,4283.77,4350.0,39521365146
2025-09-11,4350.38,4480.92,4339.12,4460.51,40075931648
2025-09-12,4460.52,4744.75,4452.17,4714.66,43839753626
2025-09-13,4714.66,4768.6,4607.0,4669.0,34843845977
2025-09-14,4669.0,4694.53,4579.44,4605.93,34843845977
2025-09-15,4605.93,4672.0,4464.68,4524.56,40224062009
2025-09-16,4524.68,4538.85,4425.0,4502.7,44120899417
2025-09-17,4502.7,4619.18,4416.02,4592.17,48833310720
2025-09-18,4592.17,4646.81,4555.02,4589.4,44120899417
2025-09-19,4589.4,4622.25,4437.45,4471.0,33497259158
2025-09-20,4470.99,4513.01,4456.79,4482.69,19330306133
2025-09-21,4482.43,4501.1,4445.26,4447.03,29653049344
2025-09-22,4447.34,4458.0,4058.85,4202.42,58221334533
2025-09-23,4202.3,4233.0,4117.78,4165.19,32460075911
2025-09-24,4165.18,4208.22,4076.0,4153.9,37158567936
2025-09-25,4153.9,4162.65,3825.0,3875.7,68963092031
2025-09-26,3875.74,4071.17,3869.14,4034.27,47873508328
2025-09-27,4034.2,4040.95,3974.5,4020.35,20382555776
2025-09-28,4020.34,4145.96,3967.22,4143.25,25416167424
2025-09-29,4143.36,4239.99,4084.0,4217.25,38560429932
2025-09-30,4217.16,4248.99,4093.0,4145.99,46161664723
2025-10-01,4145.98,4358.96,4123.35,4350.52,48074066058
2025-10-02,4350.52,4521.03,4335.01,4487.49,49603450230
2025-10-03,4487.3,4596.19,4430.08,4515.89,49603450230
2025-10-04,4515.89,4521.34,4442.6,4490.01,44880806324
2025-10-05,4489.86,4619.31,4469.69,4515.4,44880806324
2025-10-06,4515.4,4739.46,4489.11,4686.32,44992456374
2025-10-07,4686.33,4759.16,4432.47,4449.8,54879425294
2025-10-08,4449.81,4559.89,4411.13,4527.3,42335592448
2025-10-09,4526.93,4532.97,4266.83,4370.9,47903074596
2025-10-10,4370.72,4397.03,3510.0,3836.15,108759269376
2025-10-11,3836.89,3887.34,3648.28,3750.6,62475475938
2025-10-12,3750.8,4200.28,3698.71,4156.21,62475475938
2025-10-13,4156.38,4295.57,4045.49,4244.69,61216174681
2025-10-14,4244.69,4267.41,3892.16,4126.39,67204194304
2025-10-15,4126.26,4218.58,3930.31,3987.53,67094148347
2025-10-16,3987.28,4090.0,3826.72,3894.91,50462889453
2025-10-17,3895.0,3952.8,3673.64,3832.99,57404271888
2025-10-18,3832.86,3930.25,3820.14,3890.4,23815676385
2025-10-19,3890.4,4032.4,3829.23,3983.89,35090223104
2025-10-20,3984.11,4086.0,3908.36,3980.42,40224612563
2025-10-21,3980.43,4113.15,3838.88,3874.57,49960290350
2025-10-22,3874.8,3891.6,3711.49,3806.12,46173305673
2025-10-23,3806.25,3936.1,3796.77,3858.41,36361652714
2025-10-24,3858.41,4024.31,3847.36,3936.1,34090708715
2025-10-25,3936.1,3965.44,3911.88,3954.52,15608284160
2025-10-26,3954.5,4178.82,3919.34,4158.81,32788152320
2025-10-27,4159.05,4254.23,4094.72,4120.1,40271333201
2025-10-28,4120.0,4177.54,3931.8,3980.25,40271333201
2025-10-29,3980.2,4038.7,3838.0,3904.2,39981939289
2025-10-30,3904.17,3949.34,3676.04,3804.02,40563916800
2025-10-31,3804.24,3903.62,3795.51,3845.79,37800100395
2025-11-01,3846.44,3908.94,3829.2,3872.16,20479611654
2025-11-02,3872.07,3916.5,3838.27,3905.97,20479611654
2025-11-03,3906.01,3914.06,3552.4,3602.88,76827517773
2025-11-04,3602.88,3653.6,3055.0,3286.21,76827517773
2025-11-05,3286.41,3481.76,3165.58,3423.89,76827517773
2025-11-06,3423.9,3455.93,3243.6,3313.46,46955882330
2025-11-07,3313.47,3472.1,3191.02,3433.71,42609994022
2025-11-08,3433.92,3487.39,3354.41,3400.46,28821543888
2025-11-09,3400.47,3622.45,3356.85,3582.92,28821543888
2025-11-10,3582.92,3658.38,3505.14,3566.49,35638045619
2025-11-11,3566.41,3647.38,3403.41,3416.54,39734688531
2025-11-12,3416.54,3587.94,3371.59,3414.06,39734688531
2025-11-13,3414.06,3564.4,3150.0,3229.65,50283416669
2025-11-14,3229.68,3255.0,3067.74,3109.49,50283416669
2025-11-15,3109.89,3228.54,3108.21,3166.3,19932940649
2025-11-16,3166.3,3246.44,3001.13,3092.25,30987886524
2025-11-17,3092.24,3221.13,2955.01,3027.89,41026793235
2025-11-18,3027.89,3168.98,2943.75,3121.74,41581494270
2025-11-19,3121.5,3124.1,2868.5,3023.1,41581494270
2025-11-20,3023.11,3061.05,2786.9,2830.59,43917885207
2025-11-21,2830.31,2882.31,2620.0,2763.99,51476486049
2025-11-22,2763.99,2797.86,2702.71,2768.5,15408928941
2025-11-23,2768.4,2857.19,2766.72,2801.14,20358404499
2025-11-24,2801.14,2985.82,2762.0,2952.59,32491657389
2025-11-25,2952.58,2979.0,2854.98,2958.17,23336017779
2025-11-26,2958.17,3044.78,2887.88,3026.43,21433162961
2025-11-27,3026.34,3071.58,2983.79,3014.86,16972780500
2025-11-28,3014.9,3099.0,2993.63,3031.86,20715241472
2025-11-29,3031.86,3053.53,2963.0,2990.31,12775481230
2025-11-30,2990.3,3053.78,2976.98,2991.9,12775481230
2025-12-01,2991.68,3000.07,2716.82,2798.3,36679598313
2025-12-02,2798.25,3034.84,2781.87,2996.7,36679598313
2025-12-03,2996.6,3214.99,2986.28,3189.79,29949301036
2025-12-04,3189.8,3241.57,3067.09,3134.13,29949301036
2025-12-05,3134.09,3194.24,2985.36,3022.61,28000268228
2025-12-06,3022.51,3068.83,3012.66,3039.13,20383496376
2025-12-07,3039.12,3150.2,2910.08,3061.0,20383496376
2025-12-08,3060.71,3180.0,3040.27,3124.93,25262165670
2025-12-09,3124.93,3398.0,3090.92,3318.54,32012553374
2025-12-10,3318.24,3477.44,3288.78,3325.02,30694387989
2025-12-11,3325.26,3328.54,3145.53,3237.4,29066243707
2025-12-12,3237.7,3266.95,3045.3,3084.91,24391003174
2025-12-13,3084.91,3135.78,3079.05,3115.0,9916869400
2025-12-14,3115.0,3130.35,3025.14,3063.3,15619543350
2025-12-15,3063.44,3178.0,2893.38,2964.4,28765976892
2025-12-16,2964.51,2981.8,2878.01,2961.96,22709189818
2025-12-17,2961.99,3028.99,2790.01,2832.25,26159825528
2025-12-18,2832.25,2995.99,2773.42,2826.57,29194181349
2025-12-19,2826.57,3017.41,2806.9,2978.03,27870687989
2025-12-20,2977.95,2992.98,2964.43,2976.6,7612418215
2025-12-21,2976.7,3012.25,2943.0,3001.42,11178096676
2025-12-22,3001.37,3075.84,2962.08,3007.69,21453213168
2025-12-23,3007.62,3033.98,2900.0,2962.85,21453213168
2025-12-24,2962.71,2976.3,2886.35,2945.07,13984770325
2025-12-25,2944.96,2969.34,2889.03,2902.34,18562196049
2025-12-26,2902.34,2991.8,2892.35,2925.43,18562196049
2025-12-27,2925.58,2958.84,2915.39,2946.6,9227601389
2025-12-28,2946.34,2958.89,2923.24,2948.92,9227601389
2025-12-29,2948.91,3054.7,2907.07,2934.19,25957694515
2025-12-30,2934.18,3005.9,2915.01,2970.42,18816704381
2025-12-31,2970.42,3024.29,2958.07,2966.84,16451891101
2026-01-01,2966.68,3006.97,2966.2,3000.41,10268796662
2026-01-02,3000.41,3148.99,2988.41,3125.24,25242778003
2026-01-03,3124.62,3135.93,3075.2,3125.43,11460707919
2026-01-04,3125.53,3166.32,3117.71,3143.14,13890479323
2026-01-05,3143.15,3264.66,3132.79,3225.19,27211995956
2026-01-06,3225.19,3307.72,3181.62,3295.59,27853981622
2026-01-07,3295.58,3295.83,3121.68,3165.64,22665982583
2026-01-08,3165.67,3182.0,3050.2,3104.3,22760237888
2026-01-09,3104.29,3145.01,3053.69,3084.31,18879517395
2026-01-10,3084.3,3101.47,3074.0,3082.39,6960662969
2026-01-11,3082.4,3142.41,3080.29,3118.65,10497219711
2026-01-12,3118.82,3167.27,3062.02,3091.94,27237310134
2026-01-13,3091.94,3375.0,3087.93,3323.38,33926411912
2026-01-14,3323.37,3405.03,3278.45,3354.82,33926411912
2026-01-15,3354.82,3384.32,3270.58,3317.98,27598686935
2026-01-16,3317.98,3326.59,3250.83,3294.88,22732887284
2026-01-17,3294.87,3329.02,3282.3,3309.33,13557863288
2026-01-18,3309.0,3367.65,3276.92,3282.55,13557863288
2026-01-19,3282.5,3282.71,3162.86,3187.51,27956112545
2026-01-20,3187.17,3198.16,2912.52,2936.5,32985301273
2026-01-21,2936.5,3066.65,2863.4,2979.6,35797876195
2026-01-22,2979.59,3035.84,2902.91,2949.36,21993593333
2026-01-23,2949.36,3015.0,2888.01,2952.77,22417700837
2026-01-24,2952.76,2966.14,2939.8,2948.86,8198666763
2026-01-25,2948.85,2956.13,2783.26,2814.28,22414089670
2026-01-26,2814.19,2948.49,2809.43,2926.85,29668620102
2026-01-27,2926.89,3031.39,2895.61,3021.91,29668620102
2026-01-28,3021.9,3041.67,2979.21,3006.17,27976005223
2026-01-29,3006.17,3009.5,2750.36,2817.79,37487198041
2026-01-30,2817.78,2824.54,2632.39,2702.69,41877689970
2026-01-31,2702.68,2710.09,2238.74,2449.36,47569532203
2026-02-01,2449.44,2473.86,2218.57,2268.18,40358630560
2026-02-02,2268.24,2395.59,2156.25,2345.11,48844346396
2026-02-03,2344.8,2357.76,2108.24,2230.48,47906083919
2026-02-04,2230.48,2292.56,2072.57,2143.57,45219604814
2026-02-05,2143.2,2169.01,1814.19,1823.2,60381662655
2026-02-06,1823.11,2092.83,1742.79,2061.95,64998454203
2026-02-07,2061.95,2119.74,1993.46,2086.17,41145430304
2026-02-08,2086.19,2150.0,2064.96,2088.42,19541713443
2026-02-09,2088.36,2146.76,2006.88,2103.83,26750982266
2026-02-10,2103.83,2123.22,1988.0,2021.71,23922680362
2026-02-11,2021.7,2031.41,1901.31,1939.45,23922680362
2026-02-12,1939.9,2000.29,1895.56,1946.11,20412430639
2026-02-13,1946.11,2072.06,1923.2,2047.48,20412430639
2026-02-14,2047.58,2106.41,2041.04,2085.4,31030538835
2026-02-15,2085.47,2101.78,1927.48,1965.36,31030538835
2026-02-16,1965.48,2022.48,1936.44,1997.28,19219250473
2026-02-17,1997.28,2015.5,1940.16,1990.83,20929890501
2026-02-18,1990.84,2038.2,1922.59,1955.01,20187307041
2026-02-19,1955.04,1986.59,1905.12,1948.16,17380103826
2026-02-20,1948.19,1981.39,1922.31,1968.13,21682976627
2026-02-21,1968.14,1995.0,1955.04,1973.0,11561261802
2026-02-22,1972.93,1982.78,1934.04,1956.84,9488829492
2026-02-23,1956.96,1958.13,1836.96,1855.52,23731172668
2026-02-24,1855.53,1868.92,1800.09,1851.94,18475122228
2026-02-25,1852.0,2148.44,1845.98,2057.71,27717195805
2026-02-26,2057.7,2083.57,1975.11,2027.9,23327720766
2026-02-27,2027.59,2063.99,1887.04,1929.61,21136821039
2026-02-28,1929.61,1984.9,1835.46,1964.71,21675923669
2026-03-01,1964.7,2054.56,1907.99,1939.68,23649071468
2026-03-02,1939.67,2089.49,1920.0,2027.49,26235436166
2026-03-03,2027.59,2041.93,1927.75,1982.87,33610946768
2026-03-04,1982.96,2200.0,1942.58,2127.61,33610946768
2026-03-05,2127.6,2164.34,2054.4,2072.99,33610946768
2026-03-06,2073.19,2093.4,1955.49,1978.49,19733648079
2026-03-07,1978.49,1996.51,1948.09,1969.61,16314032554
2026-03-08,1969.61,2008.09,1911.64,1936.93,16314032554
2026-03-09,1936.97,2054.09,1929.61,1993.19,24015826480
2026-03-10,1993.18,2088.83,1991.09,2036.8,23552353781
2026-03-11,2037.0,2086.49,2007.0,2052.25,19031715359
2026-03-12,2052.42,2096.09,2018.15,2074.0,20624954899
2026-03-13,2073.78,2211.62,2070.09,2092.81,29345212033
2026-03-14,2092.81,2106.06,2061.91,2096.7,10073411269
2026-03-15,2096.7,2203.09,2083.87,2178.67,15333885132
2026-03-16,2178.6,2386.23,2165.0,2352.94,38938369545
2026-03-17,2352.94,2376.79,2296.2,2318.03,26737564550
2026-03-18,2318.15,2351.09,2153.0,2203.47,25617966362
2026-03-19,2203.46,2233.69,2098.94,2137.98,24090913749
2026-03-20,2137.65,2176.62,2115.85,2145.89,17970488517
2026-03-21,2145.89,2167.71,2070.71,2084.64,8654913047
2026-03-22,2084.61,2126.45,2025.65,2053.49,16438149794
2026-03-23,2053.36,2198.32,2022.32,2151.71,28509077302
2026-03-24,2151.7,2175.42,2101.61,2155.56,18389631713
2026-03-25,2155.55,2199.81,2145.64,2167.98,17086301657
2026-03-26,2167.98,2171.39,2032.63,2058.74,18628112246
2026-03-27,2058.74,2076.09,1970.04,1991.55,19453998121
2026-03-28,1991.55,2044.47,1981.05,1992.98,8641221084
2026-03-29,1992.98,2017.77,1937.59,1982.96,9451184647
2026-03-30,1983.04,2083.73,1978.46,2024.6,21278561395
2026-03-31,2024.58,2121.66,2010.09,2103.61,21278561395
2026-04-01,2103.41,2167.56,2080.26,2140.21,19542997434
2026-04-02,2140.1,2159.16,2015.85,2056.78,18847170816
2026-04-03,2056.78,2081.74,2040.65,2053.52,9609678843
2026-04-04,2053.5,2083.32,2043.9,2065.17,9928800793
2026-04-05,2065.14,2122.79,2020.97,2109.24,9928800793
2026-04-06,2109.33,2174.86,2087.83,2107.39,22588914083
2026-04-07,2107.25,2272.86,2059.82,2239.68,22588914083
2026-04-08,2239.61,2271.6,2179.99,2190.24,22588914083
2026-04-09,2190.23,2245.9,2156.8,2190.15,21469476310
2026-04-10,2190.3,2301.64,2175.99,2246.29,17131968712
2026-04-11,2246.28,2330.56,2230.01,2285.79,15307071617
2026-04-12,2285.79,2289.58,2175.89,2191.8,15307071617
2026-04-13,2191.77,2395.0,2174.31,2370.28,25185167270
2026-04-14,2370.27,2417.4,2304.1,2323.58,25185167270
2026-04-15,2323.5,2387.08,2308.66,2360.6,20602833116
2026-04-16,2360.64,2370.34,2285.32,2348.61,26467618336
2026-04-17,2348.61,2466.5,2317.02,2419.81,26467618336
2026-04-18,2419.8,2428.51,2339.8,2351.36,17083701612
2026-04-19,2351.38,2356.7,2252.06,2263.89,17735989248
2026-04-20,2263.9,2347.8,2260.51,2314.79,19084768822
2026-04-21,2314.64,2339.58,2284.66,2328.0,19084768822
2026-04-22,2328.0,2425.0,2313.5,2375.21,22465555335
2026-04-23,2375.3,2383.04,2285.26,2331.08,22465555335
2026-04-24,2331.2,2338.55,2299.87,2315.81,13371168064
2026-04-25,2315.8,2323.79,2301.18,2319.97,6545621782
2026-04-26,2319.93,2405.0,2307.01,2370.47,12724744192
2026-04-27,2370.47,2405.01,2263.8,2303.44,17879618684
2026-04-28,2303.59,2310.97,2256.82,2289.29,21884731493
2026-04-29,2289.28,2347.49,2218.65,2251.85,21999552512
2026-04-30,2251.98,2278.5,2230.15,2256.8,13243880777
2026-05-01,2256.8,2326.59,2256.34,2295.54,13243880777
2026-05-02,2295.54,2342.22,2292.7,2316.89,9861070993
2026-05-03,2316.88,2356.38,2297.59,2322.5,14334311424
2026-05-04,2322.48,2399.68,2308.36,2346.95,25497505008
2026-05-05,2346.96,2400.16,2344.76,2360.5,22745786496
2026-05-06,2360.5,2424.0,2337.12,2350.66,23757402112
2026-05-07,2350.65,2352.47,2279.69,2290.81,23409823896
2026-05-08,2290.81,2321.44,2269.55,2307.24,20013463010
2026-05-09,2307.24,2337.83,2299.57,2326.16,19587186882
2026-05-10,2326.15,2382.48,2311.85,2371.12,21135785984
2026-05-11,2370.96,2375.28,2302.75,2339.39,15525623296
2026-05-12,2339.48,2340.45,2255.29,2274.43,16145394773
2026-05-13,2274.32,2323.1,2232.72,2257.85,15319732224
2026-05-14,2257.82,2319.78,2237.11,2283.08,18737713152
2026-05-15,2283.09,2299.87,2203.0,2223.0,18146855938
2026-05-16,2223.0,2230.45,2161.8,2179.96,11889444864
2026-05-17,2179.95,2197.3,2078.22,2129.74,12253584384
2026-05-18,2129.74,2156.48,2076.4,2128.57,19890789125
2026-05-19,2128.52,2145.4,2092.45,2110.06,12190093312
2026-05-20,2110.05,2147.59,2100.43,2127.49,12358487040
2026-05-21,2127.48,2155.19,2102.38,2131.96,14344389472
2026-05-22,2131.96,2139.39,2055.11,2063.39,13282781402
2026-05-23,2063.58,2146.73,2006.64,2115.04,16650709488
2026-05-24,2115.11,2128.94,2059.33,2097.35,10784387679
2026-05-25,2097.38,2139.94,2089.6,2110.91,10167436482
2026-05-26,2111.04,2138.55,2052.0,2070.88,15924080901
2026-05-27,2070.88,2094.51,2012.35,2021.64,16143584885
2026-05-28,2021.52,2027.08,1964.01,2006.61,18109844096
2026-05-29,2006.6,2043.16,1973.36,2011.65,14941194039
2026-05-30,2011.64,2029.35,1999.33,2019.58,7478416074
2026-05-31,2019.6,2034.89,1991.1,2004.0,9253505209
2026-06-01,2004.01,2018.48,1954.0,2004.0,19458810001
2026-06-02,2004.08,2004.11,1836.96,1857.32,25230883557
2026-06-03,1857.31,1890.1,1768.0,1810.66,27272449062
2026-06-04,1810.65,1818.0,1715.36,1768.53,27112623897
2026-06-05,1768.52,1772.86,1539.26,1582.85,39924177669
2026-06-06,1582.71,1600.85,1505.0,1568.87,19212080595
2026-06-07,1568.86,1720.15,1563.2,1689.75,16627928966
2026-06-08,1689.58,1714.19,1644.08,1689.89,17490313132
2026-06-09,1687.59412,1712.73,1619.79,1650.22,15625971616
