date,open,high,low,close,volume
2021-01-01,0.21985,0.24927,0.21729,0.23744,5888429287
2021-01-02,0.23767,0.23839,0.21582,0.22166,4773658725
2021-01-03,0.22174,0.23774,0.21717,0.22585,5109898871
2021-01-04,0.22604,0.25648,0.21972,0.23668,6141918380
2021-01-05,0.23664,0.24125,0.2216,0.22675,5378491929
2021-01-06,0.22687,0.26916,0.22346,0.25089,7552726810
2021-01-07,0.25093,0.3653,0.24781,0.326,15955049240
2021-01-08,0.32609,0.34592,0.29154,0.32323,9825829516
2021-01-09,0.32316,0.33986,0.30789,0.32692,7184429145
2021-01-10,0.32683,0.36522,0.29216,0.31834,9647740012
2021-01-11,0.31794,0.31794,0.25947,0.28891,9787288503
2021-01-12,0.28868,0.30992,0.27937,0.29212,6557418314
2021-01-13,0.29203,0.3088,0.28689,0.30558,4831812051
2021-01-14,0.30554,0.30834,0.28421,0.29544,5277189444
2021-01-15,0.29557,0.30176,0.26475,0.28041,4955409029
2021-01-16,0.28029,0.29519,0.27701,0.28019,4116256007
2021-01-17,0.28007,0.28527,0.27065,0.27738,3488557208
2021-01-18,0.27737,0.28762,0.27264,0.28477,3239112861
2021-01-19,0.28483,0.32619,0.284,0.29431,5583136814
2021-01-20,0.29422,0.30862,0.28199,0.29652,4528341598
2021-01-21,0.29647,0.30622,0.26312,0.26895,4453463443
2021-01-22,0.26878,0.27784,0.24492,0.2728,4501765714
2021-01-23,0.27261,0.28262,0.26698,0.27182,3018882841
2021-01-24,0.27184,0.27742,0.27022,0.27351,2472431875
2021-01-25,0.27347,0.28242,0.2688,0.26909,2925493997
2021-01-26,0.26905,0.2711,0.25971,0.26883,2790821503
2021-01-27,0.26886,0.26897,0.24553,0.25194,2940937079
2021-01-28,0.25192,0.26901,0.24879,0.26412,2793379611
2021-01-29,0.27053,0.31019,0.26049,0.28219,8031899348
2021-01-30,0.28215,0.48935,0.27983,0.44024,24417465997
2021-01-31,0.43783,0.4997,0.3895,0.49231,24394851756
2021-02-01,0.49251,0.74482,0.36069,0.37151,34974233953
2021-02-02,0.37052,0.40426,0.34427,0.36927,12756138062
2021-02-03,0.36936,0.40806,0.36936,0.39349,8672301822
2021-02-04,0.39341,0.47231,0.37918,0.44645,13193400182
2021-02-05,0.44533,0.46471,0.4251,0.45005,10229060640
2021-02-06,0.45016,0.45228,0.42671,0.4391,7625571666
2021-02-07,0.43913,0.44552,0.39877,0.41796,7495069765
2021-02-08,0.41777,0.45992,0.41272,0.4477,8180714581
2021-02-09,0.44766,0.48519,0.44757,0.47199,9634769935
2021-02-10,0.47192,0.53411,0.46599,0.50345,13793347172
2021-02-11,0.50305,0.52762,0.50114,0.52479,8979459920
2021-02-12,0.52463,0.61263,0.51827,0.60859,13950086407
2021-02-13,0.60811,0.63704,0.54992,0.629,14161115005
2021-02-14,0.62845,0.63239,0.56716,0.59419,10460949240
2021-02-15,0.59345,0.60005,0.52156,0.54892,10563510365
2021-02-16,0.5486,0.57732,0.49004,0.52085,10310430732
2021-02-17,0.5208,0.55436,0.49712,0.53554,9332962077
2021-02-18,0.5351,0.55864,0.52387,0.53243,5621706995
2021-02-19,0.53257,0.57908,0.52066,0.56702,6896487164
2021-02-20,0.56688,0.58242,0.48244,0.51751,7892199926
2021-02-21,0.51688,0.55837,0.50846,0.54856,6569716153
2021-02-22,0.54832,0.63985,0.52007,0.57174,18769236632
2021-02-23,0.57099,0.57099,0.3793,0.47356,14359021786
2021-02-24,0.4742,0.49937,0.45476,0.47183,8015468859
2021-02-25,0.47178,0.48252,0.4291,0.43452,5952353924
2021-02-26,0.43494,0.45044,0.41556,0.4279,6476253874
2021-02-27,0.4279,0.4576,0.4279,0.43781,4756622833
2021-02-28,0.43776,0.43944,0.3977,0.41495,4325860134
2021-03-01,0.41511,0.45135,0.41359,0.44724,3547533777
2021-03-02,0.4465,0.45476,0.42484,0.43684,3388591213
2021-03-03,0.4369,0.46665,0.43353,0.45028,3304301858
2021-03-04,0.45006,0.49314,0.438,0.48661,6027421637
2021-03-05,0.48583,0.48583,0.44995,0.45812,4288262516
2021-03-06,0.45786,0.47069,0.4525,0.46511,2758849692
2021-03-07,0.46509,0.46929,0.45987,0.46687,2364586464
2021-03-08,0.46689,0.48599,0.45732,0.4736,3587390975
2021-03-09,0.47375,0.48599,0.47244,0.48599,3020728025
2021-03-10,0.4859,0.48765,0.45883,0.46317,3271277631
2021-03-11,0.46305,0.46428,0.44302,0.45296,3186670815
2021-03-12,0.45299,0.46369,0.43302,0.44113,3326213717
2021-03-13,0.44111,0.46482,0.43552,0.45992,3212270555
2021-03-14,0.45963,0.46209,0.44211,0.44211,2509435800
2021-03-15,0.44209,0.44831,0.42655,0.43756,3116009271
2021-03-16,0.43745,0.51496,0.43008,0.4626,7382009786
2021-03-17,0.46282,0.48331,0.45706,0.47242,4341765347
2021-03-18,0.47238,0.49081,0.45584,0.47292,3265976425
2021-03-19,0.4728,0.47839,0.46343,0.47117,2626051305
2021-03-20,0.47111,0.55293,0.47016,0.52699,6757879312
2021-03-21,0.52742,0.54638,0.49993,0.51984,5539749484
2021-03-22,0.51981,0.60262,0.50547,0.54994,9732075816
2021-03-23,0.55014,0.59931,0.54397,0.55659,7610195005
2021-03-24,0.55627,0.56468,0.46929,0.48884,5446433135
2021-03-25,0.48823,0.52737,0.47113,0.5175,6061921454
2021-03-26,0.51739,0.57498,0.51651,0.56706,5807865028
2021-03-27,0.56719,0.57592,0.53982,0.55044,3684247475
2021-03-28,0.55038,0.5622,0.54548,0.55076,2795107715
2021-03-29,0.55065,0.57071,0.54818,0.56787,3549650231
2021-03-30,0.56774,0.5859,0.56308,0.56686,3831603058
2021-03-31,0.56683,0.57923,0.54475,0.57387,4849764990
2021-04-01,0.57396,0.59582,0.559,0.57929,4725008531
2021-04-02,0.57936,0.61738,0.5752,0.61657,5404854336
2021-04-03,0.61678,0.65335,0.58775,0.59092,6757992981
2021-04-04,0.59091,0.64698,0.58301,0.64673,4613898769
2021-04-05,0.6467,0.93686,0.63397,0.92047,26415199263
2021-04-06,0.91692,1.11792,0.82441,1.09627,36955175105
2021-04-07,1.09755,1.10449,0.86941,0.91758,21942171678
2021-04-08,0.91906,1.07257,0.90563,1.05276,12888349509
2021-04-09,1.05342,1.08316,0.98659,1.02084,10235269531
2021-04-10,1.02028,1.38996,1.00864,1.37442,25547794935
2021-04-11,1.37207,1.49207,1.30883,1.36053,21224874412
2021-04-12,1.354,1.47015,1.32408,1.46774,13216559312
2021-04-13,1.47008,1.88844,1.42303,1.794,31123574741
2021-04-14,1.79425,1.965,1.57908,1.83924,29025829007
2021-04-15,1.83728,1.88282,1.6581,1.76607,15403982671
2021-04-16,1.7593,1.80895,1.44955,1.55753,20594074869
2021-04-17,1.55303,1.74053,1.5415,1.56006,14507135285
2021-04-18,1.5591,1.57857,1.17467,1.406,22933939682
2021-04-19,1.40946,1.53038,1.25831,1.31504,17637508685
2021-04-20,1.30995,1.44564,1.18623,1.3833,15562116615
2021-04-21,1.38616,1.45854,1.28282,1.2965,12545052977
2021-04-22,1.29181,1.41319,1.11909,1.15968,14899537552
2021-04-23,1.15714,1.194,0.90108,1.16966,20235915090
2021-04-24,1.17019,1.17028,1.02442,1.04871,8586287312
2021-04-25,1.04949,1.15303,0.95292,1.03226,8573604939
2021-04-26,1.03518,1.36908,1.01692,1.36851,15417459290
2021-04-27,1.36674,1.45974,1.33119,1.40096,13584693517
2021-04-28,1.40156,1.44698,1.2887,1.3586,9272726011
2021-04-29,1.35797,1.41833,1.33095,1.39936,7633164142
2021-04-30,1.3985,1.63552,1.37647,1.59167,14160854005
2021-05-01,1.59841,1.66501,1.52995,1.65103,8206771323
2021-05-02,1.65196,1.65633,1.53362,1.56264,6933641361
2021-05-03,1.56249,1.6216,1.52856,1.556,7612512785
2021-05-04,1.55595,1.55723,1.33866,1.39238,12855752789
2021-05-05,1.38807,1.62254,1.37127,1.61451,13318453320
2021-05-06,1.61551,1.75882,1.54732,1.60058,16099528279
2021-05-07,1.60398,1.69126,1.51129,1.58176,10400571927
2021-05-08,1.58094,1.62719,1.5431,1.5626,6349608020
2021-05-09,1.56348,1.59342,1.44413,1.53529,8243079607
2021-05-10,1.53441,1.62574,1.25,1.38901,11181774844
2021-05-11,1.39184,1.48686,1.36368,1.47768,7973181908
2021-05-12,1.47914,1.54245,1.24786,1.24786,9272699846
2021-05-13,1.27127,1.38892,1.20946,1.35891,12358993946
2021-05-14,1.36335,1.44223,1.32455,1.40292,7570332417
2021-05-15,1.40171,1.58248,1.32481,1.48588,13321419261
2021-05-16,1.48746,1.60798,1.35152,1.45261,12405363634
2021-05-17,1.4492,1.55933,1.32828,1.4963,13573485606
2021-05-18,1.4941,1.70221,1.47696,1.59073,14847139298
2021-05-19,1.59327,1.64438,0.87532,1.07031,20523476458
2021-05-20,1.06153,1.26845,0.91181,1.18554,13626658452
2021-05-21,1.18118,1.21593,0.86955,1.00698,10998911191
2021-05-22,1.00958,1.01534,0.82645,0.90632,8750076614
2021-05-23,0.90651,0.96735,0.65225,0.79702,10816054413
2021-05-24,0.79316,0.9986,0.75859,0.99284,8239461926
2021-05-25,0.99403,1.05784,0.88383,0.97619,8637179369
2021-05-26,0.97583,1.06695,0.9501,1.03373,6376977398
2021-05-27,1.03357,1.0429,0.93562,0.97024,5204084865
2021-05-28,0.97395,0.98346,0.84757,0.90015,6082828979
2021-05-29,0.8995,0.93979,0.79507,0.83179,5156278121
2021-05-30,0.83199,0.93013,0.79983,0.90661,4077064725
2021-05-31,0.90638,1.04902,0.88256,1.04658,6277821474
2021-06-01,1.0421,1.09964,0.97934,1.011,5606414479
2021-06-02,1.01121,1.04975,0.98137,1.0244,3598008182
2021-06-03,1.02515,1.07828,1.00855,1.04532,3661357809
2021-06-04,1.04511,1.04527,0.92017,0.9702,4638523697
2021-06-05,0.96998,0.99795,0.89753,0.92329,3257149049
2021-06-06,0.92348,0.94953,0.91876,0.94529,2308242807
2021-06-07,0.94672,0.97435,0.84898,0.86116,3466113432
2021-06-08,0.86278,0.8855,0.78864,0.87579,4491339501
2021-06-09,0.87406,0.92003,0.83233,0.92003,3990884688
2021-06-10,0.92132,0.92783,0.8538,0.86918,3157272780
2021-06-11,0.86925,0.87919,0.83594,0.84845,2502880892
2021-06-12,0.84788,0.84788,0.8077,0.83268,2731548390
2021-06-13,0.83325,0.88808,0.81927,0.88316,3059837086
2021-06-14,0.88305,0.92611,0.86382,0.8929,3005221040
2021-06-15,0.88707,0.90225,0.86029,0.8898,3585820721
2021-06-16,0.86685,0.87338,0.82755,0.83191,2916163481
2021-06-17,0.83173,0.86143,0.82588,0.84144,2684672890
2021-06-18,0.84232,0.84492,0.77499,0.79765,2509639518
2021-06-19,0.79831,0.80687,0.75871,0.76167,2208439278
2021-06-20,0.76038,0.7843,0.69937,0.77638,3068578656
2021-06-21,0.7748,0.77979,0.60518,0.61039,4048720475
2021-06-22,0.60723,0.64892,0.51271,0.54507,4784173339
2021-06-23,0.54694,0.66055,0.52366,0.62653,4239151745
2021-06-24,0.63859,0.69101,0.61738,0.672,2781916002
2021-06-25,0.67291,0.68847,0.60338,0.61332,3120943105
2021-06-26,0.61159,0.63168,0.58242,0.61543,2458620798
2021-06-27,0.61699,0.65177,0.59764,0.64692,2329301222
2021-06-28,0.64829,0.65445,0.62455,0.64375,2323398761
2021-06-29,0.64394,0.72773,0.64235,0.70173,3325816845
2021-06-30,0.70568,0.71367,0.64946,0.70637,3097076849
2021-07-01,0.70479,0.70479,0.6468,0.66118,2553971177
2021-07-02,0.65989,0.66729,0.63473,0.65676,2061607208
2021-07-03,0.65564,0.68368,0.64465,0.67289,1872819597
2021-07-04,0.67322,0.70778,0.6658,0.69495,1885241527
2021-07-05,0.69565,0.69565,0.64849,0.6543,2076373188
2021-07-06,0.65306,0.67992,0.65268,0.6654,1938959239
2021-07-07,0.66526,0.67331,0.65102,0.65158,2077976604
2021-07-08,0.65269,0.65431,0.61298,0.62306,2348704558
2021-07-09,0.62169,0.64455,0.59366,0.6368,2380083031
2021-07-10,0.63722,0.64817,0.6147,0.62546,1788373889
2021-07-11,0.62472,0.64315,0.61765,0.63594,1495491616
2021-07-12,0.63634,0.65721,0.61845,0.63018,1908473825
2021-07-13,0.62945,0.64024,0.61071,0.61952,1860938764
2021-07-14,0.61947,0.62472,0.58743,0.62032,1945120121
2021-07-15,0.62001,0.6265,0.58907,0.59694,2027622754
2021-07-16,0.59755,0.6168,0.58882,0.59077,1902793058
2021-07-17,0.58949,0.59772,0.57324,0.58243,1796242080
2021-07-18,0.58259,0.6012,0.57342,0.58792,1567538722
2021-07-19,0.58723,0.58935,0.55518,0.55756,1706406670
2021-07-20,0.55762,0.56837,0.51791,0.52934,2026435206
2021-07-21,0.52905,0.5833,0.52034,0.57,2610318312
2021-07-22,0.57156,0.60254,0.56172,0.59221,2520533539
2021-07-23,0.59255,0.60952,0.57669,0.60922,2206128472
2021-07-24,0.609,0.6207,0.60097,0.60983,1967190260
2021-07-25,0.6092,0.61177,0.59138,0.60636,1707767305
2021-07-26,0.60689,0.67787,0.6053,0.62562,3879282541
2021-07-27,0.62417,0.65208,0.61289,0.6446,2800102572
2021-07-28,0.64557,0.75184,0.63223,0.72545,6452960527
2021-07-29,0.73264,0.76474,0.69867,0.74802,3717954855
2021-07-30,0.74985,0.76815,0.71578,0.75212,3328523561
2021-07-31,0.75216,0.7577,0.73777,0.74779,2612372196
2021-08-01,0.74594,0.77628,0.70729,0.72592,2529023488
2021-08-02,0.72415,0.77333,0.71682,0.73922,2648561558
2021-08-03,0.73847,0.74441,0.70188,0.71273,2857095374
2021-08-04,0.71363,0.73924,0.69784,0.73049,2796312041
2021-08-05,0.73092,0.73862,0.7024,0.73315,2387435275
2021-08-06,0.73298,0.75215,0.72399,0.74651,2444020492
2021-08-07,0.74714,0.81804,0.74144,0.81628,4067148040
2021-08-08,0.81673,0.83838,0.77325,0.77874,3954749759
2021-08-09,0.77901,0.8274,0.76091,0.81855,3739417343
2021-08-10,0.81734,0.86159,0.80064,0.85125,4002349584
2021-08-11,0.85128,1.08705,0.84875,1.01252,8213874830
2021-08-12,1.01256,1.04274,0.92475,0.96455,7613283957
2021-08-13,0.96715,1.0945,0.95259,1.08996,6425779147
2021-08-14,1.08983,1.30921,1.07103,1.28041,12107814480
2021-08-15,1.28164,1.34917,1.23024,1.28816,10899164864
2021-08-16,1.28493,1.3269,1.15103,1.19099,8364848221
2021-08-17,1.18628,1.22268,1.08827,1.0982,7620119367
2021-08-18,1.09766,1.1942,1.05677,1.1461,7559385803
2021-08-19,1.14466,1.23284,1.09217,1.23284,6781867994
2021-08-20,1.23345,1.28697,1.20106,1.26322,6600353564
2021-08-21,1.26392,1.28123,1.20641,1.21647,4955470066
2021-08-22,1.21739,1.25466,1.18476,1.22772,4452016856
2021-08-23,1.22681,1.30422,1.22209,1.24727,6299948689
2021-08-24,1.24815,1.26329,1.12816,1.13735,6109699877
2021-08-25,1.13701,1.17753,1.10943,1.17253,4735020572
2021-08-26,1.17459,1.18631,1.06991,1.07527,4914724770
2021-08-27,1.0733,1.18847,1.05264,1.18847,5062671613
2021-08-28,1.19235,1.1977,1.1367,1.14551,3655937721
2021-08-29,1.14592,1.16768,1.11666,1.14083,3456541619
2021-08-30,1.14234,1.14869,1.09871,1.10144,3635181352
2021-08-31,1.10134,1.2401,1.09225,1.18759,5897781233
2021-09-01,1.18692,1.23489,1.15913,1.23489,4937053998
2021-09-02,1.23754,1.2943,1.2229,1.25632,5456908792
2021-09-03,1.25414,1.32152,1.22613,1.29144,5896982947
2021-09-04,1.2907,1.29592,1.24096,1.25578,4284360888
2021-09-05,1.25513,1.3084,1.23748,1.3055,4077886190
2021-09-06,1.30732,1.41377,1.30732,1.38941,7403887685
2021-09-07,1.38944,1.3915,0.97546,1.1251,11310427430
2021-09-08,1.12669,1.14864,1.02018,1.10072,7367876460
2021-09-09,1.09028,1.1361,0.83826,1.0894,5171653352
2021-09-10,1.08757,1.24172,1.03432,1.05727,7726257543
2021-09-11,1.0566,1.1113,1.05331,1.07991,3986494412
2021-09-12,1.08028,1.12725,1.05987,1.11964,3403286576
2021-09-13,1.11942,1.12591,1.02965,1.06468,4391908806
2021-09-14,1.06537,1.09765,1.05884,1.09657,3378813327
2021-09-15,1.09694,1.12932,1.08057,1.12135,2997048680
2021-09-16,1.12124,1.1292,1.0681,1.0915,3168621354
2021-09-17,1.09088,1.10231,1.05317,1.0656,2989925804
2021-09-18,1.06591,1.09462,1.05739,1.07567,2308814476
2021-09-19,1.07517,1.08204,1.04181,1.04843,2148537763
2021-09-20,1.04898,1.05041,0.88785,0.91715,5775337511
2021-09-21,0.92234,0.95931,0.86073,0.87633,4787985414
2021-09-22,0.87382,1.00936,0.86962,1.00408,4813963292
2021-09-23,1.00452,1.01647,0.97048,1.00204,3734263358
2021-09-24,1.00246,1.0032,0.89239,0.94592,4425027059
2021-09-25,0.94546,0.95686,0.91963,0.94134,3067009121
2021-09-26,0.94157,0.95669,0.89483,0.94472,3142032669
2021-09-27,0.94596,0.98149,0.92108,0.92369,3014579575
2021-09-28,0.92306,0.94259,0.8925,0.89369,2818990506
2021-09-29,0.89459,0.99035,0.88795,0.92835,3558174320
2021-09-30,0.92751,0.96408,0.92292,0.95264,3051316850
2021-10-01,0.95376,1.064,0.94536,1.04262,5125674349
2021-10-02,1.04206,1.07176,1.00954,1.03868,3884936924
2021-10-03,1.03769,1.08844,1.02249,1.05517,3496121109
2021-10-04,1.05577,1.05986,1.01071,1.043,3164260800
2021-10-05,1.04169,1.08749,1.03879,1.0855,3251465579
2021-10-06,1.08493,1.1059,1.0216,1.07766,3806090854
2021-10-07,1.07719,1.09321,1.04622,1.06803,3192050513
2021-10-08,1.06776,1.09137,1.05693,1.06289,2577289115
2021-10-09,1.06185,1.20821,1.05925,1.15993,4844564004
2021-10-10,1.16028,1.22766,1.13131,1.13845,5165905723
2021-10-11,1.1373,1.1811,1.10996,1.13789,4022773988
2021-10-12,1.13834,1.13834,1.06761,1.10186,3959747373
2021-10-13,1.10197,1.13769,1.07698,1.12839,3675636699
2021-10-14,1.12749,1.15642,1.1193,1.13232,3184675623
2021-10-15,1.13354,1.16433,1.10397,1.14055,5364938375
2021-10-16,1.14147,1.18552,1.13212,1.1351,3776545069
2021-10-17,1.13469,1.1399,1.02737,1.09347,3227519874
2021-10-18,1.09483,1.10622,1.0671,1.08384,3186066188
2021-10-19,1.08389,1.09999,1.07236,1.09208,2586014628
2021-10-20,1.09191,1.15298,1.08857,1.14233,3394782025
2021-10-21,1.14541,1.16367,1.08809,1.08932,4035726860
2021-10-22,1.0899,1.12588,1.07912,1.08837,3296407032
2021-10-23,1.08984,1.10239,1.07851,1.0945,2236173913
2021-10-24,1.09488,1.09655,1.05804,1.08428,2240272602
2021-10-25,1.08331,1.10387,1.07921,1.09516,2595663483
2021-10-26,1.09511,1.15834,1.09323,1.10809,3933349796
2021-10-27,1.10794,1.12519,0.97021,0.99545,6433932056
2021-10-28,0.99524,1.08194,0.98411,1.05882,5528214768
2021-10-29,1.05905,1.09017,1.05618,1.0815,3549325709
2021-10-30,1.08138,1.11429,1.06439,1.08395,3261273038
2021-10-31,1.08593,1.15245,1.07276,1.11325,4607785327
2021-11-01,1.11315,1.13122,1.07266,1.09287,3655823943
2021-11-02,1.09258,1.14509,1.08612,1.1362,3609677729
2021-11-03,1.13594,1.23303,1.12696,1.2088,6526803610
2021-11-04,1.21052,1.25373,1.16693,1.202,5210115532
2021-11-05,1.20192,1.2024,1.14138,1.16153,3572443866
2021-11-06,1.16063,1.1733,1.10877,1.15245,2630197378
2021-11-07,1.1532,1.23758,1.1481,1.21753,3384556620
2021-11-08,1.22103,1.29638,1.22103,1.28238,5547697296
2021-11-09,1.28253,1.28758,1.23206,1.25893,5211033825
2021-11-10,1.25719,1.34766,1.12583,1.19337,7430166330
2021-11-11,1.1928,1.25329,1.17831,1.21836,4904300953
2021-11-12,1.21625,1.23388,1.15705,1.18936,4230289448
2021-11-13,1.18947,1.20412,1.16877,1.19194,2889142419
2021-11-14,1.1912,1.19994,1.16942,1.1886,2210065757
2021-11-15,1.18882,1.21988,1.17032,1.17137,2850390389
2021-11-16,1.17465,1.17465,1.05372,1.09093,4829173281
2021-11-17,1.0901,1.11329,1.06995,1.09629,3701959225
2021-11-18,1.09628,1.15833,1.02292,1.04195,5394362498
2021-11-19,1.04092,1.09919,1.02059,1.09149,3716379231
2021-11-20,1.09106,1.1014,1.0643,1.09765,2575832703
2021-11-21,1.09675,1.09808,1.05915,1.06017,2213864918
2021-11-22,1.06013,1.06992,1.02793,1.03662,2844568485
2021-11-23,1.03709,1.07175,1.02335,1.06706,3098367613
2021-11-24,1.06715,1.07455,1.01168,1.04208,3151964356
2021-11-25,1.03411,1.06468,1.02416,1.03189,3107133471
2021-11-26,1.04492,1.04814,0.92545,0.93635,4293461689
2021-11-27,0.94001,0.96728,0.93656,0.94716,2410404614
2021-11-28,0.94775,0.96977,0.89657,0.96875,2605488239
2021-11-29,0.96982,1.00291,0.96633,0.99196,2917313727
2021-11-30,0.99149,1.03012,0.97367,0.99875,2949826821
2021-12-01,0.99819,1.01827,0.98202,0.99093,2570587577
2021-12-02,0.99092,0.99092,0.95988,0.97231,2250871711
2021-12-03,0.97345,0.98532,0.90597,0.92224,2714612022
2021-12-04,0.92409,0.92666,0.61451,0.84703,6970805726
2021-12-05,0.84671,0.86378,0.7804,0.8056,3553480780
2021-12-06,0.80605,0.83186,0.75233,0.82829,3447952788
2021-12-07,0.82909,0.84577,0.80717,0.81859,2720124735
2021-12-08,0.81754,0.88562,0.8059,0.86331,3038966909
2021-12-09,0.86214,0.93054,0.83513,0.86127,4555815213
2021-12-10,0.86103,0.88341,0.79633,0.8011,3267095314
2021-12-11,0.80206,0.84431,0.78939,0.83931,2056974461
2021-12-12,0.83875,0.85682,0.81121,0.84132,1628060313
2021-12-13,0.84135,0.84594,0.76449,0.78289,2509034504
2021-12-14,0.7828,0.81759,0.77559,0.79625,3477802545
2021-12-15,0.81172,0.84008,0.77981,0.82743,3088068968
2021-12-16,0.82774,0.83704,0.80463,0.80623,2178245900
2021-12-17,0.80599,0.82859,0.78042,0.79929,2364224847
2021-12-18,0.79901,0.83468,0.79281,0.82738,1806931648
2021-12-19,0.82718,0.84833,0.82131,0.83503,1576121375
2021-12-20,0.83594,0.91427,0.82638,0.87983,4587029518
2021-12-21,0.87943,0.96086,0.85437,0.94765,3748952692
2021-12-22,0.9481,0.97281,0.92718,0.9547,3317199427
2021-12-23,0.95482,1.01656,0.94082,0.99329,4257231145
2021-12-24,0.99479,0.99673,0.89905,0.91205,3864725087
2021-12-25,0.91239,0.93391,0.90232,0.92482,1747049348
2021-12-26,0.92569,0.93404,0.90728,0.92118,1324703098
2021-12-27,0.9208,0.95589,0.91451,0.92618,1788981449
2021-12-28,0.92676,0.92676,0.84866,0.85296,2281985956
2021-12-29,0.85308,0.86505,0.81371,0.81671,2050248751
2021-12-30,0.81792,0.85631,0.8045,0.83965,1880399926
2021-12-31,0.83968,0.85294,0.80577,0.83116,1736939791
2022-01-01,0.83128,0.8532,0.83074,0.84947,1156464024
2022-01-02,0.84944,0.86356,0.83916,0.85912,1134033205
2022-01-03,0.85911,0.85911,0.82405,0.83289,1428968710
2022-01-04,0.83285,0.84408,0.81962,0.82467,1514079366
2022-01-05,0.82471,0.83553,0.7327,0.77436,2252733064
2022-01-06,0.7743,0.78922,0.74429,0.78135,2165022786
2022-01-07,0.78127,0.78127,0.73462,0.76307,2329624598
2022-01-08,0.76311,0.77508,0.7278,0.74769,1792091501
2022-01-09,0.74773,0.76632,0.74153,0.75451,1182503166
2022-01-10,0.75443,0.75851,0.70548,0.73934,2014043704
2022-01-11,0.73936,0.77346,0.73415,0.77055,1897366203
2022-01-12,0.77061,0.80605,0.75965,0.79955,1976047994
2022-01-13,0.79946,0.80095,0.76308,0.76833,1578656460
2022-01-14,0.76836,0.78936,0.75563,0.7743,1576111969
2022-01-15,0.77431,0.78886,0.77095,0.78142,1029135167
2022-01-16,0.78131,0.78396,0.77095,0.77895,1005077258
2022-01-17,0.779,0.78018,0.75235,0.76274,1406443014
2022-01-18,0.76277,0.76805,0.73946,0.75263,1510069237
2022-01-19,0.75261,0.75316,0.72649,0.73975,1446126322
2022-01-20,0.73973,0.76158,0.7194,0.71942,1251475248
2022-01-21,0.71961,0.72825,0.6232,0.63574,3150758603
2022-01-22,0.63601,0.65179,0.55942,0.59604,3613862355
2022-01-23,0.59619,0.634,0.59383,0.62876,1851934913
2022-01-24,0.62877,0.62877,0.55867,0.61214,2759980202
2022-01-25,0.61214,0.62123,0.58989,0.61756,1731121388
2022-01-26,0.61754,0.65255,0.60859,0.62207,2302112575
2022-01-27,0.62195,0.62351,0.59147,0.60877,1586137620
2022-01-28,0.60862,0.61286,0.5934,0.61251,1318006848
2022-01-29,0.61249,0.62341,0.61026,0.61694,958847124
2022-01-30,0.61701,0.62255,0.59977,0.60318,870878596
2022-01-31,0.60306,0.62231,0.58285,0.61915,1266538239
2022-02-01,0.61901,0.63032,0.61305,0.62923,1183031072
2022-02-02,0.62924,0.6307,0.59914,0.60148,1182736030
2022-02-03,0.60142,0.60768,0.59235,0.60768,1042290345
2022-02-04,0.60762,0.6565,0.60517,0.65588,1543180484
2022-02-05,0.65583,0.68368,0.65227,0.66713,1760389771
2022-02-06,0.66713,0.68519,0.66235,0.68365,1095140341
2022-02-07,0.68359,0.83416,0.6744,0.82782,4197403037
2022-02-08,0.82838,0.91114,0.80616,0.87819,6159382645
2022-02-09,0.87752,0.90907,0.8474,0.87063,3760269362
2022-02-10,0.87088,0.89462,0.82991,0.83001,3535002566
2022-02-11,0.82994,0.82994,0.75433,0.76023,3346204748
2022-02-12,0.76025,0.84884,0.75302,0.82241,3457258389
2022-02-13,0.82223,0.8443,0.79628,0.81027,2504198747
2022-02-14,0.80987,0.81047,0.78255,0.80222,2401300497
2022-02-15,0.80225,0.85586,0.7983,0.85233,2249706300
2022-02-16,0.85238,0.85238,0.81314,0.83904,2165008058
2022-02-17,0.83871,0.84413,0.75822,0.76717,2798023719
2022-02-18,0.76729,0.80391,0.76033,0.78589,2913093056
2022-02-19,0.78587,0.84982,0.77365,0.82253,3325442943
2022-02-20,0.82254,0.82267,0.76999,0.7783,3041836889
2022-02-21,0.77816,0.79975,0.70199,0.70347,3580522306
2022-02-22,0.70333,0.72519,0.67879,0.72283,3539593096
2022-02-23,0.72285,0.73892,0.69628,0.69875,2690184820
2022-02-24,0.69858,0.71289,0.62709,0.69627,5146799150
2022-02-25,0.69626,0.7689,0.68579,0.7689,3460713330
2022-02-26,0.76865,0.78819,0.74365,0.75097,3051695701
2022-02-27,0.75097,0.76487,0.71087,0.72199,2733141782
2022-02-28,0.72193,0.78832,0.71319,0.78204,3053923291
2022-03-01,0.78207,0.80064,0.76123,0.78486,2877778057
2022-03-02,0.78488,0.78489,0.7596,0.7685,2401047273
2022-03-03,0.76853,0.78393,0.73892,0.75219,2213014779
2022-03-04,0.7523,0.75305,0.70561,0.71267,2359803521
2022-03-05,0.71279,0.76609,0.70748,0.7549,2297850919
2022-03-06,0.75492,0.75838,0.72576,0.72599,1862292224
2022-03-07,0.72601,0.75167,0.70996,0.72329,2920222453
2022-03-08,0.72323,0.72929,0.71594,0.72098,1907305640
2022-03-09,0.72101,0.76989,0.72101,0.76724,2408572082
2022-03-10,0.76703,0.7755,0.72657,0.73747,2418938595
2022-03-11,0.73751,0.80833,0.72762,0.80216,3478317257
2022-03-12,0.80223,0.84596,0.78206,0.78659,3730330472
2022-03-13,0.78654,0.80363,0.75841,0.76135,2141326402
2022-03-14,0.76138,0.77594,0.75257,0.77466,2212291022
2022-03-15,0.77464,0.77581,0.74564,0.76678,1830181545
2022-03-16,0.76675,0.79362,0.75922,0.79354,2480411473
2022-03-17,0.79344,0.80057,0.78444,0.7935,1862028805
2022-03-18,0.79345,0.79911,0.77935,0.79827,1850743124
2022-03-19,0.79813,0.82523,0.79361,0.81937,2046393370
2022-03-20,0.81938,0.82081,0.79825,0.80612,1529598149
2022-03-21,0.80596,0.85113,0.79216,0.83815,2485293314
2022-03-22,0.83804,0.86293,0.82999,0.8371,2370573276
2022-03-23,0.83713,0.84415,0.82057,0.83789,2076377569
2022-03-24,0.83786,0.84933,0.82963,0.84297,2278978187
2022-03-25,0.84297,0.84409,0.82287,0.82513,1600059784
2022-03-26,0.82515,0.83431,0.82233,0.83277,1056420320
2022-03-27,0.83282,0.85738,0.83034,0.85734,1505124770
2022-03-28,0.85741,0.90809,0.85521,0.8633,3205464277
2022-03-29,0.86309,0.88444,0.84886,0.858,2120020042
2022-03-30,0.85794,0.87128,0.84943,0.86081,1832671641
2022-03-31,0.86088,0.87087,0.80388,0.81456,2611691934
2022-04-01,0.81471,0.83368,0.81026,0.82774,2091887103
2022-04-02,0.82774,0.8486,0.82483,0.82492,1624227101
2022-04-03,0.82489,0.85015,0.81727,0.84295,1348476817
2022-04-04,0.84292,0.84295,0.81089,0.82725,1876069127
2022-04-05,0.82723,0.83329,0.81711,0.81764,1548706718
2022-04-06,0.81763,0.81841,0.76129,0.76131,2527126540
2022-04-07,0.76136,0.78948,0.75811,0.788,1628783831
2022-04-08,0.788,0.79299,0.75089,0.75406,1684019539
2022-04-09,0.75404,0.76606,0.75404,0.76359,1008306245
2022-04-10,0.7636,0.77247,0.75518,0.75661,1046936968
2022-04-11,0.75642,0.75642,0.68574,0.69502,2367700413
2022-04-12,0.69517,0.72159,0.69428,0.71661,1990027592
2022-04-13,0.71651,0.72476,0.704,0.72385,1678860044
2022-04-14,0.72374,0.74016,0.71059,0.72682,1716488200
2022-04-15,0.7268,0.79368,0.72662,0.78568,2897060464
2022-04-16,0.78565,0.79713,0.76922,0.78184,1526957904
2022-04-17,0.78179,0.78441,0.75055,0.75315,1350930297
2022-04-18,0.75319,0.76819,0.73236,0.76802,2134418883
2022-04-19,0.76804,0.78019,0.75996,0.77506,1834225828
2022-04-20,0.77506,0.77506,0.74438,0.75218,1798898557
2022-04-21,0.75218,0.76476,0.72503,0.73318,1990297103
2022-04-22,0.73316,0.73816,0.71646,0.71919,1881203798
2022-04-23,0.71914,0.72467,0.70736,0.70771,1332520641
2022-04-24,0.70749,0.71183,0.69803,0.69874,1108217932
2022-04-25,0.69876,0.69894,0.64824,0.69443,2377291271
2022-04-26,0.69433,0.7041,0.63442,0.6417,2160649427
2022-04-27,0.64179,0.66138,0.64038,0.65232,1722422062
2022-04-28,0.65231,0.65534,0.63627,0.64436,1546067106
2022-04-29,0.64428,0.64561,0.6039,0.61141,1962197662
2022-04-30,0.61141,0.62714,0.58158,0.58709,1649221930
2022-05-01,0.58709,0.61023,0.58105,0.60784,1657999135
2022-05-02,0.60782,0.62931,0.60179,0.61427,1687184077
2022-05-03,0.61422,0.62508,0.59819,0.60485,1460418466
2022-05-04,0.6048,0.64785,0.60474,0.64647,1959359438
2022-05-05,0.64646,0.65504,0.58481,0.59889,2183469244
2022-05-06,0.59883,0.61348,0.59161,0.60257,2003273389
2022-05-07,0.60256,0.60384,0.57393,0.58235,1250412025
2022-05-08,0.5824,0.58263,0.56276,0.56653,1505054300
2022-05-09,0.56652,0.57599,0.48072,0.49294,3297478002
2022-05-10,0.49244,0.5353,0.47811,0.51363,3455777036
2022-05-11,0.51354,0.52162,0.38243,0.41338,5290247987
2022-05-12,0.4134,0.42648,0.34495,0.38521,4641055357
2022-05-13,0.38518,0.46234,0.38273,0.42342,2949331810
2022-05-14,0.42342,0.4395,0.39866,0.42777,2021953522
2022-05-15,0.42769,0.44761,0.41662,0.44737,1427697924
2022-05-16,0.44741,0.44757,0.41209,0.4225,1839092427
2022-05-17,0.42246,0.43909,0.42115,0.43762,1598581919
2022-05-18,0.43764,0.44127,0.40617,0.40617,1599734223
2022-05-19,0.40606,0.42236,0.39749,0.41998,1557252121
2022-05-20,0.41993,0.43751,0.40318,0.41114,1721877559
2022-05-21,0.41113,0.41726,0.40537,0.41467,875738315
2022-05-22,0.41469,0.42434,0.41109,0.42234,896133087
2022-05-23,0.42226,0.42784,0.40436,0.40467,1399019792
2022-05-24,0.40468,0.41329,0.39365,0.40871,1394251522
2022-05-25,0.4087,0.41297,0.39676,0.40579,1587278448
2022-05-26,0.4058,0.41012,0.38072,0.39317,2091610974
2022-05-27,0.39308,0.40128,0.37817,0.38179,1927217638
2022-05-28,0.38659,0.38812,0.38172,0.38632,865258883
2022-05-29,0.38633,0.3895,0.38076,0.38902,752879867
2022-05-30,0.38902,0.4187,0.38764,0.41818,1404448305
2022-05-31,0.41813,0.42968,0.4089,0.42187,1738462198
2022-06-01,0.42189,0.42512,0.39262,0.39809,1569696040
2022-06-02,0.39808,0.40666,0.39255,0.4053,1298797541
2022-06-03,0.40532,0.40944,0.3855,0.39077,1284592602
2022-06-04,0.39078,0.39346,0.38629,0.39231,696569397
2022-06-05,0.39232,0.39934,0.39027,0.39538,726398938
2022-06-06,0.3954,0.40849,0.39488,0.40301,1221803580
2022-06-07,0.40301,0.41648,0.38578,0.4077,1666703798
2022-06-08,0.40769,0.40989,0.39615,0.40065,1183206226
2022-06-09,0.40066,0.40361,0.39762,0.40032,911815336
2022-06-10,0.40032,0.40992,0.38088,0.38174,1424539679
2022-06-11,0.38176,0.38806,0.35863,0.35903,1111401064
2022-06-12,0.35909,0.3647,0.34161,0.34549,1370072145
2022-06-13,0.34541,0.34888,0.30385,0.3108,2558939154
2022-06-14,0.31082,0.32352,0.29517,0.32214,1977069964
2022-06-15,0.3221,0.34483,0.30071,0.3437,2242860490
2022-06-16,0.34368,0.34537,0.30842,0.31206,1477710114
2022-06-17,0.31215,0.33854,0.31122,0.32138,1381554091
2022-06-18,0.32133,0.32571,0.29058,0.30809,1403189628
2022-06-19,0.30803,0.33048,0.29895,0.32605,1159418572
2022-06-20,0.32602,0.32805,0.31424,0.32335,1187888833
2022-06-21,0.32328,0.33606,0.32015,0.32863,1247582002
2022-06-22,0.32873,0.32906,0.3196,0.32259,1064144662
2022-06-23,0.32259,0.33608,0.32218,0.33553,927324605
2022-06-24,0.33551,0.38466,0.33549,0.36759,2253100828
2022-06-25,0.36762,0.37228,0.35568,0.36756,912142249
2022-06-26,0.36753,0.37373,0.35882,0.35886,789514304
2022-06-27,0.35886,0.36599,0.35097,0.35324,989571906
2022-06-28,0.35324,0.35527,0.33692,0.33733,1038924972
2022-06-29,0.33737,0.3411,0.32343,0.32898,1094664825
2022-06-30,0.329,0.33146,0.30767,0.33145,1456445785
2022-07-01,0.33165,0.33308,0.31145,0.31368,1249145615
2022-07-02,0.31372,0.31701,0.31052,0.31558,608601610
2022-07-03,0.31557,0.32525,0.31021,0.3217,728566418
2022-07-04,0.32169,0.3291,0.31557,0.32879,1018446189
2022-07-05,0.3287,0.33016,0.31435,0.32542,1130550266
2022-07-06,0.32546,0.33303,0.32065,0.33227,1099742037
2022-07-07,0.33226,0.34352,0.32734,0.34215,1037133139
2022-07-08,0.34217,0.35651,0.33706,0.34163,1469173608
2022-07-09,0.3416,0.34705,0.3403,0.34495,602546961
2022-07-10,0.34493,0.34493,0.32213,0.32566,913229467
2022-07-11,0.32566,0.32856,0.31231,0.3143,1042057085
2022-07-12,0.3143,0.3176,0.30908,0.31166,968873598
2022-07-13,0.31166,0.32508,0.30433,0.32373,1295979555
2022-07-14,0.32375,0.33322,0.31336,0.33322,3386821229
2022-07-15,0.33321,0.34621,0.32823,0.33454,1512184333
2022-07-16,0.33449,0.3553,0.3322,0.35086,1292123515
2022-07-17,0.35085,0.35992,0.34339,0.34341,1093079294
2022-07-18,0.34342,0.36883,0.34342,0.36618,1627385386
2022-07-19,0.36603,0.37599,0.35292,0.37323,1604201237
2022-07-20,0.37326,0.38106,0.35874,0.36048,1534818247
2022-07-21,0.36066,0.36796,0.34973,0.36704,1202692151
2022-07-22,0.36703,0.37084,0.35549,0.3586,1150022760
2022-07-23,0.35852,0.36262,0.35085,0.35954,863843426
2022-07-24,0.35953,0.36656,0.35709,0.35926,912894827
2022-07-25,0.35923,0.36018,0.33731,0.33732,1207904872
2022-07-26,0.33731,0.33782,0.32643,0.33782,1110467650
2022-07-27,0.33783,0.35913,0.33117,0.35912,1314040220
2022-07-28,0.35914,0.37774,0.35153,0.37338,1839928651
2022-07-29,0.37339,0.3791,0.36082,0.36868,1706911237
2022-07-30,0.36867,0.40794,0.36486,0.38776,1767280595
2022-07-31,0.38778,0.39788,0.38022,0.38046,1359568596
2022-08-01,0.38035,0.3854,0.37228,0.37998,1059391028
2022-08-02,0.37991,0.39148,0.36834,0.37202,1232425419
2022-08-03,0.37204,0.37683,0.36454,0.36985,1105707649
2022-08-04,0.36986,0.37459,0.36539,0.37135,916895439
2022-08-05,0.37128,0.3779,0.36804,0.3766,986100302
2022-08-06,0.37661,0.37706,0.37157,0.37157,498759511
2022-08-07,0.37159,0.37672,0.36931,0.37251,509151829
2022-08-08,0.37252,0.38414,0.37206,0.37875,1030742941
2022-08-09,0.37878,0.37967,0.36294,0.3681,4098651206
2022-08-10,0.36808,0.38107,0.36007,0.38107,1732723595
2022-08-11,0.3811,0.38511,0.3784,0.38056,1088394568
2022-08-12,0.38054,0.38054,0.37148,0.38,923071430
2022-08-13,0.37997,0.38604,0.37745,0.37796,590320028
2022-08-14,0.378,0.39093,0.37589,0.37645,754512693
2022-08-15,0.37645,0.38478,0.36796,0.37577,1046905199
2022-08-16,0.37567,0.37763,0.36804,0.37724,930440616
2022-08-17,0.37723,0.39089,0.36984,0.37971,1408497181
2022-08-18,0.37971,0.38086,0.37092,0.37097,927786270
2022-08-19,0.37097,0.37097,0.33381,0.33505,1645536381
2022-08-20,0.33502,0.34238,0.33362,0.33754,848212364
2022-08-21,0.33748,0.34817,0.3365,0.3453,835616993
2022-08-22,0.34528,0.34528,0.33252,0.34472,1001511240
2022-08-23,0.34473,0.34769,0.33396,0.34709,930696331
2022-08-24,0.34707,0.35214,0.33963,0.34615,957472562
2022-08-25,0.34618,0.35137,0.34428,0.3495,970585823
2022-08-26,0.34946,0.36957,0.33394,0.33837,1653482688
2022-08-27,0.33843,0.34025,0.33043,0.33535,920820399
2022-08-28,0.33533,0.33716,0.32309,0.3231,596573621
2022-08-29,0.32305,0.3338,0.31939,0.3338,980137287
2022-08-30,0.33378,0.33548,0.3211,0.32687,948448428
2022-08-31,0.32689,0.33361,0.32488,0.32787,882676752
2022-09-01,0.32787,0.33319,0.32237,0.33319,875126154
2022-09-02,0.33317,0.33493,0.3263,0.33126,899373528
2022-09-03,0.33126,0.33256,0.32759,0.32997,473116925
2022-09-04,0.32996,0.33253,0.32894,0.3318,431905800
2022-09-05,0.3318,0.33324,0.32337,0.33296,761048973
2022-09-06,0.33297,0.34262,0.32108,0.32221,1337360825
2022-09-07,0.32216,0.33844,0.31594,0.33737,1128804315
2022-09-08,0.33734,0.3426,0.32937,0.34025,1065222913
2022-09-09,0.34023,0.35756,0.34,0.35752,1487790472
2022-09-10,0.35747,0.36125,0.35301,0.35768,851397394
2022-09-11,0.35768,0.35953,0.35176,0.35512,650515883
2022-09-12,0.35515,0.35945,0.34927,0.35945,1077587297
2022-09-13,0.35946,0.35964,0.33204,0.33369,1443625685
2022-09-14,0.33296,0.34389,0.33243,0.34208,1227835854
2022-09-15,0.34208,0.34246,0.3256,0.32634,1521572444
2022-09-16,0.32638,0.35713,0.32354,0.35669,1375977237
2022-09-17,0.35665,0.37889,0.34757,0.377,1621592330
2022-09-18,0.37687,0.39694,0.35811,0.35832,2485765138
2022-09-19,0.35834,0.3915,0.34176,0.38707,2788638051
2022-09-20,0.38696,0.42152,0.37249,0.41518,3912067532
2022-09-21,0.41517,0.42833,0.38801,0.39683,3401100359
2022-09-22,0.39654,0.49123,0.39479,0.4851,4916275588
2022-09-23,0.48514,0.55228,0.45892,0.50717,7798770582
2022-09-24,0.5072,0.51502,0.47402,0.48872,3512953969
2022-09-25,0.48873,0.51831,0.47873,0.49263,3422191941
2022-09-26,0.49268,0.49986,0.45984,0.46768,2916387564
2022-09-27,0.46776,0.48523,0.44031,0.44878,2838537511
2022-09-28,0.44864,0.45438,0.41956,0.45067,2670489294
2022-09-29,0.45059,0.50297,0.42853,0.48542,3292742359
2022-09-30,0.48544,0.49599,0.47222,0.47977,3780354931
2022-10-01,0.47982,0.48352,0.46961,0.47511,1544057825
2022-10-02,0.47512,0.47743,0.44816,0.44885,1524148633
2022-10-03,0.44887,0.46757,0.43955,0.46288,1852548565
2022-10-04,0.46288,0.4846,0.45297,0.48017,2192220219
2022-10-05,0.48012,0.49933,0.47341,0.48968,2480530357
2022-10-06,0.4897,0.50409,0.48937,0.49318,1913140571
2022-10-07,0.49328,0.52165,0.48421,0.51828,2627481992
2022-10-08,0.51823,0.5279,0.51438,0.51711,1771062053
2022-10-09,0.51715,0.54142,0.50817,0.53406,1789206998
2022-10-10,0.53403,0.53732,0.49701,0.49701,2359086772
2022-10-11,0.49666,0.50089,0.48091,0.4854,2303743073
2022-10-12,0.48541,0.49474,0.48376,0.48837,1375026360
2022-10-13,0.48835,0.4891,0.44502,0.48081,2840221578
2022-10-14,0.48081,0.50954,0.4793,0.48897,2184144921
2022-10-15,0.48896,0.48967,0.47998,0.48151,842401177
2022-10-16,0.48153,0.4871,0.47181,0.47701,1028960255
2022-10-17,0.47701,0.48126,0.46533,0.47992,1476868338
2022-10-18,0.47992,0.48335,0.45984,0.46598,1380317427
2022-10-19,0.46599,0.46639,0.45008,0.45123,1434466929
2022-10-20,0.45122,0.46379,0.43443,0.44808,1712992943
2022-10-21,0.448,0.4611,0.43781,0.4611,1644912255
2022-10-22,0.46109,0.47006,0.45729,0.46547,884856882
2022-10-23,0.46549,0.47101,0.45344,0.46903,950974305
2022-10-24,0.46904,0.47098,0.44969,0.45382,1293537737
2022-10-25,0.45381,0.47101,0.44538,0.46154,1605966218
2022-10-26,0.46147,0.47025,0.45809,0.46938,1440473976
2022-10-27,0.4694,0.48046,0.46098,0.46241,1694861069
2022-10-28,0.46243,0.47467,0.45779,0.47398,1201992237
2022-10-29,0.47398,0.48167,0.4677,0.47042,1404785407
2022-10-30,0.47041,0.47251,0.45564,0.45846,964813817
2022-10-31,0.4584,0.46611,0.44952,0.46592,1462007947
2022-11-01,0.46582,0.4664,0.45528,0.46458,1273429763
2022-11-02,0.46453,0.4653,0.44782,0.45087,1381853436
2022-11-03,0.45089,0.45936,0.4501,0.45514,1086924485
2022-11-04,0.45514,0.50511,0.454,0.5044,2774226120
2022-11-05,0.50443,0.5071,0.4921,0.49333,1216193223
2022-11-06,0.49333,0.4943,0.47048,0.47067,940815148
2022-11-07,0.47068,0.47917,0.46216,0.46586,1592938583
2022-11-08,0.46583,0.46663,0.36206,0.40624,3984776863
2022-11-09,0.40625,0.40986,0.32582,0.33318,3642933610
2022-11-10,0.33315,0.40045,0.33122,0.39571,3104223968
2022-11-11,0.39565,0.39768,0.36929,0.38416,1720205430
2022-11-12,0.38418,0.38418,0.36142,0.36368,931936263
2022-11-13,0.36367,0.36876,0.33534,0.3403,1064115311
2022-11-14,0.34033,0.3779,0.32396,0.37641,2400878272
2022-11-15,0.37634,0.39594,0.36847,0.38852,1966568664
2022-11-16,0.38853,0.39026,0.36486,0.3763,1315104592
2022-11-17,0.37629,0.38479,0.37041,0.38254,1326199204
2022-11-18,0.38254,0.38638,0.37602,0.38306,945178987
2022-11-19,0.38306,0.38744,0.37691,0.3847,571403780
2022-11-20,0.3847,0.39359,0.36104,0.36195,1156162576
2022-11-21,0.36195,0.3672,0.3478,0.3648,2153323835
2022-11-22,0.36472,0.37767,0.35245,0.37606,1363821412
2022-11-23,0.37604,0.38179,0.36907,0.38158,1100062349
2022-11-24,0.38158,0.40398,0.37544,0.40199,1259638131
2022-11-25,0.40198,0.41691,0.39023,0.40841,1269230070
2022-11-26,0.40841,0.41228,0.39509,0.39663,614794664
2022-11-27,0.39661,0.40791,0.39597,0.39682,630018233
2022-11-28,0.3968,0.39878,0.37552,0.39032,1179083829
2022-11-29,0.39028,0.40298,0.38426,0.39855,969049648
2022-11-30,0.39855,0.41081,0.39518,0.40874,933343511
2022-12-01,0.40874,0.40898,0.39548,0.39671,742091191
2022-12-02,0.39671,0.39759,0.38551,0.39627,778302835
2022-12-03,0.39627,0.39642,0.38761,0.38815,496500336
2022-12-04,0.38812,0.39282,0.38754,0.39074,450960651
2022-12-05,0.39065,0.3946,0.38343,0.38958,890179719
2022-12-06,0.3896,0.39226,0.38168,0.39209,814317329
2022-12-07,0.39209,0.39209,0.37658,0.38372,839949038
2022-12-08,0.38372,0.39501,0.38361,0.39455,770396956
2022-12-09,0.39455,0.39493,0.38622,0.38915,693718603
2022-12-10,0.38916,0.38932,0.38621,0.3867,331624480
2022-12-11,0.38671,0.38853,0.38055,0.38175,366643114
2022-12-12,0.38173,0.38875,0.3727,0.38739,881038173
2022-12-13,0.38739,0.39609,0.37927,0.3951,1137292765
2022-12-14,0.3951,0.39525,0.38086,0.38641,893235466
2022-12-15,0.38639,0.38666,0.37538,0.37824,739736057
2022-12-16,0.37821,0.37963,0.34813,0.35199,1061370203
2022-12-17,0.35192,0.35642,0.34884,0.35481,590468250
2022-12-18,0.35481,0.35496,0.34859,0.35027,313888826
2022-12-19,0.35029,0.35255,0.33431,0.33887,986711247
2022-12-20,0.3389,0.35282,0.33726,0.34937,932296715
2022-12-21,0.34933,0.35015,0.33974,0.34602,743732204
2022-12-22,0.34597,0.34979,0.34237,0.3496,685101342
2022-12-23,0.34959,0.35455,0.3477,0.35427,577979156
2022-12-24,0.35428,0.3543,0.3515,0.35218,225391032
2022-12-25,0.35219,0.35219,0.34472,0.34639,323700210
2022-12-26,0.34638,0.3691,0.34597,0.36572,797909103
2022-12-27,0.36573,0.37227,0.35944,0.36813,905248563
2022-12-28,0.36812,0.36854,0.35614,0.35653,839617676
2022-12-29,0.35652,0.35723,0.33891,0.34285,898022518
2022-12-30,0.34283,0.34531,0.33533,0.34502,672119602
2022-12-31,0.34503,0.3451,0.33987,0.33993,337167278
2023-01-01,0.33992,0.33992,0.33633,0.33876,290828851
2023-01-02,0.33877,0.35411,0.32163,0.34856,1325787126
2023-01-03,0.34854,0.35105,0.34201,0.34382,811872325
2023-01-04,0.34383,0.35088,0.34284,0.34779,803671745
2023-01-05,0.34779,0.34834,0.33752,0.33804,669029812
2023-01-06,0.33804,0.34547,0.33283,0.34465,741263420
2023-01-07,0.34464,0.34552,0.34201,0.34427,334559534
2023-01-08,0.34427,0.34552,0.33923,0.34536,515669684
2023-01-09,0.34535,0.35661,0.34429,0.34934,1420062936
2023-01-10,0.34933,0.35381,0.34531,0.35124,815342810
2023-01-11,0.35125,0.37603,0.34872,0.37416,1498360174
2023-01-12,0.37383,0.37832,0.36587,0.3752,1226464922
2023-01-13,0.37519,0.38645,0.37064,0.3858,990539135
2023-01-14,0.38581,0.40789,0.38581,0.39544,1601102466
2023-01-15,0.39547,0.39619,0.38105,0.38488,829206058
2023-01-16,0.38488,0.40504,0.38086,0.38658,1454332113
2023-01-17,0.3866,0.39754,0.38018,0.38771,1025137174
2023-01-18,0.38769,0.39521,0.37132,0.37945,1484076132
2023-01-19,0.37942,0.39521,0.37762,0.39379,1108881766
2023-01-20,0.39375,0.41342,0.38702,0.41334,1053958522
2023-01-21,0.41336,0.41588,0.4033,0.40353,1037235129
2023-01-22,0.40357,0.4111,0.3979,0.40097,780764704
2023-01-23,0.40096,0.43112,0.40043,0.42494,1980513812
2023-01-24,0.42478,0.42955,0.40565,0.40771,1265360172
2023-01-25,0.40775,0.42348,0.39954,0.41769,1104907019
2023-01-26,0.41757,0.41776,0.40774,0.4101,892174687
2023-01-27,0.4101,0.41323,0.4009,0.41279,813986938
2023-01-28,0.4128,0.41551,0.40705,0.40813,508978347
2023-01-29,0.40814,0.41714,0.40731,0.41376,566580331
2023-01-30,0.41377,0.42037,0.39116,0.39459,1240049824
2023-01-31,0.39456,0.41088,0.38968,0.40639,1026848071
2023-02-01,0.40636,0.41545,0.39804,0.41389,1066789793
2023-02-02,0.41383,0.41854,0.40951,0.40975,996287377
2023-02-03,0.40974,0.41353,0.4074,0.41221,848078651
2023-02-04,0.41212,0.41935,0.40832,0.41131,583121354
2023-02-05,0.41127,0.41192,0.39631,0.39894,758068911
2023-02-06,0.39897,0.4034,0.39223,0.39282,950972502
2023-02-07,0.39283,0.40464,0.39094,0.4039,1015414418
2023-02-08,0.40387,0.40526,0.39533,0.39805,853007396
2023-02-09,0.39806,0.40709,0.37722,0.38247,1488178634
2023-02-10,0.38244,0.38763,0.37862,0.38265,877457864
2023-02-11,0.38265,0.38411,0.3809,0.38401,436697705
2023-02-12,0.38398,0.38486,0.37445,0.37528,492457255
2023-02-13,0.37524,0.37818,0.36412,0.37168,1129015396
2023-02-14,0.37161,0.38325,0.36564,0.38241,1022310518
2023-02-15,0.38236,0.40186,0.37725,0.40135,1072284900
2023-02-16,0.40135,0.40364,0.38509,0.38516,1194494182
2023-02-17,0.38511,0.39963,0.38288,0.3953,969213569
2023-02-18,0.3953,0.39685,0.39188,0.39463,499633442
2023-02-19,0.3946,0.39762,0.38619,0.38632,727659069
2023-02-20,0.38638,0.40732,0.38175,0.39853,1354318620
2023-02-21,0.39852,0.40144,0.38807,0.39191,1103766687
2023-02-22,0.39191,0.39639,0.38393,0.39559,1114714971
2023-02-23,0.39559,0.39746,0.38671,0.38913,917426306
2023-02-24,0.38909,0.39055,0.37413,0.37848,953355531
2023-02-25,0.37851,0.37942,0.37225,0.37809,552223148
2023-02-26,0.37809,0.38061,0.37542,0.37804,441815645
2023-02-27,0.37801,0.38004,0.37216,0.37912,1049508853
2023-02-28,0.37912,0.38243,0.37303,0.37715,1000693267
2023-03-01,0.37713,0.38425,0.37367,0.38388,912485438
2023-03-02,0.38388,0.3842,0.37448,0.37758,812536878
2023-03-03,0.37759,0.37916,0.35989,0.37767,1204150691
2023-03-04,0.37767,0.37952,0.37027,0.37381,556621575
2023-03-05,0.37382,0.37713,0.3668,0.36719,505577640
2023-03-06,0.36718,0.37324,0.361,0.37047,1161608429
2023-03-07,0.37044,0.384,0.36815,0.38055,1479466647
2023-03-08,0.38056,0.39906,0.37376,0.38919,1881889627
2023-03-09,0.38918,0.39638,0.36666,0.37213,1727254553
2023-03-10,0.37209,0.37471,0.35988,0.37062,1450894929
2023-03-11,0.37064,0.3747,0.36208,0.36683,1051093584
2023-03-12,0.36683,0.37332,0.35247,0.37332,1102164948
2023-03-13,0.37335,0.381,0.35814,0.37379,1694593960
2023-03-14,0.37379,0.38748,0.36732,0.37428,1527899940
2023-03-15,0.37433,0.37722,0.35876,0.36056,1062482118
2023-03-16,0.36064,0.36727,0.35854,0.36603,692737535
2023-03-17,0.36602,0.38132,0.36359,0.38038,1046497903
2023-03-18,0.38041,0.38787,0.37345,0.37443,867351027
2023-03-19,0.37444,0.40001,0.37444,0.38847,1189636323
2023-03-20,0.38837,0.39212,0.37403,0.37463,1074222480
2023-03-21,0.37462,0.49137,0.37451,0.46971,4178958939
2023-03-22,0.46965,0.47455,0.41293,0.42248,3312385991
2023-03-23,0.42245,0.45409,0.41548,0.44485,2161421825
2023-03-24,0.44486,0.44487,0.41803,0.4259,1314887049
2023-03-25,0.42591,0.46365,0.42422,0.44472,1832767576
2023-03-26,0.44468,0.46296,0.44277,0.44882,1090501588
2023-03-27,0.44884,0.48761,0.4439,0.47999,2730255979
2023-03-28,0.48007,0.52976,0.4702,0.51506,3163217119
2023-03-29,0.51501,0.5804,0.51496,0.54358,4092945977
2023-03-30,0.54367,0.55422,0.52719,0.53425,2694676898
2023-03-31,0.53432,0.54692,0.52856,0.53849,1934253477
2023-04-01,0.53847,0.53847,0.50154,0.51474,1829835076
2023-04-02,0.50996,0.5285,0.50352,0.51895,1488648839
2023-04-03,0.51893,0.52317,0.48695,0.49696,1655872706
2023-04-04,0.49689,0.50764,0.48897,0.50348,1230443035
2023-04-05,0.50348,0.52564,0.50006,0.50624,1402532299
2023-04-06,0.50626,0.50901,0.49453,0.5033,1077113140
2023-04-07,0.50331,0.51417,0.49911,0.51374,1060408546
2023-04-08,0.51373,0.51373,0.50444,0.50572,587641054
2023-04-09,0.50569,0.50914,0.50093,0.50583,550582813
2023-04-10,0.50579,0.51967,0.50126,0.51832,914389505
2023-04-11,0.51831,0.52631,0.51329,0.51752,1206362804
2023-04-12,0.51757,0.518,0.50142,0.50612,1063340695
2023-04-13,0.50518,0.51477,0.50259,0.51329,963105081
2023-04-14,0.51334,0.54384,0.51248,0.52399,1597156518
2023-04-15,0.52397,0.52581,0.51828,0.52044,670556486
2023-04-16,0.52043,0.52425,0.51724,0.52139,631212313
2023-04-17,0.52136,0.52136,0.50828,0.51113,1021376248
2023-04-18,0.51114,0.53596,0.51062,0.53226,1169237634
2023-04-19,0.53225,0.53438,0.48926,0.4916,2047949057
2023-04-20,0.49152,0.49883,0.46867,0.47486,1484251970
2023-04-21,0.47487,0.47877,0.44274,0.4494,1412575276
2023-04-22,0.4494,0.47454,0.44677,0.47266,948350839
2023-04-23,0.47266,0.47266,0.45586,0.46502,745785219
2023-04-24,0.46502,0.48253,0.45104,0.46127,1287683583
2023-04-25,0.46127,0.4715,0.45205,0.47,1120038773
2023-04-26,0.46999,0.48248,0.44133,0.46204,1585410692
2023-04-27,0.46205,0.46928,0.45739,0.46687,1631460643
2023-04-28,0.46689,0.4811,0.46462,0.48027,1145414603
2023-04-29,0.48024,0.48506,0.47573,0.47841,611537970
2023-04-30,0.47838,0.48182,0.47095,0.47233,556459700
2023-05-01,0.47221,0.47258,0.45718,0.46497,941003865
2023-05-02,0.46498,0.46583,0.45944,0.46495,903846077
2023-05-03,0.46496,0.46526,0.45144,0.46349,1049175706
2023-05-04,0.46349,0.46497,0.45602,0.46157,752455291
2023-05-05,0.46156,0.46978,0.45826,0.4678,857113580
2023-05-06,0.46782,0.46908,0.45476,0.45955,592275764
2023-05-07,0.4595,0.46104,0.45025,0.45036,440082859
2023-05-08,0.45035,0.45174,0.41855,0.42892,1307982057
2023-05-09,0.42889,0.43016,0.42191,0.42989,911350658
2023-05-10,0.42981,0.4337,0.41783,0.43087,1068763583
2023-05-11,0.43089,0.43089,0.41296,0.42188,906511894
2023-05-12,0.4218,0.43997,0.41772,0.43072,1174284548
2023-05-13,0.43072,0.43095,0.42471,0.4249,389293055
2023-05-14,0.42487,0.43134,0.42315,0.42586,369801280
2023-05-15,0.42586,0.43029,0.42283,0.42756,749923785
2023-05-16,0.4276,0.44143,0.42021,0.44142,963282009
2023-05-17,0.44141,0.45959,0.43888,0.44859,1518727788
2023-05-18,0.44857,0.47125,0.44383,0.4603,1356400752
2023-05-19,0.46028,0.4738,0.45853,0.46798,1083307614
2023-05-20,0.46799,0.47081,0.46353,0.46908,479336096
2023-05-21,0.46908,0.47062,0.45659,0.45755,537234089
2023-05-22,0.45758,0.46633,0.45215,0.4616,904918280
2023-05-23,0.46161,0.46684,0.45944,0.46543,829964870
2023-05-24,0.46544,0.46544,0.44746,0.45361,1029450864
2023-05-25,0.45359,0.45463,0.44562,0.45373,697466810
2023-05-26,0.45374,0.46957,0.45301,0.46914,947890355
2023-05-27,0.46912,0.47772,0.46672,0.47225,634937525
2023-05-28,0.47224,0.48582,0.47078,0.48289,570647795
2023-05-29,0.48288,0.49435,0.4779,0.49415,1039953786
2023-05-30,0.49423,0.52543,0.49055,0.52194,2119990185
2023-05-31,0.5219,0.5272,0.50246,0.51739,1585723566
2023-06-01,0.51739,0.51739,0.5032,0.50732,1095700204
2023-06-02,0.5073,0.52633,0.50497,0.52539,1070731055
2023-06-03,0.52536,0.52991,0.51705,0.51935,684948363
2023-06-04,0.51937,0.54471,0.51661,0.53591,943439712
2023-06-05,0.53601,0.54143,0.49355,0.51039,2077075618
2023-06-06,0.51038,0.53181,0.49823,0.53046,1595950808
2023-06-07,0.53043,0.53712,0.50893,0.51963,1649651366
2023-06-08,0.51961,0.52733,0.51696,0.52455,954016646
2023-06-09,0.52454,0.53988,0.52167,0.53792,1233816475
2023-06-10,0.53797,0.53803,0.48237,0.5082,2110109968
2023-06-11,0.50819,0.5284,0.50435,0.52122,828115958
2023-06-12,0.52116,0.52752,0.51109,0.52572,1199140307
2023-06-13,0.52568,0.56138,0.50877,0.52009,2617707336
2023-06-14,0.52009,0.52021,0.46748,0.48022,1757437649
2023-06-15,0.48023,0.4845,0.46956,0.48012,1180880587
2023-06-16,0.48011,0.48235,0.45929,0.47574,1166129294
2023-06-17,0.47576,0.48523,0.47057,0.47979,635717535
2023-06-18,0.47979,0.4967,0.47657,0.48757,743984056
2023-06-19,0.48757,0.49728,0.48371,0.4934,870856054
2023-06-20,0.49342,0.49556,0.47378,0.49287,1073485912
2023-06-21,0.49286,0.50252,0.49033,0.5007,1305891782
2023-06-22,0.50064,0.52316,0.49131,0.49498,1518125316
2023-06-23,0.49496,0.50189,0.48615,0.49657,1108503309
2023-06-24,0.49658,0.49658,0.48283,0.48731,693890997
2023-06-25,0.48732,0.49564,0.48421,0.49028,681228509
2023-06-26,0.49028,0.49125,0.47457,0.47933,953227780
2023-06-27,0.47936,0.485,0.47723,0.48384,847044879
2023-06-28,0.48384,0.48391,0.45654,0.46522,989599376
2023-06-29,0.46517,0.47672,0.4624,0.47472,718808031
2023-06-30,0.4747,0.48227,0.45651,0.47404,1261905827
2023-07-01,0.47402,0.47546,0.4656,0.47352,737421634
2023-07-02,0.47352,0.49453,0.47133,0.48449,1154671474
2023-07-03,0.4845,0.49091,0.47971,0.48955,1059955641
2023-07-04,0.48951,0.49262,0.48334,0.48784,841667226
2023-07-05,0.48781,0.4916,0.47115,0.47827,950150566
2023-07-06,0.47823,0.48378,0.4633,0.46374,950187883
2023-07-07,0.46372,0.47049,0.46063,0.46877,682747263
2023-07-08,0.46876,0.47396,0.46605,0.47064,409435365
2023-07-09,0.47064,0.47179,0.46812,0.46855,324938269
2023-07-10,0.46855,0.47999,0.46461,0.47766,885726455
2023-07-11,0.47769,0.47829,0.47181,0.47572,645625637
2023-07-12,0.47569,0.47702,0.46786,0.47111,715809444
2023-07-13,0.89,0.95,0.779,0.8177,10397344596
2023-07-14,0.8173,0.8279,0.668,0.7186,7060210982
2023-07-15,0.7185,0.736,0.693,0.715,3369947488
2023-07-16,0.7146,0.7903,0.7028,0.7475,3937651423
2023-07-17,0.7474,0.765,0.7131,0.7377,2506419441
2023-07-18,0.7377,0.7845,0.729,0.7787,2626009775
2023-07-19,0.7787,0.8526,0.7701,0.8201,3954595150
2023-07-20,0.8201,0.8498,0.7669,0.7946,2843382854
2023-07-21,0.7946,0.7989,0.76,0.7716,1860721533
2023-07-22,0.7716,0.7799,0.725,0.7329,1637792182
2023-07-23,0.7329,0.7522,0.7152,0.7382,1541388766
2023-07-24,0.7385,0.7428,0.6808,0.7022,2266820366
2023-07-25,0.7022,0.716,0.6746,0.7088,1813094168
2023-07-26,0.7091,0.7325,0.6929,0.7162,1676809706
2023-07-27,0.716,0.7324,0.7065,0.7136,1480051564
2023-07-28,0.7137,0.7191,0.7025,0.712,1055913805
2023-07-29,0.712,0.7157,0.7042,0.7123,725769153
2023-07-30,0.7122,0.7353,0.685,0.7049,1323282055
2023-07-31,0.7049,0.73,0.6856,0.6977,1488758727
2023-08-01,0.6976,0.708,0.674,0.7066,1438067858
2023-08-02,0.7067,0.7079,0.6761,0.6847,1132335650
2023-08-03,0.6846,0.6873,0.6531,0.6626,1414576525
2023-08-04,0.6625,0.6676,0.6265,0.6349,1342066974
2023-08-05,0.6347,0.6348,0.61,0.6285,1142144189
2023-08-06,0.6288,0.6383,0.6204,0.6229,849060664
2023-08-07,0.6232,0.6287,0.599,0.623,1417493753
2023-08-08,0.623,0.648,0.6133,0.6418,1296031585
2023-08-09,0.6417,0.6661,0.6307,0.6431,1659437400
2023-08-10,0.6429,0.6442,0.6237,0.6324,1159039975
2023-08-11,0.6323,0.6402,0.6251,0.6309,885715586
2023-08-12,0.631,0.6327,0.6228,0.6272,519563800
2023-08-13,0.6272,0.6381,0.6231,0.6251,635297148
2023-08-14,0.625,0.6364,0.6236,0.6336,939329129
2023-08-15,0.6338,0.6343,0.59,0.6097,1230727429
2023-08-16,0.6097,0.6159,0.575,0.5883,1688583741
2023-08-17,0.5885,0.5942,0.444,0.5067,2425926882
2023-08-18,0.5064,0.5231,0.483,0.5062,2169285316
2023-08-19,0.5062,0.5245,0.5005,0.5199,1038954380
2023-08-20,0.52,0.5581,0.5159,0.5383,1471670949
2023-08-21,0.5384,0.5398,0.5025,0.5245,1445315789
2023-08-22,0.5244,0.5253,0.5034,0.5208,1227160129
2023-08-23,0.5208,0.5364,0.5156,0.5303,1007927236
2023-08-24,0.5302,0.5319,0.511,0.5183,881617931
2023-08-25,0.5183,0.5313,0.5074,0.5256,1067427241
2023-08-26,0.5256,0.5279,0.5175,0.523,541153725
2023-08-27,0.5228,0.5299,0.5177,0.5234,584757090
2023-08-28,0.5234,0.5245,0.51,0.5227,842593344
2023-08-29,0.5228,0.5498,0.5126,0.5398,1468584828
2023-08-30,0.5397,0.5405,0.5216,0.5284,967541032
2023-08-31,0.5283,0.5287,0.4961,0.511,1074749312
2023-09-01,0.5109,0.5116,0.4865,0.4979,1097204087
2023-09-02,0.4979,0.5027,0.4942,0.4989,661651382
2023-09-03,0.4991,0.5107,0.4972,0.5047,622598422
2023-09-04,0.5046,0.5125,0.4965,0.5085,843268290
2023-09-05,0.5085,0.5085,0.4988,0.5054,750823613
2023-09-06,0.5055,0.5057,0.4909,0.5029,773743079
2023-09-07,0.5029,0.5066,0.4962,0.5049,699614463
2023-09-08,0.5048,0.5074,0.4942,0.5049,709453301
2023-09-09,0.5048,0.5049,0.5012,0.5039,359744792
2023-09-10,0.5038,0.5039,0.4924,0.4968,506251985
2023-09-11,0.4968,0.498,0.4595,0.4743,1280910602
2023-09-12,0.4743,0.4867,0.4699,0.4803,1026076357
2023-09-13,0.4804,0.4895,0.4724,0.4834,899389429
2023-09-14,0.4833,0.4941,0.4799,0.4892,783751989
2023-09-15,0.4892,0.5085,0.4876,0.5006,951792585
2023-09-16,0.5005,0.5035,0.4972,0.4999,517370943
2023-09-17,0.5,0.5006,0.4898,0.4927,500486648
2023-09-18,0.4927,0.5075,0.4869,0.5032,955363038
2023-09-19,0.5032,0.5167,0.5006,0.5141,981191150
2023-09-20,0.5141,0.5256,0.5068,0.5213,1081193591
2023-09-21,0.5215,0.5215,0.5,0.5073,1120291947
2023-09-22,0.5071,0.5169,0.5039,0.5122,712954688
2023-09-23,0.5123,0.5137,0.5056,0.5077,382427235
2023-09-24,0.5077,0.5117,0.4992,0.502,404611925
2023-09-25,0.502,0.5071,0.4912,0.5054,852958013
2023-09-26,0.5053,0.5072,0.4963,0.5016,782380755
2023-09-27,0.5016,0.5067,0.4965,0.4989,748882159
2023-09-28,0.4988,0.51,0.4947,0.5098,786510398
2023-09-29,0.5099,0.5494,0.506,0.5214,1721538761
2023-09-30,0.5213,0.5216,0.5134,0.5151,544604664
2023-10-01,0.5151,0.526,0.5138,0.524,549430554
2023-10-02,0.5241,0.5266,0.507,0.5123,946645872
2023-10-03,0.5124,0.5489,0.5056,0.5391,1206543606
2023-10-04,0.5391,0.5427,0.5196,0.5328,1467518350
2023-10-05,0.5328,0.5328,0.5159,0.523,823945282
2023-10-06,0.5229,0.5299,0.517,0.5257,684500790
2023-10-07,0.5257,0.5261,0.5201,0.5219,321512118
2023-10-08,0.5219,0.5238,0.5156,0.5177,356449311
2023-10-09,0.5177,0.5204,0.488,0.5029,989847649
2023-10-10,0.503,0.503,0.4919,0.4964,670612869
2023-10-11,0.4963,0.4976,0.4788,0.4888,794253917
2023-10-12,0.4888,0.4888,0.4733,0.483,812745907
2023-10-13,0.4828,0.4905,0.4784,0.4851,696915013
2023-10-14,0.4851,0.4883,0.4835,0.4867,357321203
2023-10-15,0.4867,0.4904,0.4851,0.4874,385469444
2023-10-16,0.4875,0.5109,0.4848,0.4978,1082594336
2023-10-17,0.4978,0.4983,0.4844,0.4913,773438395
2023-10-18,0.4912,0.4925,0.4861,0.488,734621817
2023-10-19,0.488,0.5252,0.4773,0.5201,1385006018
2023-10-20,0.5201,0.5317,0.5086,0.515,1369774008
2023-10-21,0.515,0.5329,0.5112,0.5211,656496071
2023-10-22,0.5212,0.5243,0.512,0.5229,556378450
2023-10-23,0.5228,0.554,0.52,0.5479,1699115599
2023-10-24,0.5479,0.587,0.5358,0.5591,2705905445
2023-10-25,0.5588,0.5641,0.5404,0.5556,1396455738
2023-10-26,0.5555,0.5695,0.5429,0.5536,1401251370
2023-10-27,0.5534,0.5588,0.5354,0.5431,1048891335
2023-10-28,0.5432,0.5506,0.5405,0.5449,566792583
2023-10-29,0.5448,0.5616,0.5407,0.5564,655356620
2023-10-30,0.5565,0.5842,0.5497,0.5785,1527609944
2023-10-31,0.5785,0.6224,0.563,0.5999,2218043567
2023-11-01,0.5998,0.617,0.5802,0.6091,1779920317
2023-11-02,0.609,0.6264,0.5867,0.6053,1826715430
2023-11-03,0.6055,0.6154,0.5915,0.6124,1403532406
2023-11-04,0.6124,0.6183,0.609,0.6154,811373229
2023-11-05,0.6154,0.6633,0.6144,0.6614,1923304412
2023-11-06,0.6614,0.7333,0.6591,0.7149,3293503683
2023-11-07,0.7147,0.7156,0.6478,0.6855,2813667010
2023-11-08,0.6852,0.6993,0.6727,0.6873,1770450557
2023-11-09,0.6871,0.7073,0.6238,0.6668,3292007279
2023-11-10,0.667,0.671,0.6362,0.6596,2009821437
2023-11-11,0.6598,0.6877,0.6405,0.6628,1754960201
2023-11-12,0.6629,0.6711,0.6461,0.6616,988542527
2023-11-13,0.6617,0.7471,0.6389,0.6702,3089036403
2023-11-14,0.6701,0.6727,0.5939,0.6295,2298949026
2023-11-15,0.6296,0.6507,0.6052,0.6484,1441133011
2023-11-16,0.6483,0.6532,0.5977,0.6119,1756409884
2023-11-17,0.612,0.6244,0.5861,0.6135,1462505199
2023-11-18,0.6134,0.6148,0.5895,0.6111,836754904
2023-11-19,0.6109,0.629,0.6017,0.6272,960738459
2023-11-20,0.6273,0.6286,0.607,0.6126,1151372006
2023-11-21,0.6126,0.618,0.5734,0.5788,1664786743
2023-11-22,0.579,0.6166,0.5778,0.6116,1332443782
2023-11-23,0.6117,0.624,0.606,0.6208,1233580691
2023-11-24,0.6211,0.6258,0.6156,0.6216,1220784875
2023-11-25,0.6216,0.6241,0.6161,0.623,604505841
2023-11-26,0.6231,0.638,0.607,0.616,1126158902
2023-11-27,0.6162,0.617,0.5939,0.6039,1209304147
2023-11-28,0.6041,0.6142,0.5958,0.6109,1079777511
2023-11-29,0.6108,0.618,0.604,0.6092,1007163957
2023-11-30,0.6091,0.6099,0.5981,0.6065,980182657
2023-12-01,0.6065,0.6145,0.6031,0.6129,919121548
2023-12-02,0.6128,0.6232,0.6113,0.621,667809511
2023-12-03,0.6211,0.6345,0.6172,0.6233,993447972
2023-12-04,0.6233,0.645,0.585,0.6245,1947607222
2023-12-05,0.6244,0.6305,0.6076,0.6212,1452525777
2023-12-06,0.6212,0.6439,0.6104,0.6401,2038373923
2023-12-07,0.64,0.6546,0.6218,0.6434,1839789008
2023-12-08,0.6435,0.6759,0.6375,0.6723,1892803940
2023-12-09,0.6724,0.7008,0.652,0.6585,2229504514
2023-12-10,0.6586,0.6715,0.6469,0.6616,1170952363
2023-12-11,0.6616,0.6629,0.6,0.6185,2252797875
2023-12-12,0.6185,0.6261,0.606,0.6189,1458882180
2023-12-13,0.6191,0.6351,0.5933,0.6276,1557123843
2023-12-14,0.6281,0.6384,0.6051,0.6318,1428433767
2023-12-15,0.6317,0.6444,0.6121,0.6156,1392239590
2023-12-16,0.6155,0.6254,0.61,0.62,770529288
2023-12-17,0.6198,0.623,0.608,0.6098,832504145
2023-12-18,0.6098,0.6144,0.5785,0.6125,1674969771
2023-12-19,0.6126,0.6166,0.5967,0.6044,1137147807
2023-12-20,0.6045,0.6266,0.6008,0.617,1344408213
2023-12-21,0.617,0.625,0.6103,0.6241,1149787445
2023-12-22,0.6242,0.6317,0.6156,0.6249,1374123624
2023-12-23,0.6249,0.6254,0.611,0.6199,774484009
2023-12-24,0.6198,0.6299,0.6049,0.6127,1178583398
2023-12-25,0.6127,0.6489,0.6086,0.6463,1781837085
2023-12-26,0.6462,0.647,0.6,0.622,1622454757
2023-12-27,0.6218,0.6427,0.6128,0.6348,1432931897
2023-12-28,0.6347,0.6584,0.6247,0.635,1864381371
2023-12-29,0.635,0.6367,0.6122,0.623,1324305215
2023-12-30,0.6228,0.6297,0.6159,0.6206,718565033
2023-12-31,0.6206,0.6283,0.6078,0.6154,710033547
2024-01-01,0.6154,0.6312,0.6083,0.6299,729315153
2024-01-02,0.6298,0.641,0.6216,0.6247,1326197378
2024-01-03,0.6248,0.6397,0.4869,0.5826,3406740412
2024-01-04,0.5826,0.5947,0.5699,0.5874,1452005657
2024-01-05,0.5876,0.5893,0.5524,0.5763,1509144162
2024-01-06,0.5764,0.5764,0.5573,0.5684,820534691
2024-01-07,0.5682,0.5733,0.5462,0.5515,901525412
2024-01-08,0.5515,0.5824,0.5446,0.5782,2011066819
2024-01-09,0.5782,0.5793,0.5535,0.567,1740178857
2024-01-10,0.567,0.6149,0.5491,0.6006,2223452643
2024-01-11,0.6009,0.6241,0.5857,0.6019,2112917472
2024-01-12,0.6019,0.6035,0.5545,0.5697,1716194372
2024-01-13,0.5697,0.5775,0.5629,0.5746,718059698
2024-01-14,0.5745,0.5927,0.5714,0.5758,841667731
2024-01-15,0.5761,0.5892,0.5684,0.5752,993534380
2024-01-16,0.5754,0.5798,0.5657,0.5755,924543394
2024-01-17,0.5757,0.5762,0.5606,0.568,901923640
2024-01-18,0.568,0.5684,0.5423,0.5516,1057710374
2024-01-19,0.5517,0.5533,0.5213,0.5438,1330077736
2024-01-20,0.5438,0.5548,0.5386,0.5531,725888847
2024-01-21,0.553,0.5549,0.545,0.5462,494271879
2024-01-22,0.546,0.5493,0.5168,0.527,1151736625
2024-01-23,0.5269,0.5313,0.4957,0.5179,1414753278
2024-01-24,0.5179,0.5191,0.5105,0.518,880367820
2024-01-25,0.5181,0.5182,0.5035,0.5136,825132968
2024-01-26,0.5136,0.5368,0.5081,0.5321,1021918092
2024-01-27,0.5321,0.5347,0.5262,0.5303,471931644
2024-01-28,0.5305,0.5355,0.5208,0.5241,523517403
2024-01-29,0.524,0.5399,0.5192,0.5351,901992026
2024-01-30,0.5351,0.5392,0.5078,0.5109,1673319214
2024-01-31,0.5107,0.5143,0.4853,0.5029,1339066820
2024-02-01,0.5028,0.5105,0.4896,0.5058,1004296109
2024-02-02,0.5058,0.5139,0.4985,0.5103,927836205
2024-02-03,0.5104,0.5268,0.505,0.5186,861729960
2024-02-04,0.5186,0.519,0.5001,0.5028,538479551
2024-02-05,0.5028,0.5136,0.4966,0.5062,831962506
2024-02-06,0.5062,0.5109,0.498,0.505,767495086
2024-02-07,0.5049,0.5155,0.499,0.5138,895523747
2024-02-08,0.5137,0.5193,0.5101,0.5148,902244431
2024-02-09,0.5147,0.5286,0.5141,0.5264,1032596975
2024-02-10,0.5264,0.5284,0.519,0.5241,578419105
2024-02-11,0.5242,0.5362,0.5218,0.5263,715511550
2024-02-12,0.5263,0.5382,0.5144,0.5318,1028191903
2024-02-13,0.5319,0.5341,0.5143,0.5248,1023754839
2024-02-14,0.525,0.5424,0.5206,0.5384,1156449389
2024-02-15,0.5384,0.5794,0.5376,0.5627,1877470522
2024-02-16,0.5628,0.5796,0.5527,0.5647,1505352932
2024-02-17,0.5644,0.5659,0.5395,0.5498,911234746
2024-02-18,0.5498,0.5627,0.5472,0.5574,689299497
2024-02-19,0.5572,0.5681,0.5536,0.5629,1108245167
2024-02-20,0.5628,0.5752,0.5451,0.5624,1777533547
2024-02-21,0.5624,0.5631,0.5329,0.5492,1336498049
2024-02-22,0.5491,0.5516,0.5362,0.5408,1169167859
2024-02-23,0.5409,0.5434,0.5253,0.5341,1098846027
2024-02-24,0.534,0.5479,0.5313,0.545,706533507
2024-02-25,0.5449,0.5488,0.5415,0.5426,702442509
2024-02-26,0.5427,0.5532,0.5287,0.551,1154518101
2024-02-27,0.551,0.5975,0.548,0.5865,2360919082
2024-02-28,0.5865,0.6069,0.528,0.5758,3080912384
2024-02-29,0.5757,0.6262,0.568,0.5872,3647028817
2024-03-01,0.5873,0.604,0.5831,0.6017,1739419651
2024-03-02,0.6018,0.6518,0.6,0.6448,2956033334
2024-03-03,0.6447,0.645,0.5867,0.627,2060336711
2024-03-04,0.627,0.6659,0.6167,0.6488,3629204334
2024-03-05,0.6486,0.6699,0.5364,0.5921,5014326043
2024-03-06,0.5922,0.6242,0.576,0.612,2755184860
2024-03-07,0.6125,0.6403,0.6066,0.6282,2529220366
2024-03-08,0.6282,0.6348,0.6014,0.6211,2164877115
2024-03-09,0.6213,0.6339,0.6174,0.6211,1571098762
2024-03-10,0.6212,0.6289,0.5975,0.6085,1510773123
2024-03-11,0.6085,0.785,0.5832,0.7229,6790039283
2024-03-12,0.7229,0.7332,0.6586,0.6882,4163275980
2024-03-13,0.6882,0.7029,0.6692,0.6897,2398788495
2024-03-14,0.6896,0.708,0.6379,0.6689,3428582152
2024-03-15,0.6688,0.6754,0.5951,0.6345,3656774483
2024-03-16,0.6344,0.6475,0.5926,0.6025,2237388470
2024-03-17,0.6026,0.6247,0.5865,0.6188,1826991062
2024-03-18,0.6187,0.6699,0.5944,0.6454,2767146303
2024-03-19,0.6452,0.649,0.5713,0.5844,3571952543
2024-03-20,0.5844,0.6188,0.5683,0.6108,2741181693
2024-03-21,0.6109,0.655,0.5974,0.6403,2809003717
2024-03-22,0.6403,0.6453,0.5986,0.6117,2053036282
2024-03-23,0.6115,0.6331,0.6034,0.6166,1160450696
2024-03-24,0.6168,0.6357,0.6136,0.6325,1230486578
2024-03-25,0.6326,0.663,0.6267,0.6406,2044948880
2024-03-26,0.6405,0.6531,0.6254,0.6318,1799059517
2024-03-27,0.6317,0.6348,0.6057,0.6116,1989187555
2024-03-28,0.6115,0.6379,0.6029,0.6246,1783253508
2024-03-29,0.6244,0.6453,0.6088,0.6305,1874392966
2024-03-30,0.6303,0.6373,0.618,0.6216,1042947263
2024-03-31,0.6215,0.6301,0.6207,0.6291,756039151
2024-04-01,0.6292,0.6337,0.5945,0.6111,1772433656
2024-04-02,0.6112,0.6186,0.5791,0.5856,2172750437
2024-04-03,0.5856,0.5933,0.5662,0.5744,1649286699
2024-04-04,0.5744,0.62,0.5623,0.5937,2190487090
2024-04-05,0.5937,0.5943,0.5689,0.5872,1534570775
2024-04-06,0.5873,0.599,0.5856,0.5931,871610029
2024-04-07,0.5931,0.6031,0.5895,0.5945,924956309
2024-04-08,0.5945,0.6265,0.5883,0.6147,2016910258
2024-04-09,0.6147,0.6429,0.6015,0.6137,2423935496
2024-04-10,0.6138,0.6204,0.592,0.6171,2345474173
2024-04-11,0.6172,0.6214,0.603,0.6086,1218887360
2024-04-12,0.6085,0.6158,0.5001,0.5474,2872824835
2024-04-13,0.5474,0.5492,0.4315,0.4801,3957442555
2024-04-14,0.4801,0.5076,0.4641,0.5039,2824792033
2024-04-15,0.504,0.5194,0.4814,0.4979,2356318423
2024-04-16,0.4978,0.5023,0.476,0.4968,1913160798
2024-04-17,0.4966,0.528,0.4718,0.4952,1791966493
2024-04-18,0.4952,0.5065,0.4856,0.503,1420648263
2024-04-19,0.503,0.511,0.4669,0.5033,2145715371
2024-04-20,0.5031,0.5306,0.4983,0.5291,1237297114
2024-04-21,0.5291,0.5369,0.5179,0.5246,896875433
2024-04-22,0.5247,0.572,0.5222,0.5561,1671344072
2024-04-23,0.5562,0.5645,0.5419,0.5445,1351313210
2024-04-24,0.5445,0.5519,0.521,0.5273,1534036870
2024-04-25,0.5272,0.5326,0.5135,0.5252,1286617507
2024-04-26,0.5254,0.5361,0.5142,0.5258,1158982887
2024-04-27,0.5258,0.5264,0.5077,0.5177,753955067
2024-04-28,0.5176,0.5249,0.5084,0.5104,580872466
2024-04-29,0.5104,0.5174,0.4986,0.5148,1143210748
2024-04-30,0.515,0.5197,0.4878,0.5003,1347490379
2024-05-01,0.5002,0.5209,0.478,0.5169,1720060134
2024-05-02,0.5167,0.5247,0.5062,0.5181,1118497654
2024-05-03,0.5181,0.537,0.5146,0.5319,1138445190
2024-05-04,0.5319,0.5411,0.5275,0.5303,686389982
2024-05-05,0.5303,0.5334,0.5241,0.5297,535784827
2024-05-06,0.5297,0.57,0.5248,0.5403,1774389100
2024-05-07,0.5401,0.5443,0.5217,0.5245,1132990207
2024-05-08,0.5244,0.5297,0.5151,0.5168,1122168971
2024-05-09,0.5169,0.5235,0.5086,0.5208,978009518
2024-05-10,0.5209,0.5209,0.497,0.5022,1100350623
2024-05-11,0.5021,0.5076,0.5004,0.5059,447992708
2024-05-12,0.5059,0.5086,0.4956,0.4991,397026846
2024-05-13,0.4993,0.5119,0.4866,0.5052,991525778
2024-05-14,0.5052,0.516,0.497,0.4999,1077455413
2024-05-15,0.5001,0.52,0.4964,0.5192,1118098628
2024-05-16,0.5192,0.5226,0.5123,0.5159,1152212983
2024-05-17,0.5159,0.5294,0.5134,0.5237,1015239692
2024-05-18,0.5238,0.5258,0.5189,0.5213,496850725
2024-05-19,0.5213,0.5237,0.5064,0.5096,562911149
2024-05-20,0.5096,0.5381,0.5062,0.5378,1401702874
2024-05-21,0.5378,0.5571,0.5317,0.5369,1977024521
2024-05-22,0.5369,0.5381,0.5224,0.5266,1205640257
2024-05-23,0.5267,0.5483,0.5026,0.5286,2188558788
2024-05-24,0.5285,0.5372,0.5166,0.5359,1232280845
2024-05-25,0.5359,0.5425,0.5331,0.5416,652679509
2024-05-26,0.5416,0.5419,0.5251,0.528,579619779
2024-05-27,0.5281,0.5405,0.5232,0.5338,1013292526
2024-05-28,0.5335,0.535,0.5208,0.5282,1141481357
2024-05-29,0.5282,0.5327,0.5195,0.523,1184420624
2024-05-30,0.523,0.5278,0.5124,0.5186,1329469469
2024-05-31,0.5185,0.5255,0.5115,0.5171,1220311836
2024-06-01,0.5171,0.5214,0.5168,0.5184,559721132
2024-06-02,0.5184,0.5205,0.5079,0.5133,738754247
2024-06-03,0.5133,0.5229,0.5115,0.5198,1098641926
2024-06-04,0.5198,0.5304,0.5182,0.5258,1165207605
2024-06-05,0.5258,0.5331,0.5239,0.526,1154026310
2024-06-06,0.526,0.5279,0.5163,0.5214,1194300808
2024-06-07,0.5213,0.5277,0.4543,0.4988,2462659926
2024-06-08,0.4988,0.5007,0.4898,0.4927,825177679
2024-06-09,0.4926,0.4994,0.4909,0.4987,635952948
2024-06-10,0.4986,0.5059,0.4932,0.4967,1117710952
2024-06-11,0.4967,0.5021,0.4709,0.4803,1517249424
2024-06-12,0.4803,0.4981,0.474,0.4916,1255729794
2024-06-13,0.4916,0.4916,0.4754,0.4766,1048059804
2024-06-14,0.4767,0.4811,0.4601,0.4744,1220484176
2024-06-15,0.4743,0.5049,0.4737,0.4905,770448137
2024-06-16,0.4905,0.4993,0.4875,0.4889,692035447
2024-06-17,0.489,0.5209,0.4837,0.5046,2028523218
2024-06-18,0.5045,0.5566,0.4703,0.4908,2024283447
2024-06-19,0.4908,0.4994,0.4867,0.4932,1001252678
2024-06-20,0.4932,0.5021,0.488,0.4885,1106889108
2024-06-21,0.4884,0.4954,0.4793,0.4888,1131886818
2024-06-22,0.4887,0.4895,0.478,0.4865,455648980
2024-06-23,0.4865,0.489,0.4743,0.4795,500633866
2024-06-24,0.4796,0.4821,0.4616,0.4737,1322556294
2024-06-25,0.4738,0.4799,0.4728,0.4758,856021183
2024-06-26,0.4757,0.4781,0.4651,0.4694,886063357
2024-06-27,0.4694,0.4766,0.4653,0.4747,840598295
2024-06-28,0.4746,0.4804,0.4685,0.4708,937124567
2024-06-29,0.4708,0.4761,0.4707,0.4718,402714114
2024-06-30,0.4719,0.4776,0.4694,0.4753,465426276
2024-07-01,0.4753,0.4843,0.4747,0.4765,813551774
2024-07-02,0.4765,0.4882,0.4754,0.4848,844534843
2024-07-03,0.4847,0.4861,0.4607,0.4667,1275422799
2024-07-04,0.4668,0.4694,0.431,0.4329,1521233429
2024-07-05,0.4329,0.4334,0.3827,0.4252,2152542241
2024-07-06,0.4252,0.4498,0.4236,0.449,723560145
2024-07-07,0.449,0.4492,0.4182,0.4195,758268409
2024-07-08,0.4195,0.4438,0.4032,0.4316,1537507458
2024-07-09,0.4316,0.4381,0.4269,0.4359,986003310
2024-07-10,0.4358,0.4425,0.4312,0.4387,967522144
2024-07-11,0.4387,0.4544,0.4364,0.4491,1102016670
2024-07-12,0.4491,0.478,0.4445,0.4747,1596389224
2024-07-13,0.4747,0.5662,0.4739,0.5259,2857057880
2024-07-14,0.5257,0.5401,0.5139,0.5204,1570275472
2024-07-15,0.5205,0.5404,0.5205,0.5375,1760362204
2024-07-16,0.5374,0.5946,0.5326,0.5795,3380662320
2024-07-17,0.5796,0.6378,0.5786,0.6261,3708255186
2024-07-18,0.626,0.637,0.5571,0.5696,2986711547
2024-07-19,0.5696,0.5869,0.5402,0.5736,2340175055
2024-07-20,0.5736,0.6049,0.5705,0.5941,1538358691
2024-07-21,0.594,0.6081,0.5722,0.5987,1489477305
2024-07-22,0.5985,0.6252,0.5855,0.6084,2052124201
2024-07-23,0.6084,0.62,0.5801,0.5979,1657693155
2024-07-24,0.5976,0.6331,0.5914,0.6182,1933084899
2024-07-25,0.618,0.6257,0.5836,0.5995,2306853709
2024-07-26,0.5994,0.6093,0.5858,0.6035,1385845116
2024-07-27,0.6035,0.6095,0.5825,0.5959,1007994247
2024-07-28,0.5954,0.6146,0.5913,0.6014,916029262
2024-07-29,0.6013,0.6123,0.5906,0.6017,1178431461
2024-07-30,0.6017,0.6375,0.5953,0.6275,2197505659
2024-07-31,0.6277,0.6587,0.6214,0.623,2419022403
2024-08-01,0.6229,0.6303,0.5673,0.5961,1990603913
2024-08-02,0.5962,0.5965,0.546,0.56,1884164485
2024-08-03,0.56,0.5772,0.5403,0.5555,1325726393
2024-08-04,0.5557,0.5588,0.5132,0.5229,1209933394
2024-08-05,0.5226,0.5256,0.4318,0.4891,4193893853
2024-08-06,0.4892,0.5192,0.4879,0.5063,1747524592
2024-08-07,0.5063,0.6459,0.4923,0.6005,4286385926
2024-08-08,0.6004,0.6427,0.5786,0.6167,3502679662
2024-08-09,0.6169,0.6248,0.5675,0.5809,2024450473
2024-08-10,0.5809,0.6023,0.5783,0.5842,1202704291
2024-08-11,0.5842,0.5938,0.5453,0.5531,1479740403
2024-08-12,0.5529,0.5803,0.5499,0.5684,1479740403
2024-08-13,0.5685,0.5837,0.5625,0.5772,1245896255
2024-08-14,0.5772,0.583,0.5622,0.5689,1163264081
2024-08-15,0.5688,0.5775,0.5506,0.561,1163264081
2024-08-16,0.561,0.5717,0.5535,0.564,1021214646
2024-08-17,0.5639,0.5711,0.5612,0.5666,633645481
2024-08-18,0.5667,0.5851,0.5628,0.563,1592288724
2024-08-19,0.5634,0.609,0.561,0.5988,1592288724
2024-08-20,0.5988,0.6151,0.5878,0.5938,1275196279
2024-08-21,0.5938,0.6057,0.5853,0.6002,1185128571
2024-08-22,0.6003,0.6045,0.5923,0.5979,1254262512
2024-08-23,0.5978,0.6162,0.5911,0.6115,1254262512
2024-08-24,0.6115,0.6313,0.6048,0.613,1402676260
2024-08-25,0.6128,0.6143,0.5956,0.6003,1118813356
2024-08-26,0.6002,0.6024,0.5787,0.5876,1420370240
2024-08-27,0.5876,0.6005,0.551,0.5669,1420370240
2024-08-28,0.5669,0.5845,0.556,0.5695,1898432635
2024-08-29,0.5695,0.5774,0.5575,0.5621,1103086708
2024-08-30,0.562,0.568,0.5461,0.5667,1261468878
2024-08-31,0.5668,0.5722,0.5623,0.5663,681339684
2024-09-01,0.5663,0.5667,0.5436,0.5473,833537275
2024-09-02,0.5471,0.5688,0.5444,0.5677,987759387
2024-09-03,0.5677,0.5739,0.5559,0.5573,1106776733
2024-09-04,0.5571,0.5662,0.532,0.5581,1303276067
2024-09-05,0.5581,0.5598,0.5398,0.5443,1511246618
2024-09-06,0.5443,0.5471,0.5024,0.5211,1521986549
2024-09-07,0.521,0.533,0.5193,0.5249,811092895
2024-09-08,0.5249,0.5315,0.5206,0.5295,829101046
2024-09-09,0.5294,0.5448,0.5268,0.5395,885074468
2024-09-10,0.5396,0.5429,0.533,0.5408,894903276
2024-09-11,0.5408,0.5414,0.523,0.5348,1649796650
2024-09-12,0.5348,0.5882,0.5335,0.5627,1910150182
2024-09-13,0.5626,0.5748,0.5556,0.5732,1273096451
2024-09-14,0.5731,0.5994,0.5679,0.5959,1163728418
2024-09-15,0.5959,0.596,0.5687,0.5706,817937856
2024-09-16,0.5707,0.5915,0.559,0.5866,1369153201
2024-09-17,0.5866,0.5936,0.5789,0.584,1105373794
2024-09-18,0.584,0.5859,0.562,0.5854,1281361081
2024-09-19,0.5854,0.5947,0.5808,0.5872,1455485990
2024-09-20,0.5871,0.6015,0.5758,0.5852,1316985667
2024-09-21,0.5852,0.6128,0.58,0.5977,1014343912
2024-09-22,0.5978,0.6052,0.5782,0.5877,886494819
2024-09-23,0.5876,0.5963,0.5786,0.5849,1251101125
2024-09-24,0.5848,0.5931,0.5813,0.5912,1155317937
2024-09-25,0.5913,0.5958,0.5812,0.5827,1217345635
2024-09-26,0.5827,0.5966,0.5734,0.5907,1444921708
2024-09-27,0.5907,0.5973,0.5827,0.5889,1402703038
2024-09-28,0.5889,0.6263,0.5857,0.6139,2698860025
2024-09-29,0.614,0.6655,0.6076,0.6413,2614876392
2024-09-30,0.6414,0.6548,0.6082,0.6113,2671185820
2024-10-01,0.6113,0.6341,0.5777,0.5968,2724318278
2024-10-02,0.5968,0.6066,0.5254,0.5381,2979528942
2024-10-03,0.538,0.545,0.507,0.5222,3449350592
2024-10-04,0.5221,0.5396,0.515,0.5341,1793107739
2024-10-05,0.5342,0.5356,0.5261,0.5297,831253242
2024-10-06,0.5298,0.5374,0.5279,0.5339,692840098
2024-10-07,0.5338,0.5458,0.5281,0.5285,1384367840
2024-10-08,0.5285,0.5355,0.5209,0.5309,1049939969
2024-10-09,0.5309,0.5348,0.5207,0.5241,972846460
2024-10-10,0.5241,0.5443,0.522,0.5302,1586342639
2024-10-11,0.5302,0.5419,0.5292,0.5385,1231119600
2024-10-12,0.5387,0.5432,0.5351,0.5392,671868378
2024-10-13,0.5392,0.5395,0.525,0.5318,615540884
2024-10-14,0.5318,0.5523,0.528,0.5483,1208468120
2024-10-15,0.5483,0.5555,0.5315,0.5417,1430114949
2024-10-16,0.5417,0.554,0.5373,0.5482,1311286826
2024-10-17,0.5483,0.5664,0.5417,0.544,1750109763
2024-10-18,0.544,0.5528,0.5395,0.5467,1164161082
2024-10-19,0.5467,0.5499,0.5407,0.5439,636333062
2024-10-20,0.544,0.5487,0.5366,0.5481,692297811
2024-10-21,0.5481,0.5604,0.5405,0.5446,1511991501
2024-10-22,0.5448,0.5493,0.5288,0.5337,1247753442
2024-10-23,0.5335,0.5338,0.5111,0.5254,1326774424
2024-10-24,0.5253,0.5336,0.5236,0.5318,1165433694
2024-10-25,0.5318,0.532,0.4861,0.5012,1357198783
2024-10-26,0.5013,0.5146,0.498,0.5129,1201063629
2024-10-27,0.5128,0.5177,0.5102,0.5163,558157574
2024-10-28,0.5163,0.5212,0.5108,0.5192,840345075
2024-10-29,0.5191,0.531,0.5181,0.5284,1292974562
2024-10-30,0.5284,0.5284,0.5187,0.5227,1028451518
2024-10-31,0.5229,0.5236,0.5027,0.5088,1134724707
2024-11-01,0.5088,0.5239,0.5019,0.5128,1417204990
2024-11-02,0.5128,0.5159,0.5061,0.5104,572850624
2024-11-03,0.5104,0.511,0.4916,0.5029,940842891
2024-11-04,0.5029,0.5142,0.4955,0.5032,1025432948
2024-11-05,0.5032,0.5185,0.5016,0.5141,1246588858
2024-11-06,0.5142,0.5474,0.5133,0.5426,2387268779
2024-11-07,0.5425,0.58,0.5381,0.5562,2352966679
2024-11-08,0.5562,0.5605,0.5418,0.5541,1687741655
2024-11-09,0.5541,0.5622,0.5437,0.5596,1376518909
2024-11-10,0.5596,0.619,0.5557,0.5888,4539595659
2024-11-11,0.5889,0.6344,0.5707,0.6217,4066959667
2024-11-12,0.6217,0.745,0.5977,0.7054,11599135913
2024-11-13,0.7056,0.7496,0.6416,0.6908,9884879800
2024-11-14,0.6908,0.8597,0.6832,0.7738,9458526339
2024-11-15,0.7737,0.9277,0.7704,0.8929,15359037102
2024-11-16,0.8928,1.3,0.8784,1.1213,25349453134
2024-11-17,1.1213,1.1619,1.0031,1.0544,23172651988
2024-11-18,1.0547,1.1875,1.0546,1.1146,10881010731
2024-11-19,1.1148,1.1485,1.0687,1.1018,6590915787
2024-11-20,1.1019,1.151,1.0577,1.105,7320545493
2024-11-21,1.1053,1.2648,1.0796,1.2487,10451562188
2024-11-22,1.2481,1.5027,1.2473,1.4746,21000577046
2024-11-23,1.4746,1.6362,1.4216,1.4705,16408553051
2024-11-24,1.4704,1.5147,1.2734,1.4351,11863424377
2024-11-25,1.4353,1.541,1.3567,1.4144,12530710890
2024-11-26,1.4143,1.4595,1.2825,1.3979,12433185370
2024-11-27,1.3979,1.5238,1.3519,1.4713,8252386543
2024-11-28,1.4712,1.5487,1.4312,1.5426,5964519928
2024-11-29,1.5426,1.8169,1.5234,1.8022,15106525775
2024-11-30,1.8021,1.9594,1.7647,1.9528,20552600100
2024-12-01,1.9529,2.3671,1.85,2.2978,18321198113
2024-12-02,2.2966,2.8754,2.21,2.7289,61932093907
2024-12-03,2.729,2.9,2.15,2.5127,44595236864
2024-12-04,2.5128,2.683,2.2833,2.361,42219569685
2024-12-05,2.3611,2.498,2.1645,2.2466,25426078138
2024-12-06,2.2467,2.4699,2.2279,2.4304,13713674240
2024-12-07,2.4303,2.6227,2.3875,2.6121,12359080774
2024-12-08,2.6121,2.6488,2.4867,2.6037,12430846875
2024-12-09,2.6037,2.6098,1.95,2.2129,19372805327
2024-12-10,2.2137,2.4263,1.9,2.373,27643316224
2024-12-11,2.373,2.4724,2.2309,2.3957,20113284967
2024-12-12,2.3957,2.4855,2.3092,2.3388,12754541596
2024-12-13,2.3386,2.4784,2.2846,2.4225,11539856306
2024-12-14,2.4227,2.5321,2.3545,2.4005,8458799492
2024-12-15,2.4007,2.4722,2.3681,2.4465,6502003051
2024-12-16,2.4467,2.588,2.3343,2.4854,13340599201
2024-12-17,2.4856,2.7267,2.4408,2.5676,17585600512
2024-12-18,2.5677,2.5924,2.2469,2.3092,19855585018
2024-12-19,2.3092,2.4304,2.152,2.2376,23810803712
2024-12-20,2.2373,2.3532,1.95,2.2786,26859483136
2024-12-21,2.279,2.3849,2.1911,2.2365,15562646528
2024-12-22,2.237,2.293,2.1571,2.201,11275662705
2024-12-23,2.2008,2.2759,2.1294,2.2592,10354900992
2024-12-24,2.2592,2.3494,2.21,2.3223,6490891776
2024-12-25,2.3223,2.3308,2.26,2.2958,4024322680
2024-12-26,2.296,2.3144,2.1265,2.1537,5466927247
2024-12-27,2.1539,2.2353,2.111,2.1437,5458982912
2024-12-28,2.1437,2.2034,2.1313,2.1806,2826034432
2024-12-29,2.1807,2.1944,2.07,2.0903,3053146362
2024-12-30,2.0906,2.1486,1.9926,2.0553,6842798080
2024-12-31,2.0553,2.1471,2.01,2.0793,5049394688
2025-01-01,2.0795,2.35,2.0765,2.3285,7677226237
2025-01-02,2.3284,2.4476,2.3251,2.4008,9805990230
2025-01-03,2.4005,2.4785,2.3947,2.4538,5804528036
2025-01-04,2.4538,2.5074,2.4001,2.4199,4490633728
2025-01-05,2.4199,2.4283,2.3268,2.399,4352638772
2025-01-06,2.399,2.4599,2.365,2.4212,4613868364
2025-01-07,2.4212,2.4675,2.2561,2.2709,7375576966
2025-01-08,2.2707,2.3999,2.2,2.3727,8537147723
2025-01-09,2.3726,2.395,2.2338,2.2726,6530200576
2025-01-10,2.2728,2.37,2.2462,2.3413,5425509888
2025-01-11,2.3415,2.6013,2.3243,2.576,7962865928
2025-01-12,2.5755,2.5823,2.4688,2.5033,6636388705
2025-01-13,2.5037,2.5627,2.3301,2.5227,10540895915
2025-01-14,2.5225,2.693,2.5118,2.6674,8750204928
2025-01-15,2.6673,3.2,2.6482,3.1428,22195175230
2025-01-16,3.1425,3.4,2.9169,3.2452,28063748096
2025-01-17,3.2451,3.3529,3.175,3.2942,14711808757
2025-01-18,3.2942,3.3149,3.0574,3.2663,11851170238
2025-01-19,3.2663,3.2899,2.8272,2.9565,14986676962
2025-01-20,2.9566,3.365,2.9062,3.1022,24599138304
2025-01-21,3.1022,3.24,3.01,3.1748,11993743391
2025-01-22,3.1748,3.285,3.1314,3.1792,8091948884
2025-01-23,3.1794,3.1858,3.0362,3.12,8600476416
2025-01-24,3.12,3.2048,3.0549,3.1009,6946257408
2025-01-25,3.1009,3.1441,3.0774,3.1073,3553515008
2025-01-26,3.1073,3.1437,3.011,3.0211,3480601702
2025-01-27,3.0212,3.0597,2.6524,3.0547,16020638720
2025-01-28,3.0552,3.2145,3.0031,3.0557,9497347683
2025-01-29,3.0558,3.1413,2.9662,3.0685,7474102272
2025-01-30,3.0681,3.155,3.0466,3.128,4934872576
2025-01-31,3.1281,3.1343,3.0006,3.0353,4672762368
2025-02-01,3.0356,3.0725,2.827,2.878,4886927800
2025-02-02,2.878,2.9554,2.4717,2.5797,15654662798
2025-02-03,2.58,2.7864,1.728,2.7034,38306189312
2025-02-04,2.7033,2.8013,2.4199,2.5283,14154535566
2025-02-05,2.5285,2.5703,2.3407,2.3813,8624225280
2025-02-06,2.3813,2.4709,2.2799,2.3252,7465997824
2025-02-07,2.3251,2.5435,2.2675,2.3975,9288664505
2025-02-08,2.3971,2.4368,2.3511,2.4195,4479640064
2025-02-09,2.4195,2.5104,2.3104,2.3938,4806376236
2025-02-10,2.3936,2.4737,2.3243,2.4241,5546438144
2025-02-11,2.4237,2.5292,2.37,2.4126,5368991525
2025-02-12,2.4122,2.4982,2.3315,2.4738,5462469809
2025-02-13,2.4738,2.6121,2.4145,2.5607,5041669574
2025-02-14,2.5604,2.8373,2.5301,2.739,9638136832
2025-02-15,2.7388,2.8341,2.7128,2.7626,4943975936
2025-02-16,2.7625,2.8055,2.69,2.7288,3431117272
2025-02-17,2.7289,2.7644,2.607,2.66,4889019392
2025-02-18,2.6599,2.6702,2.4687,2.561,5357974219
2025-02-19,2.5615,2.747,2.5113,2.7377,5175151198
2025-02-20,2.7377,2.7485,2.6672,2.6884,4682168832
2025-02-21,2.6884,2.7158,2.5055,2.571,5895816750
2025-02-22,2.571,2.6099,2.5508,2.5739,2811207424
2025-02-23,2.574,2.6021,2.5205,2.5761,2469949788
2025-02-24,2.5759,2.6077,2.235,2.2774,7075894526
2025-02-25,2.2779,2.365,2.063,2.3198,14450357248
2025-02-26,2.3199,2.3292,2.1487,2.1954,7019052544
2025-02-27,2.1955,2.2557,2.1389,2.1967,5089081856
2025-02-28,2.1966,2.2,1.95,2.1448,8601293824
2025-03-01,2.1448,2.2198,2.1207,2.1911,3300928949
2025-03-02,2.1911,3.0,2.1735,2.9398,17441097426
2025-03-03,2.9397,2.9679,2.2961,2.3858,14762927104
2025-03-04,2.3861,2.538,2.2113,2.4537,11854375936
2025-03-05,2.4539,2.54,2.4063,2.4998,6394628096
2025-03-06,2.5,2.6459,2.4707,2.5998,6907451109
2025-03-07,2.5998,2.62,2.3421,2.3843,9796404399
2025-03-08,2.3844,2.4098,2.3012,2.3258,4667564544
2025-03-09,2.3257,2.3505,2.0829,2.138,6156171771
2025-03-10,2.1385,2.2611,1.9909,2.02,8203282944
2025-03-11,2.0213,2.2143,1.89,2.1697,8538173952
2025-03-12,2.17,2.2764,2.1322,2.2393,6510098944
2025-03-13,2.239,2.3472,2.2136,2.2517,5570837343
2025-03-14,2.252,2.3906,2.2361,2.3567,4442679296
2025-03-15,2.3564,2.4754,2.3526,2.3913,3692161280
2025-03-16,2.391,2.4115,2.2671,2.2934,3890457149
2025-03-17,2.2934,2.3788,2.291,2.3375,3547848448
2025-03-18,2.3379,2.3397,2.2176,2.2846,3485953021
2025-03-19,2.2844,2.5939,2.2646,2.5477,9591487009
2025-03-20,2.5479,2.5642,2.3878,2.4345,5569701888
2025-03-21,2.4341,2.4664,2.355,2.38,3514458880
2025-03-22,2.3797,2.4162,2.3588,2.3708,1810066304
2025-03-23,2.3708,2.442,2.365,2.4398,2107624036
2025-03-24,2.4398,2.505,2.4141,2.4501,3301542656
2025-03-25,2.4504,2.48,2.4075,2.4499,2797238272
2025-03-26,2.4498,2.4789,2.3277,2.3494,3341723418
2025-03-27,2.3493,2.3907,2.3,2.3404,2992057344
2025-03-28,2.3406,2.343,2.1519,2.2067,4373544995
2025-03-29,2.2067,2.225,2.0601,2.1343,4025649408
2025-03-30,2.1343,2.215,2.1074,2.1369,2826918737
2025-03-31,2.1369,2.141,2.0234,2.0894,4568953344
2025-04-01,2.089,2.1999,2.0645,2.1389,4066066944
2025-04-02,2.139,2.2352,1.985,2.0235,5687620993
2025-04-03,2.0234,2.0823,1.9595,2.0639,7334849536
2025-04-04,2.0641,2.1604,2.0159,2.1296,5556362240
2025-04-05,2.1295,2.1771,2.113,2.1434,2271087616
2025-04-06,2.1436,2.1586,1.86,1.9208,5158671865
2025-04-07,1.9209,2.0152,1.6106,1.8983,15634424832
2025-04-08,1.8978,1.9753,1.775,1.7949,6468324898
2025-04-09,1.7949,2.09,1.7203,2.0522,9381130206
2025-04-10,2.0523,2.0561,1.9211,1.9646,7379921920
2025-04-11,1.9642,2.0643,1.946,2.0214,4436179456
2025-04-12,2.0213,2.1858,2.0021,2.1595,3429390186
2025-04-13,2.1597,2.2465,2.0789,2.1189,4220100049
2025-04-14,2.119,2.1796,2.1035,2.127,3284127480
2025-04-15,2.1274,2.1853,2.0831,2.0841,3037839872
2025-04-16,2.084,2.1271,2.0356,2.0831,3572242595
2025-04-17,2.0831,2.1144,2.052,2.0673,3572386816
2025-04-18,2.0673,2.0891,2.0436,2.0614,1886497381
2025-04-19,2.0615,2.0974,2.0583,2.0875,1445648293
2025-04-20,2.0872,2.0941,2.0395,2.0784,1844782723
2025-04-21,2.0784,2.141,2.06,2.0853,2746051225
2025-04-22,2.0852,2.25,2.0641,2.2152,4505047894
2025-04-23,2.2152,2.3016,2.1906,2.219,5013426739
2025-04-24,2.219,2.236,2.1184,2.206,4242290432
2025-04-25,2.206,2.2209,2.1643,2.1827,3279550205
2025-04-26,2.1825,2.2492,2.1809,2.1922,2686814976
2025-04-27,2.1923,2.295,2.16,2.2529,3928793174
2025-04-28,2.2528,2.3615,2.2196,2.2957,4354002634
2025-04-29,2.2956,2.3155,2.2215,2.2389,2889426361
2025-04-30,2.2386,2.2598,2.1249,2.1908,3691303521
2025-05-01,2.191,2.2601,2.1869,2.2131,2235595520
2025-05-02,2.213,2.2419,2.1925,2.21,2148434217
2025-05-03,2.21,2.2205,2.1769,2.1877,1456857728
2025-05-04,2.1877,2.2189,2.1514,2.1562,1779000832
2025-05-05,2.1563,2.2,2.1065,2.1303,2518838395
2025-05-06,2.1302,2.1596,2.0775,2.155,2458675034
2025-05-07,2.1549,2.1722,2.1044,2.1268,3868864146
2025-05-08,2.1268,2.3296,2.1178,2.3269,4919820987
2025-05-09,2.3268,2.4288,2.287,2.3441,5991870742
2025-05-10,2.3439,2.4765,2.3357,2.4711,4931124407
2025-05-11,2.4709,2.4837,2.3289,2.368,3965697853
2025-05-12,2.3679,2.6562,2.3513,2.5443,10939446272
2025-05-13,2.5441,2.6069,2.4218,2.5828,6176519868
2025-05-14,2.583,2.65,2.5192,2.5508,4955686643
2025-05-15,2.5509,2.5724,2.3539,2.3859,5398287461
2025-05-16,2.3861,2.4409,2.3474,2.381,3792750565
2025-05-17,2.3806,2.39,2.3,2.3542,3022317383
2025-05-18,2.3542,2.4505,2.3333,2.4286,3258344125
2025-05-19,2.429,2.4412,2.2837,2.3808,3735931351
2025-05-20,2.3809,2.4098,2.3153,2.3569,3735931351
2025-05-21,2.3569,2.4301,2.3319,2.3958,3974219552
2025-05-22,2.3964,2.4555,2.3887,2.4314,3837944483
2025-05-23,2.4314,2.48,2.2848,2.297,4394718207
2025-05-24,2.2969,2.3603,2.2862,2.3313,1507476864
2025-05-25,2.3313,2.345,2.2666,2.343,2117325121
2025-05-26,2.3431,2.36,2.2965,2.3111,2117325121
2025-05-27,2.311,2.3552,2.2682,2.3181,2373797283
2025-05-28,2.318,2.3243,2.2268,2.2749,2493454373
2025-05-29,2.2747,2.315,2.23,2.2445,3209820672
2025-05-30,2.2444,2.2527,2.1307,2.1408,3891788509
2025-05-31,2.1408,2.2082,2.0806,2.1753,2684904446
2025-06-01,2.1752,2.1893,2.1247,2.1806,1795129600
2025-06-02,2.1807,2.2056,2.1369,2.1974,2269680384
2025-06-03,2.1976,2.2843,2.1847,2.2461,2528637429
2025-06-04,2.2459,2.2677,2.1958,2.2021,2010134792
2025-06-05,2.2018,2.2293,2.06,2.0951,3283496875
2025-06-06,2.095,2.1926,2.0823,2.1615,2160226661
2025-06-07,2.1613,2.1922,2.1485,2.178,1225984728
2025-06-08,2.1781,2.2965,2.1678,2.2681,2875351040
2025-06-09,2.2678,2.33,2.2234,2.3217,2915825920
2025-06-10,2.3217,2.3287,2.2605,2.3074,2876210477
2025-06-11,2.3072,2.3385,2.2528,2.2709,3053959936
2025-06-12,2.271,2.2742,2.1714,2.1912,3860755456
2025-06-13,2.191,2.1931,2.0851,2.1484,4448865758
2025-06-14,2.1485,2.1801,2.1101,2.1406,2001104713
2025-06-15,2.1405,2.1769,2.1386,2.1658,1703372800
2025-06-16,2.1658,2.3379,2.1517,2.239,5221512704
2025-06-17,2.2392,2.2581,2.141,2.1598,3965189619
2025-06-18,2.1599,2.1832,2.1187,2.1708,2805392640
2025-06-19,2.171,2.1861,2.1445,2.1649,1758762458
2025-06-20,2.1649,2.1802,2.0862,2.1199,2626675896
2025-06-21,2.12,2.18,2.0,2.0648,2911203072
2025-06-22,2.0647,2.09,1.9093,2.0184,5108058032
2025-06-23,2.0181,2.1732,1.9576,2.1599,4663024640
2025-06-24,2.1599,2.218,2.1327,2.1907,3574001224
2025-06-25,2.1907,2.234,2.1708,2.187,3042625706
2025-06-26,2.187,2.214,2.0956,2.1062,3118647040
2025-06-27,2.1066,2.1561,2.0682,2.1431,3140686336
2025-06-28,2.1432,2.2091,2.1348,2.1864,2047303025
2025-06-29,2.1863,2.22,2.1764,2.2067,1637434112
2025-06-30,2.2067,2.33,2.1646,2.2373,4005710592
2025-07-01,2.2369,2.2542,2.1482,2.1723,3188065836
2025-07-02,2.1722,2.2928,2.1574,2.2342,3869972992
2025-07-03,2.2341,2.3139,2.225,2.2573,3715918884
2025-07-04,2.2574,2.2688,2.1972,2.2211,2085461653
2025-07-05,2.221,2.2359,2.2025,2.2184,1177230720
2025-07-06,2.2184,2.2906,2.2093,2.2714,2600175360
2025-07-07,2.2714,2.3542,2.2555,2.2704,4602310656
2025-07-08,2.2703,2.323,2.2487,2.3114,3096977787
2025-07-09,2.3112,2.4292,2.298,2.4046,5353919488
2025-07-10,2.4047,2.57,2.3942,2.5477,6049788225
2025-07-11,2.5474,2.977,2.5106,2.7334,15789098843
2025-07-12,2.7335,2.8488,2.6633,2.7401,8647115362
2025-07-13,2.7401,2.896,2.7241,2.8373,7159804375
2025-07-14,2.8373,3.0354,2.8218,2.959,12697204736
2025-07-15,2.959,2.9594,2.8032,2.9196,8879749638
2025-07-16,2.9195,3.1023,2.8778,3.0391,8884765458
2025-07-17,3.0394,3.5526,2.9869,3.4846,19109831396
2025-07-18,3.4844,3.6662,3.3443,3.4158,18226483531
2025-07-19,3.4156,3.4875,3.3553,3.4267,6728548741
2025-07-20,3.4267,3.5593,3.387,3.4555,8763366578
2025-07-21,3.456,3.6531,3.41,3.5512,9514968528
2025-07-22,3.5509,3.5807,3.4238,3.5521,8927291368
2025-07-23,3.5523,3.5542,3.05,3.1861,13463451823
2025-07-24,3.1861,3.2682,2.96,3.1468,12401558966
2025-07-25,3.1475,3.1637,3.0,3.1428,8709196636
2025-07-26,3.1428,3.22,3.1076,3.1672,4116974190
2025-07-27,3.1671,3.2528,3.157,3.24,5859495424
2025-07-28,3.2402,3.3319,3.1076,3.1239,8060553540
2025-07-29,3.1239,3.186,3.0527,3.1279,8060553540
2025-07-30,3.1282,3.1619,3.0001,3.0963,6642054656
2025-07-31,3.0966,3.1776,3.011,3.0224,9496832986
2025-08-01,3.0223,3.0584,2.8919,2.9596,9496832986
2025-08-02,2.9594,3.0199,2.7387,2.7689,7486237184
2025-08-03,2.7696,2.9623,2.7273,2.9486,5536857600
2025-08-04,2.9487,3.0911,2.9317,3.0712,6105465016
2025-08-05,3.0713,3.107,2.9,2.9615,5761767874
2025-08-06,2.9616,3.0192,2.9018,2.9911,4694230831
2025-08-07,2.9911,3.335,2.9645,3.3208,10531253248
2025-08-08,3.3203,3.3836,3.2,3.2863,10725932348
2025-08-09,3.2862,3.348,3.21,3.2267,6079636992
2025-08-10,3.2267,3.2796,3.1523,3.1877,5908133888
2025-08-11,3.1875,3.3329,3.1177,3.1299,8978122752
2025-08-12,3.1297,3.3069,3.105,3.2669,8909122577
2025-08-13,3.2667,3.335,3.2021,3.2759,9681690624
2025-08-14,3.2759,3.3527,3.0,3.0812,12234770540
2025-08-15,3.0811,3.1452,3.0039,3.08,7119201345
2025-08-16,3.0797,3.158,3.0735,3.1072,4171845770
2025-08-17,3.1074,3.1499,3.0788,3.0894,5037988352
2025-08-18,3.0893,3.0986,2.942,3.0624,8082538521
2025-08-19,3.0624,3.0825,2.8481,2.8601,7026863070
2025-08-20,2.8604,2.9915,2.81,2.9512,7007191461
2025-08-21,2.9512,2.9588,2.8414,2.8509,4660595472
2025-08-22,2.8509,3.1052,2.781,3.0721,10481878016
2025-08-23,3.0725,3.0736,2.967,3.0475,4711873113
2025-08-24,3.0477,3.1278,2.9876,3.0253,6655077888
2025-08-25,3.0253,3.0529,2.823,2.8588,7446594518
2025-08-26,2.8589,3.0828,2.8463,3.0128,7015039498
2025-08-27,3.0128,3.0458,2.962,2.9687,6656258780
2025-08-28,2.9683,3.026,2.9431,2.966,5961279099
2025-08-29,2.966,2.9767,2.7735,2.8195,8455152430
2025-08-30,2.8195,2.8355,2.7612,2.8186,3786859473
2025-08-31,2.8185,2.8698,2.7705,2.7757,3292986154
2025-09-01,2.7757,2.8396,2.6993,2.7592,8041446525
2025-09-02,2.7587,2.8647,2.748,2.8623,7493678799
2025-09-03,2.8621,2.8874,2.8112,2.8452,4435438842
2025-09-04,2.8451,2.8626,2.7845,2.7944,4948950528
2025-09-05,2.7942,2.8855,2.7777,2.814,6912100967
2025-09-06,2.814,2.8288,2.7928,2.8099,2098512724
2025-09-07,2.8099,2.9272,2.8096,2.8769,3861213414
2025-09-08,2.877,2.9962,2.8626,2.9692,6211003392
2025-09-09,2.9691,3.0367,2.9341,2.947,6130006998
2025-09-10,2.9471,3.0244,2.9347,2.9836,5916483406
2025-09-11,2.9835,3.0499,2.951,3.0405,5789549568
2025-09-12,3.0405,3.1394,3.0176,3.1067,6243311041
2025-09-13,3.1071,3.1879,3.09,3.121,5639007744
2025-09-14,3.1209,3.1278,3.0116,3.029,5576961697
2025-09-15,3.029,3.0683,2.9528,2.9975,6245961216
2025-09-16,2.9974,3.0596,2.9651,3.0382,6464944702
2025-09-17,3.038,3.1089,2.9808,3.0854,6753412608
2025-09-18,3.0854,3.1416,3.0562,3.0741,6464944702
2025-09-19,3.0741,3.0955,2.9802,2.991,6370715154
2025-09-20,2.9909,3.0115,2.9677,2.9768,3198580224
2025-09-21,2.9769,3.0154,2.9544,2.9719,4616257024
2025-09-22,2.9717,2.9771,2.69,2.8549,10061060584
2025-09-23,2.8549,2.8985,2.8014,2.825,10061060584
2025-09-24,2.825,2.9969,2.7902,2.9265,6565603840
2025-09-25,2.9263,2.9452,2.7245,2.7445,9262038626
2025-09-26,2.7444,2.8116,2.7001,2.7844,7991469350
2025-09-27,2.7844,2.8303,2.7632,2.8058,2924457406
2025-09-28,2.8057,2.87,2.7671,2.8687,3453818880
2025-09-29,2.8689,2.93,2.8458,2.881,5241844741
2025-09-30,2.8809,2.9085,2.814,2.8471,5241844741
2025-10-01,2.8469,2.9632,2.8147,2.9497,6674027520
2025-10-02,2.9496,3.1034,2.9411,3.0401,7399699456
2025-10-03,3.0401,3.097,3.0056,3.0417,6969299806
2025-10-04,3.0418,3.0551,2.94,2.9696,4164234298
2025-10-05,2.9697,3.072,2.9471,2.9704,5538745344
2025-10-06,2.9705,3.0522,2.9563,2.989,6393948188
2025-10-07,2.9888,3.0032,2.8501,2.8532,7404896256
2025-10-08,2.8533,2.9263,2.8319,2.8801,7275425947
2025-10-09,2.8799,2.881,2.7738,2.8034,5640441736
2025-10-10,2.8035,2.8386,1.771,2.3749,18728622080
2025-10-11,2.3749,2.5087,2.305,2.3844,11749648817
2025-10-12,2.3846,2.5861,2.3141,2.5307,9877639191
2025-10-13,2.5309,2.6479,2.515,2.6073,8579698636
2025-10-14,2.6074,2.6228,2.3899,2.5046,8358303560
2025-10-15,2.5046,2.5493,2.3765,2.4123,5540248401
2025-10-16,2.4121,2.4678,2.2593,2.3282,7426637312
2025-10-17,2.3283,2.4,2.1895,2.2941,7915224855
2025-10-18,2.2943,2.3925,2.2898,2.3602,2903249765
2025-10-19,2.3602,2.4205,2.318,2.3913,3673814528
2025-10-20,2.3913,2.5544,2.3552,2.4956,4680466571
2025-10-21,2.4955,2.5334,2.4019,2.4232,5162489261
2025-10-22,2.4231,2.4392,2.3248,2.3648,5162489261
2025-10-23,2.3649,2.4273,2.3619,2.3956,4563355252
2025-10-24,2.3955,2.516,2.3869,2.5108,4761673216
2025-10-25,2.5108,2.62,2.5026,2.5965,3953836546
2025-10-26,2.5962,2.6624,2.5925,2.6458,4028695552
2025-10-27,2.646,2.6975,2.6011,2.634,5654771816
2025-10-28,2.6338,2.6887,2.5681,2.604,5654771816
2025-10-29,2.6039,2.6644,2.537,2.5506,6124183294
2025-10-30,2.5506,2.5939,2.376,2.4391,6124183294
2025-10-31,2.4391,2.57,2.4338,2.5083,4637688037
2025-11-01,2.5084,2.5222,2.4751,2.5043,2469844986
2025-11-02,2.5042,2.5538,2.4779,2.5263,2469844986
2025-11-03,2.5263,2.5329,2.2617,2.309,9860892049
2025-11-04,2.309,2.3651,2.066,2.2048,10809730048
2025-11-05,2.2049,2.3778,2.1011,2.343,9860892049
2025-11-06,2.3426,2.4159,2.1788,2.2117,6893540144
2025-11-07,2.2119,2.3722,2.1457,2.3143,5982883574
2025-11-08,2.3142,2.337,2.2421,2.2861,3226988283
2025-11-09,2.2859,2.395,2.2389,2.3658,4208031488
2025-11-10,2.3656,2.5812,2.3453,2.5254,6474566793
2025-11-11,2.5253,2.5695,2.3776,2.3905,6474566793
2025-11-12,2.3907,2.4492,2.3158,2.3876,5428153856
2025-11-13,2.3874,2.5261,2.2751,2.3207,7594356106
2025-11-14,2.3208,2.3393,2.2229,2.2424,7594356106
2025-11-15,2.2425,2.3018,2.21,2.236,2923818163
2025-11-16,2.2356,2.2784,2.1543,2.213,4217661281
2025-11-17,2.2134,2.305,2.1119,2.1613,6068395312
2025-11-18,2.1616,2.2402,2.1045,2.2163,6144007301
2025-11-19,2.2158,2.2182,2.0232,2.1077,6618490721
2025-11-20,2.1075,2.1481,1.973,1.9974,9204368766
2025-11-21,1.9973,2.0282,1.8171,1.9497,9204368766
2025-11-22,1.9497,1.9657,1.8872,1.9497,4120199235
2025-11-23,1.9497,2.084,1.9484,2.0485,4120199235
2025-11-24,2.0482,2.2878,2.0229,2.2267,6505730022
2025-11-25,2.2267,2.2648,2.1456,2.2013,4910340958
2025-11-26,2.201,2.2542,2.1436,2.2226,3853143882
2025-11-27,2.2226,2.2346,2.1716,2.1994,2820875208
2025-11-28,2.1993,2.2759,2.156,2.1795,4359738368
2025-11-29,2.1796,2.2232,2.1672,2.2014,2108094066
2025-11-30,2.2015,2.2151,2.1528,2.1551,3406944000
2025-12-01,2.155,2.161,1.9822,2.0295,5482181614
2025-12-02,2.0294,2.1839,1.995,2.1535,5482181614
2025-12-03,2.1536,2.2196,2.1413,2.1977,4387656803
2025-12-04,2.1978,2.2145,2.07,2.0963,3860198446
2025-12-05,2.0963,2.1131,2.0131,2.0348,3315458822
2025-12-06,2.0346,2.0511,2.016,2.0312,2832015064
2025-12-07,2.0313,2.1114,1.9908,2.0444,2832015064
2025-12-08,2.0444,2.1242,2.0322,2.0724,2909008695
2025-12-09,2.0724,2.1777,2.0415,2.1065,3672298496
2025-12-10,2.1061,2.1124,2.0351,2.042,4140545536
2025-12-11,2.0421,2.0576,1.9781,2.0344,3560399350
2025-12-12,2.0342,2.048,1.9701,2.0072,2650764203
2025-12-13,2.0072,2.0482,2.0067,2.0231,1622802388
2025-12-14,2.0232,2.0308,1.9546,1.9786,1639521426
2025-12-15,1.9787,2.0142,1.8689,1.8979,3479993806
2025-12-16,1.8982,1.9492,1.852,1.9291,3093566806
2025-12-17,1.9293,1.9867,1.8468,1.8618,3450002332
2025-12-18,1.862,1.933,1.8001,1.8067,3853056261
2025-12-19,1.8066,1.92,1.7705,1.9083,3923807997
2025-12-20,1.9081,1.9579,1.8924,1.9325,1995691806
2025-12-21,1.9326,1.9491,1.8938,1.9215,2392341920
2025-12-22,1.9215,1.9486,1.8902,1.9032,2644702981
2025-12-23,1.9032,1.9088,1.863,1.8719,2201693264
2025-12-24,1.872,1.8771,1.8355,1.8613,1891794487
2025-12-25,1.861,1.888,1.8277,1.8316,1498817315
2025-12-26,1.8315,1.8819,1.8233,1.842,2252113960
2025-12-27,1.842,1.8773,1.8401,1.872,1040331569
2025-12-28,1.872,1.8778,1.852,1.8638,1043218992
2025-12-29,1.8638,1.9157,1.8422,1.8486,2303688120
2025-12-30,1.8487,1.8848,1.8417,1.8755,1804734447
2025-12-31,1.8754,1.8818,1.8091,1.839,2013265408
2026-01-01,1.8392,1.8786,1.8226,1.8772,1434233088
2026-01-02,1.8772,2.0303,1.8665,2.0061,3935262464
2026-01-03,2.0059,2.1385,1.9821,2.0176,2399089664
2026-01-04,2.0176,2.1199,2.0147,2.0901,3491451392
2026-01-05,2.0901,2.3687,2.0867,2.3475,7066009600
2026-01-06,2.3474,2.4168,2.2031,2.3032,7823657946
2026-01-07,2.3033,2.3195,2.1495,2.1633,4045149123
2026-01-08,2.1634,2.19,2.0632,2.1214,4715816749
2026-01-09,2.1214,2.1597,2.0701,2.0931,3557900155
2026-01-10,2.093,2.1077,2.0777,2.0881,1201952489
2026-01-11,2.0881,2.1074,2.043,2.0715,2496789248
2026-01-12,2.0714,2.1069,2.0324,2.0518,3811945251
2026-01-13,2.0517,2.1837,2.045,2.164,4297209828
2026-01-14,2.1642,2.1912,2.1103,2.1394,4297209828
2026-01-15,2.1394,2.1434,2.0523,2.0783,3029758067
2026-01-16,2.0782,2.0868,2.0255,2.0667,2318958402
2026-01-17,2.0667,2.0825,2.0524,2.0623,1668886889
2026-01-18,2.0622,2.067,1.9851,1.9906,3121598720
2026-01-19,1.9906,2.0288,1.85,1.9846,4017699865
2026-01-20,1.9844,1.9892,1.8667,1.8875,3640988928
2026-01-21,1.8878,1.9883,1.8697,1.9459,4343268403
2026-01-22,1.9458,1.9662,1.8993,1.9218,2512873447
2026-01-23,1.9217,1.9644,1.8846,1.917,2468508566
2026-01-24,1.9173,1.925,1.907,1.9114,970964578
2026-01-25,1.9113,1.914,1.8092,1.8335,2740774855
2026-01-26,1.8334,1.944,1.8307,1.9023,3015645189
2026-01-27,1.9022,1.9271,1.8716,1.913,3015645189
2026-01-28,1.9131,1.94,1.8916,1.9082,4595244677
2026-01-29,1.9082,1.9106,1.7748,1.8046,5054515535
2026-01-30,1.8046,1.8162,1.7087,1.7327,6222981594
2026-01-31,1.7327,1.7519,1.501,1.6455,6641726976
2026-02-01,1.6454,1.6786,1.551,1.5894,4092694363
2026-02-02,1.5894,1.656,1.529,1.6183,5046409178
2026-02-03,1.6181,1.643,1.5247,1.5769,4089022562
2026-02-04,1.5768,1.61,1.4913,1.5085,4190815541
2026-02-05,1.5086,1.5117,1.135,1.2122,11340956282
2026-02-06,1.2122,1.55,1.118,1.4686,11836014443
2026-02-07,1.4686,1.4868,1.3827,1.4223,5355780912
2026-02-08,1.4223,1.4684,1.4085,1.4299,2764477043
2026-02-09,1.4297,1.4633,1.3716,1.4363,3745179799
2026-02-10,1.4363,1.4524,1.391,1.399,3555158789
2026-02-11,1.3989,1.4198,1.3414,1.3687,3555158789
2026-02-12,1.3688,1.4074,1.3452,1.3624,2659528884
2026-02-13,1.3622,1.4277,1.3472,1.4062,2659528884
2026-02-14,1.4061,1.5127,1.4043,1.5085,6151095964
2026-02-15,1.5085,1.6705,1.4439,1.4746,6151095964
2026-02-16,1.4745,1.5159,1.4421,1.4867,3105203546
2026-02-17,1.4869,1.4945,1.426,1.4736,2375313128
2026-02-18,1.4735,1.493,1.4097,1.4211,2147876410
2026-02-19,1.4213,1.4373,1.3807,1.4062,2340954857
2026-02-20,1.4061,1.4393,1.3772,1.4285,2659190397
2026-02-21,1.4285,1.464,1.4193,1.4302,1404983725
2026-02-22,1.43,1.4335,1.3794,1.3928,1411435214
2026-02-23,1.3926,1.4251,1.3295,1.3512,3520566615
2026-02-24,1.3515,1.3678,1.3122,1.3481,3520566615
2026-02-25,1.3481,1.4932,1.3404,1.434,4394032382
2026-02-26,1.4339,1.4695,1.3826,1.4028,4394032382
2026-02-27,1.4027,1.4261,1.3367,1.356,3242202204
2026-02-28,1.3562,1.3932,1.2702,1.3761,4947084288
2026-03-01,1.3761,1.4335,1.3366,1.3525,4148957315
2026-03-02,1.3525,1.4228,1.3334,1.3902,3359722746
2026-03-03,1.39,1.3953,1.3364,1.3608,3336024593
2026-03-04,1.3607,1.4753,1.3452,1.4312,4413590814
2026-03-05,1.4312,1.4529,1.396,1.4037,4413590814
2026-03-06,1.4039,1.4151,1.3461,1.3631,2371949533
2026-03-07,1.3631,1.3754,1.347,1.357,1142130992
2026-03-08,1.3571,1.3715,1.3217,1.34,1647984917
2026-03-09,1.3402,1.384,1.3327,1.3632,2485298247
2026-03-10,1.363,1.4434,1.3608,1.3868,3354046878
2026-03-11,1.3868,1.4117,1.3707,1.3849,2329385563
2026-03-12,1.385,1.3937,1.365,1.385,1983452712
2026-03-13,1.3848,1.4534,1.3833,1.3988,3711359297
2026-03-14,1.3988,1.4092,1.3851,1.4068,1200364136
2026-03-15,1.4068,1.4646,1.4025,1.4489,2003420758
2026-03-16,1.4488,1.5525,1.4356,1.5431,4212735512
2026-03-17,1.5432,1.6072,1.4943,1.5187,4691836224
2026-03-18,1.5187,1.5421,1.436,1.4647,3025458578
2026-03-19,1.4647,1.4818,1.4219,1.4477,2465527619
2026-03-20,1.4477,1.4663,1.4246,1.445,1892003074
2026-03-21,1.445,1.4526,1.4006,1.4087,1506218307
2026-03-22,1.4087,1.4262,1.3712,1.3845,1736826096
2026-03-23,1.3847,1.4658,1.3612,1.4319,3394119378
2026-03-24,1.4319,1.4348,1.383,1.4154,3394119378
2026-03-25,1.4154,1.4375,1.4016,1.4141,2157301741
2026-03-26,1.4142,1.4161,1.3345,1.3601,2441248000
2026-03-27,1.36,1.3717,1.317,1.3249,2318878939
2026-03-28,1.3249,1.3575,1.3182,1.3323,1091211938
2026-03-29,1.3324,1.342,1.2958,1.3268,1205802675
2026-03-30,1.3269,1.3666,1.3155,1.3232,2032607100
2026-03-31,1.3232,1.349,1.303,1.3399,2032607100
2026-04-01,1.3398,1.368,1.3304,1.3479,2443821810
2026-04-02,1.3476,1.3569,1.2802,1.3197,2443821810
2026-04-03,1.32,1.3351,1.3032,1.3181,1328937719
2026-04-04,1.318,1.3225,1.306,1.3152,1448608453
2026-04-05,1.3152,1.3375,1.2789,1.326,1448608453
2026-04-06,1.326,1.3573,1.3121,1.3212,2008712422
2026-04-07,1.3212,1.3966,1.2944,1.3783,2513930089
2026-04-08,1.3782,1.39,1.339,1.3427,2598879679
2026-04-09,1.3425,1.3695,1.3219,1.3439,2599477603
2026-04-10,1.3438,1.3665,1.3351,1.3564,2051358320
2026-04-11,1.3565,1.3759,1.3404,1.3551,1575723074
2026-04-12,1.3552,1.3567,1.3201,1.325,1856380230
2026-04-13,1.3251,1.3843,1.3196,1.3763,2830660352
2026-04-14,1.3763,1.3966,1.3526,1.3625,2713028424
2026-04-15,1.3623,1.409,1.3509,1.3927,3008047872
2026-04-16,1.3927,1.467,1.387,1.4535,4064358391
2026-04-17,1.4537,1.5108,1.4227,1.4762,4234478695
2026-04-18,1.4761,1.4831,1.4236,1.4328,2528319824
2026-04-19,1.4328,1.449,1.3918,1.3945,3009846784
2026-04-20,1.3948,1.4376,1.3935,1.425,2883196759
2026-04-21,1.425,1.45,1.4116,1.434,2517333107
2026-04-22,1.4341,1.4631,1.427,1.4297,2601265527
2026-04-23,1.4298,1.4416,1.4092,1.4393,2601265527
2026-04-24,1.4394,1.451,1.4243,1.4338,2163141988
2026-04-25,1.4338,1.4382,1.419,1.4244,1259313752
2026-04-26,1.4244,1.4375,1.4182,1.431,1461480448
2026-04-27,1.4312,1.4473,1.3837,1.4006,2294516967
2026-04-28,1.4008,1.4008,1.3677,1.3803,2294516967
2026-04-29,1.3804,1.4065,1.3456,1.3687,2448860672
2026-04-30,1.369,1.3843,1.3584,1.3674,2374065372
2026-05-01,1.3673,1.4002,1.3644,1.3857,1774019955
2026-05-02,1.3857,1.4003,1.3811,1.3938,1161240004
2026-05-03,1.3939,1.404,1.3814,1.388,1493509888
2026-05-04,1.3878,1.4206,1.3829,1.3915,2612149555
2026-05-05,1.3915,1.422,1.3899,1.4128,2105391104
2026-05-06,1.4125,1.4572,1.4073,1.4249,2943543040
2026-05-07,1.4248,1.4258,1.38,1.3869,2087306229
2026-05-08,1.3869,1.4272,1.3817,1.4181,1763952896
2026-05-09,1.4181,1.4352,1.4112,1.4204,1345877667
2026-05-10,1.4204,1.5075,1.4116,1.4734,3388728064
2026-05-11,1.4733,1.4884,1.4398,1.4768,3049525295
2026-05-12,1.4767,1.4855,1.418,1.4369,2718223347
2026-05-13,1.4368,1.4691,1.411,1.4268,2419930112
2026-05-14,1.4267,1.5501,1.4202,1.4853,4065848320
2026-05-15,1.4851,1.5,1.4251,1.4335,2655244244
2026-05-16,1.4332,1.4388,1.3956,1.4132,1698250880
2026-05-17,1.4132,1.4286,1.3729,1.4008,1666449280
2026-05-18,1.4007,1.4021,1.3631,1.3892,2302506551
2026-05-19,1.3893,1.397,1.3517,1.3604,1927746048
2026-05-20,1.3604,1.3797,1.3465,1.3657,1741983318
2026-05-21,1.3656,1.385,1.3498,1.3727,1912040774
2026-05-22,1.3728,1.3748,1.3284,1.333,1960680113
2026-05-23,1.3331,1.3745,1.3001,1.3565,1960680113
2026-05-24,1.3567,1.3694,1.3308,1.3488,1198885447
2026-05-25,1.3492,1.3644,1.3418,1.349,1344350208
2026-05-26,1.3491,1.3641,1.325,1.3271,1730035811
2026-05-27,1.3272,1.3409,1.3014,1.3057,1878050770
2026-05-28,1.3055,1.3365,1.2656,1.3136,2564063217
2026-05-29,1.3136,1.3318,1.2926,1.328,2280698585
2026-05-30,1.3281,1.3643,1.326,1.339,1732274683
2026-05-31,1.339,1.3463,1.3178,1.3312,1201205120
2026-06-01,1.3313,1.339,1.2776,1.2954,2221780390
2026-06-02,1.2954,1.2956,1.194,1.2101,3140773533
2026-06-03,1.2103,1.2475,1.186,1.1994,2515511848
2026-06-04,1.1993,1.2107,1.1404,1.1676,3379235267
2026-06-05,1.1674,1.1737,1.0686,1.0974,4386058963
2026-06-06,1.0975,1.114,1.05,1.093,2333607289
2026-06-07,1.093,1.1718,1.0879,1.1551,2257569181
2026-06-08,1.155,1.186,1.1312,1.1677,2159313775
2026-06-09,1.1676,1.1762,1.1175,1.1369,1929043739
2026-06-10,1.1369,1.1406,1.0875,1.096,1965670775
2026-06-11,1.0961,1.149,1.0955,1.1415,1717799091
2026-06-12,1.1413,1.1567,1.1245,1.1319,1506707679
2026-06-13,1.1317,1.1603,1.1291,1.1503,1149569738
2026-06-14,1.1502,1.1872,1.1262,1.1854,1437132167
2026-06-15,1.1853,1.2928,1.1753,1.2374,3086911612
2026-06-16,1.2376,1.255,1.2038,1.2161,1771903275
2026-06-17,1.2162,1.2269,1.1703,1.1857,1927393024
2026-06-18,1.1857,1.1913,1.1307,1.1453,1868017792
2026-06-19,1.1452,1.152,1.1183,1.1349,1294601711
2026-06-20,1.1348,1.1543,1.133,1.1487,930203909
2026-06-21,1.1487,1.1521,1.1214,1.1236,1060179392
2026-06-22,1.1235,1.1629,1.1205,1.1284,1440361876
2026-06-23,1.1283,1.1327,1.0908,1.1088,1409653120
2026-06-24,1.1087,1.1124,1.0449,1.072,2230444032
2026-06-25,1.072,1.0882,1.0111,1.042,2588667392
2026-06-26,1.042,1.0541,1.0072,1.0477,2482558191
2026-06-27,1.0475,1.076,1.0424,1.046,1210389219
2026-06-28,1.0459,1.0575,1.0315,1.0468,1222776064
2026-06-29,1.0469,1.0751,1.0306,1.0574,1873685545
2026-06-30,1.0573,1.0576,1.0254,1.0383,1564624128
2026-07-01,1.0384,1.0727,1.0205,1.0519,1703110348
2026-07-02,1.0519,1.1113,1.0438,1.087,1837006080
2026-07-03,1.0869,1.1445,1.0815,1.1339,1769304064
2026-07-04,1.1338,1.1832,1.1304,1.1563,1867150976
2026-07-05,1.1565,1.1685,1.1239,1.1562,1260525312
2026-07-06,1.1562,1.1638,1.1082,1.1443,1818485632
2026-07-07,1.1443,1.1506,1.1066,1.1113,1477526528
2026-07-08,1.1112,1.116,1.0684,1.09,1587960002
2026-07-09,1.0899,1.1019,1.0812,1.0926,1047481792
2026-07-10,1.0926,1.1175,1.0881,1.1039,1108026772
2026-07-11,1.104,1.1186,1.0959,1.0961,740506112
2026-07-12,1.096,1.1032,1.0803,1.0854,866488128
2026-07-13,1.0853,1.1023,1.0524,1.0662,1229269893
2026-07-14,1.0663,1.1202,1.0598,1.1112,1335411712
2026-07-15,1.1112,1.1293,1.0982,1.1127,1247827328
2026-07-16,1.1124,1.1174,1.0846,1.0863,1120775936
2026-07-17,1.0861,1.095,1.0687,1.0884,1037893587
2026-07-18,1.0882,1.0974,1.0824,1.0922,614796288
2026-07-19,1.0923,1.1009,1.0881,1.097,727890112
2026-07-20,1.0971,1.1197,1.0822,1.1117,1265516612
2026-07-21,1.1114,1.1641,1.1105,1.1432,1563133952
2026-07-22,1.1433,1.161,1.1278,1.1417,1540417491
2026-07-23,1.1417,1.1446,1.1,1.1071,1064388710
2026-07-24,1.1071,1.1208,1.0837,1.091,1027010233
2026-07-25,1.0909,1.107,1.0845,1.0967,590116721
2026-07-26,1.0967,1.1157,1.0944,1.1121,675572032
2026-07-27,1.1122,1.1144,1.062,1.0653,1315364480
2026-07-28,1.0654,1.0692,1.044,1.0678,1301909504
2026-07-29,1.0677,1.0925,1.0608,1.0725,1572779699
2026-07-30,1.0724,1.0938,1.0672,1.0821,1034315200
2026-07-31,1.0821,1.0889,1.0561,1.0609,1130852291
2026-08-01,1.061,1.0662,1.0466,1.0608,691521856
2026-08-02,1.0609,1.092,1.06,1.0858,839647017
2026-08-03,1.0858,1.0867,1.0615,1.0749,1109062528
2026-08-04,1.0749,1.0823,1.0688,1.073,1008567872
2026-08-05,1.0729,1.0761,1.0537,1.0613,1187424000
2026-08-06,1.0613,1.0626,1.029,1.0342,1495128903
2026-08-07,1.0341,1.0422,1.0121,1.0204,1671236992
2026-08-08,1.0203,1.048,1.0195,1.0388,744201731
2026-08-09,1.0387,1.0469,1.0274,1.0292,793194048
2026-08-10,1.029,1.0401,1.0,1.0114,1165538808
2026-08-11,1.0113,1.0257,0.9905,1.0219,1460073728
2026-08-12,1.022,1.0247,1.0,1.0046,1044979456
2026-08-13,1.0045,1.0142,0.9974,1.0085,932595519
2026-08-14,1.0085,1.0133,0.9874,0.9986,1099149312
2026-08-15,0.9986,1.007,0.9971,1.0016,509880454
2026-08-16,1.0017,1.0026,0.9895,0.9926,669001728
2026-08-17,0.9925,1.0076,0.9873,1.0022,946822976
2026-08-18,1.0024,1.0057,0.9881,1.0013,900420683
2026-08-19,1.0013,1.136,0.9953,1.1054,3478212352
2026-08-20,1.1054,1.3439,1.0864,1.2677,7806633472
2026-08-21,1.2676,1.4758,1.2586,1.4541,11423517696
2026-08-22,1.4543,1.6996,1.34,1.4619,15435859488
2026-08-23,1.4619,1.551,1.4345,1.5205,6567281398
2026-08-24,1.5205,1.5299,1.4529,1.4813,6718048256
2026-08-25,1.4812,1.55,1.4056,1.4343,5053118244
2026-08-26,1.4342,1.4505,1.3572,1.4227,4102806528
2026-08-27,1.423,1.4746,1.3872,1.4532,3921232640
2026-08-28,1.4534,1.473,1.363,1.3837,3751312647
2026-08-29,1.3838,1.4034,1.3719,1.3966,1273851648
2026-08-30,1.3963,1.4336,1.335,1.3575,2413421056
2026-08-31,1.3577,1.3967,1.3391,1.3797,2125263104
